Date,Close,High,Low,Open,Volume,SMA_200,Signal
2005-01-03,80.97351837158203,81.95623873475755,80.70427872002125,81.82161634131755,55748000,,0
2005-01-04,79.98406219482422,81.13505664923825,79.72155495795711,81.08120769415807,69167600,,0
2005-01-05,79.43215942382812,80.26679806646152,79.42542701754682,79.92351724061434,65667300,,0
2005-01-06,79.83599853515625,80.19947136273552,79.60041572153641,79.7215733307295,47814700,,0
2005-01-07,79.72158813476562,80.25333523300564,79.51292463082262,80.0783286238241,55847700,,0
2005-01-10,80.0984878540039,80.40811164459622,79.65424167490251,79.65424167490251,56563300,,0
2005-01-11,79.54658508300781,79.92351767165161,79.41869503958023,79.8562090144397,63099700,,0
2005-01-12,79.80908203125,79.9908158955505,79.10232838440437,79.69465681538226,72720500,,0
2005-01-13,79.16963195800781,79.91676967049396,79.08885850911307,79.85618829999291,55537500,,0
2005-01-14,79.5869140625,79.7821126277834,79.26383067778924,79.40518030051493,42032500,,0
2005-01-18,80.41490173339844,80.51586731337804,79.39179138807845,79.45910519828,57391700,,0
2005-01-19,79.57349395751953,80.44851660020338,79.56676155252309,80.3879403611965,54378900,,0
2005-01-20,79.08889770507812,79.56006355217083,78.94754795095031,79.351405124933,72049300,,0
2005-01-21,78.60421752929688,79.42539617581659,78.5167168229029,79.28404651072506,63160400,,0
2005-01-24,78.44942474365234,78.9811666331909,78.32826712868041,78.8128924532477,58441900,,0
2005-01-25,78.67155456542969,79.06868436006388,78.56386174447003,78.69175178372326,68245000,,0
2005-01-26,78.9071044921875,79.15614690912425,78.77921451463486,78.96768071187955,57195100,,0
2005-01-27,79.04171752929688,79.25710819115521,78.7388261763243,78.88017581673273,55878800,,0
2005-01-28,79.04171752929688,79.12249095323817,78.48977863732748,79.08210167360829,60738900,,0
2005-01-31,79.53311920166016,79.59369544782918,79.23022256485216,79.39176435662384,52532700,,0
2005-02-01,80.0379409790039,80.15236619970483,79.49272909243199,79.59369463700611,49841200,,0
2005-02-02,80.2802505493164,80.49564131312329,80.0312080277615,80.13890084200449,52468900,,0
2005-02-03,80.0715560913086,80.20617846756959,79.80904887674787,80.1388647117798,48837100,,0
2005-02-04,80.92642211914062,81.06103941103189,80.085051206519,80.09851088157991,50024600,,0
2005-02-07,80.8187026977539,81.12159409166843,80.74466166629584,80.93986028238355,45412000,,0
2005-02-08,80.91297149658203,81.20913575305883,80.81873834867058,80.88604700641855,39263500,,0
2005-02-09,80.3071517944336,81.10140596897325,80.26676764269544,81.05428941350561,55279400,,0
2005-02-10,80.59658813476562,80.78505436740163,80.27350463176668,80.54274430781226,45858600,,0
2005-02-11,81.28987121582031,81.47161016710089,80.408116344651,80.56965808498538,53133000,,0
2005-02-14,81.22930908203125,81.35046669213241,81.09469179761672,81.23604148684804,32432100,,0
2005-02-15,81.53219604492188,81.73412709573185,81.22930460402684,81.31007805141482,43852700,,0
2005-02-16,81.58602142333984,81.7542955385935,81.22254871815376,81.39755523590671,55523000,,0
2005-02-17,80.92642211914062,81.66682749518357,80.91968971394991,81.59951884923794,58124000,,0
2005-02-18,81.03412628173828,81.0947076663036,80.70431027565982,80.93316073101025,47723300,,0
2005-02-22,79.82928466796875,81.08797761491135,79.81582499063072,80.70431261926039,80697600,,0
2005-02-23,80.4013900756836,80.48216351967352,79.84272377787575,80.05138208903338,68292600,,0
2005-02-24,80.93312072753906,80.98696967935382,80.08502284539068,80.26002423581062,68563600,,0
2005-02-25,81.73410034179688,81.89564204837562,80.89272979769343,80.95330601191611,60899900,,0
2005-02-28,81.19564819335938,81.64662685810416,80.79852362917573,81.54566133210697,69381300,,0
2005-03-01,81.59949493408203,81.79468840952094,81.29659841311876,81.32352289067009,47294400,,0
2005-03-02,81.55909729003906,82.0706520404405,81.20908938838659,81.28313041023358,64226500,,0
2005-03-03,81.5927963256836,82.05050236299498,81.24278310786369,81.88896056609718,61230800,,0
2005-03-04,82.60919189453125,82.67650056325022,81.97647911086399,82.15148575779111,56168500,,0
2005-03-07,82.64952850341797,82.95915230959274,82.38702125176286,82.5620277979727,43442400,,0
2005-03-08,82.3399429321289,82.7909166112741,82.19186079621338,82.56879340740079,44362000,,0
2005-03-09,81.42452239990234,82.31300998884588,81.41778999387336,82.0976192138087,73263600,,0
2005-03-10,81.60623168945312,81.78123824622342,81.04083300109932,81.57930720877157,65149000,,0
2005-03-11,81.03412628173828,81.92934629070105,80.87931688790036,81.65337412773249,57976500,,0
2005-03-14,81.5389633178711,81.55242813252035,80.96009953568426,81.18222275949779,36336400,,0
2005-03-15,80.8658218383789,81.75430910898537,80.82543768731658,81.72738462983737,62438500,,0
2005-03-16,80.17926025390625,80.87928125917574,80.031178196114,80.56965233725433,74874200,,0
2005-03-17,80.34078979492188,80.59656458801327,80.08501500183048,80.30713291950434,62584200,,0
2005-03-18,80.10226440429688,80.77124592978097,79.83872607136405,80.48743621054408,60232000,,0
2005-03-21,79.80496215820312,80.26446596280319,79.57521283364886,80.2171643280131,61244300,,0
2005-03-22,78.99409484863281,80.36584774872911,78.99409484863281,79.987434577804,92472400,,0
2005-03-23,79.06166076660156,79.54819488850558,78.89272559402336,79.027871669889,70817300,,0
2005-03-24,79.15626525878906,79.73064382322195,79.10220476542088,79.37250207676942,51932500,,0
2005-03-28,79.2711181640625,79.69683798802227,79.2711181640625,79.345450033151,46765500,,0
2005-03-29,78.7440414428711,79.66980780504211,78.55483492341797,79.15624356974723,71160300,,0
2005-03-30,79.8589859008789,79.87249843796286,78.90618963855187,78.91294848483842,62002100,,0
2005-03-31,79.71037292480469,80.04824327722696,79.64955873600505,79.86579555533561,64575400,,0
2005-04-01,79.3521957397461,80.40634911879195,79.00081299856085,80.16308216124442,95255300,,0
2005-04-04,79.48735046386719,79.6427730420133,78.88594185169825,79.30490280346937,71581200,,0
2005-04-05,79.86577606201172,79.99416325886108,79.51438809418217,79.58871996601184,46853900,,0
2005-04-06,80.1427993774414,80.37930745378863,79.85898968582475,80.04143730029563,53268200,,0
2005-04-07,80.5752944946289,80.58881219148876,79.95361448183672,80.01443380672444,46734600,,0
2005-04-08,79.73737335205078,80.55501868047651,79.73737335205078,80.5279884437322,63772900,,0
2005-04-11,79.79816436767578,80.02115988950464,79.62247561304305,79.93331551218827,44945000,,0
2005-04-12,80.21041107177734,80.4536781120872,79.10895569600734,79.66306280882607,86144800,,0
2005-04-13,79.26434326171875,80.27795376299142,79.14946348673574,80.11577237083527,65949000,,0
2005-04-14,78.23046875,79.39950198379421,78.23046875,79.33192897065076,96119800,,0
2005-04-15,77.13578033447266,78.52104528823824,77.10199124673822,78.21020527194707,128677300,,0
2005-04-18,77.37226104736328,77.68310095343635,77.00736068228034,77.11548160030009,100035200,,0
2005-04-19,77.98721313476562,78.06829869478892,77.59528240968353,77.7777300752268,64930100,,0
2005-04-20,76.8992691040039,78.13587027094962,76.73033398308604,77.96693515003177,107735900,,0
2005-04-21,78.39265441894531,78.52780045256043,77.29119413856827,77.5682502096172,86952200,,0
2005-04-22,78.09534454345703,78.72378353670794,77.216879660679,78.21021921344577,88845800,,0
2005-04-25,78.60891723632812,78.72379191854773,78.196714994959,78.29131828096249,52284100,,0
2005-04-26,77.84529876708984,78.90621108085269,77.81151483745481,78.35886295915374,72626000,,0
2005-04-27,78.1493911743164,78.43320095178588,77.33174577418333,77.6155555516528,84131900,,0
2005-04-28,77.16954040527344,78.1696383203775,77.16954040527344,77.89258232199775,72481500,,0
2005-04-29,78.21696472167969,78.29805543957093,77.01414742816006,77.7574609646113,103993800,,0
2005-05-02,78.65621185302734,78.6629707029931,78.06155678784843,78.43321620358525,56026400,,0
2005-05-03,78.79132843017578,78.9602635276485,78.17640735622992,78.43318684841203,86000300,,0
2005-05-04,79.39952850341797,79.56846367044652,78.57512406343992,78.82514996661934,81055700,,0
2005-05-05,79.37248229980469,79.73738280588036,78.88594829170378,79.51438719291893,96906700,,0
2005-05-06,79.12242126464844,79.73058850434946,79.1021498825732,79.690045740199,67415400,,0
2005-05-09,79.61575317382812,79.79144716429164,79.09543520711756,79.20355101667799,43750500,,0
2005-05-10,78.79132843017578,79.39949581217556,78.64942356695751,79.30489257003005,74613500,,0
2005-05-11,79.22380828857422,79.33192923435547,78.284529482934,79.0143304004861,91647400,,0
2005-05-12,78.35211181640625,79.4603258650356,78.35211181640625,79.27787819169036,95086800,,0
2005-05-13,78.19669342041016,78.80486091656175,77.57501338234009,78.58862415742908,85267000,,0
2005-05-16,78.92648315429688,78.9535082342778,78.15613948758374,78.18316456756466,49207000,,0
2005-05-17,79.45354461669922,79.53463015206893,78.49399464123621,78.66292971390882,61071800,,0
2005-05-18,80.2712173461914,80.46718271652122,79.74414056312759,79.79819588679464,77944900,,0
2005-05-19,80.60909271240234,80.69018343627471,80.2104030977275,80.42663987256239,61768100,,0
2005-05-20,80.49419403076172,80.67664166066042,80.23740939288004,80.64285258025815,46345500,,0
2005-05-23,80.94020080566406,81.1158947890575,80.54151636293449,80.55502890527652,51047900,,0
2005-05-24,80.75103759765625,80.9740333321064,80.54831326533905,80.71049479339038,50654100,,0
2005-05-25,80.690185546875,81.00102559661255,80.29825477114402,80.64963760613253,47608800,,0
2005-05-26,81.1226806640625,81.23079650529115,80.83211192973947,80.94698662213645,43256200,,0
2005-05-27,81.2577896118164,81.2577896118164,80.95370846964408,81.1293972757705,24596100,,0
2005-05-31,80.7374496459961,81.20370692608984,80.68338918713363,81.14289277648639,43377200,,0
2005-06-01,81.42672729492188,81.71053705730425,80.71719773347525,80.76449936053896,69611000,,0
2005-06-02,81.60243225097656,81.65648757812106,81.15644100246764,81.2442905756238,39704500,,0
2005-06-03,81.1902084350586,81.69025487732189,80.90639871016509,81.46050562064336,60999400,,0
2005-06-06,81.11589050292969,81.22400630242667,80.78477910038839,81.0550711768763,36046400,,0
2005-06-07,81.17671966552734,81.93355102374436,81.09563408980212,81.35241367208505,66501300,,0
2005-06-08,81.0280532836914,81.48755191669106,80.86587183681833,81.37943610760036,46881200,,0
2005-06-09,81.41322326660156,81.48079629011669,80.71045247996359,80.91317155050896,56653300,,0
2005-06-10,81.22402954101562,81.52811594730144,80.81858615479358,81.46729660384733,36465300,,0
2005-06-13,81.48084259033203,81.81871305538849,80.96051918706837,81.0483688074993,49383200,,0
2005-06-14,81.66996002197266,81.89970921263057,81.34560246138017,81.39290406860319,33857100,,0
2005-06-15,81.82543182373047,81.92679395107756,81.2442996149572,81.87273861791881,53195600,,0
2005-06-16,82.03490447998047,82.197080769785,81.71054674488008,81.80515001022367,46564500,,0
2005-06-17,82.3388671875,82.70524048546571,82.24388209280143,82.46099162015524,51529400,,0
2005-06-20,82.36600494384766,82.6645273030397,82.05391032778816,82.14889542066283,41019400,,0
2005-06-21,82.41349792480469,82.53562235575876,82.11497038773932,82.4338511339138,39879800,,0
2005-06-22,82.4813232421875,82.73235817036007,82.14208937096417,82.55595510796049,46310100,,0
2005-06-23,81.32117462158203,82.50170748826183,81.30082140985824,82.31173727710647,62185600,,0
2005-06-24,80.72411346435547,81.42293457699803,80.62912319563674,81.33473043668049,58572500,,0
2005-06-27,80.83944702148438,81.01585011546764,80.56805884065605,80.71732259892657,48183800,,0
2005-06-28,81.51791381835938,81.57897344068951,80.98870971963572,81.0090629270791,41174200,,0
2005-06-29,81.30077362060547,81.6874999449366,81.25328109573312,81.6671467451766,42316500,,0
2005-06-30,80.85977935791016,81.63323210903522,80.70372951191581,81.56538637541503,62288800,,0
2005-07-01,81.09722900390625,81.28041814922054,80.88011958537227,81.04295035519854,49737500,,0
2005-07-05,81.74860382080078,81.85716118004686,80.86659857027546,80.90730499184284,51549000,,0
2005-07-06,81.06329345703125,81.85709913370225,81.0158009424346,81.68069614678784,52363600,,0
2005-07-07,81.38221740722656,81.38221740722656,80.23561024834878,80.2559634558586,103268800,,0
2005-07-08,82.31173706054688,82.31173706054688,81.22618930230078,81.39580630128611,64491200,,0
2005-07-11,82.73235321044922,82.84090535105783,82.3049152455025,82.31848749826469,49688300,,0
2005-07-12,82.94950866699219,83.20053854302385,82.52885659515712,82.76631938720085,51871100,,0
2005-07-13,83.0648193359375,83.12587895800029,82.76629182461122,82.95626199498288,41182300,,0
2005-07-14,83.3904800415039,83.75006714841246,83.10551963063239,83.4379725805994,63638800,,0
2005-07-15,83.3429946899414,83.47869137627221,83.01733299534607,83.30907440058319,56075900,,0
2005-07-18,83.01053619384766,83.200506353986,82.80699895497025,83.11230740143567,56598400,,0
2005-07-19,83.46510314941406,83.5261679406537,83.05124257011558,83.25477979621836,59165700,,0
2005-07-20,83.75007629394531,83.94683259919779,82.97662332918676,83.17337445814015,69477000,,0
2005-07-21,83.2615966796875,83.8654328065533,83.0919796737971,83.82472638155568,101110900,,0
2005-07-22,83.81792449951172,83.8314915798611,83.20051622948007,83.37013320349327,52607100,,0
2005-07-25,83.58042907714844,84.09606074951435,83.34974739105023,83.7296927841007,57301600,,0
2005-07-26,83.68221282958984,83.81112336317169,83.41761081161538,83.60758613658273,42758800,,0
2005-07-27,83.9875717163086,84.05541749508436,83.48550674180657,83.79081533444808,43181600,,0
2005-07-28,84.51673889160156,84.56423143350125,83.88576359133496,84.10287309377622,47880700,,0
2005-07-29,83.95360565185547,84.55744159075049,83.79077482625308,84.4081830201225,62358100,,0
2005-08-01,83.89253234863281,84.15713433818621,83.75683570251712,84.01465674198806,40418200,,0
2005-08-02,84.39459991455078,84.53707751567188,83.95359485795808,84.0417989750554,45147400,,0
2005-08-03,84.61849212646484,84.63205920285442,84.2114125429066,84.29961148018327,36837200,,0
2005-08-04,83.94004821777344,84.34034178843467,83.83827699896659,84.28606829119701,50855600,,0
2005-08-05,83.37012481689453,84.11644356851619,83.22764719421187,83.75685127168997,53595500,,0
2005-08-08,83.21405792236328,83.72969478333843,83.03086875898516,83.55329174579215,47616000,,0
2005-08-09,83.71614074707031,83.85183223544738,83.36333977151084,83.49224513257951,47170000,,0
2005-08-10,83.67540740966797,84.4692132314596,83.32938749646515,84.00785507262145,72863700,,0
2005-08-11,84.00791931152344,84.15039699031001,83.45836181101798,83.63475978877234,58570200,,0
2005-08-12,83.49226379394531,83.91970191283696,83.2819403870619,83.83828389583387,54776900,,0
2005-08-15,84.00791931152344,84.04184478679201,83.33623734687224,83.60083948980456,36208500,,0
2005-08-16,82.9155502319336,83.80434140439905,82.83413223146937,83.7500679137215,71942100,,0
2005-08-17,82.90878295898438,83.36336042791301,82.79344464765462,82.90200200629423,62275100,,0
2005-08-18,82.9019546508789,83.15298434081474,82.66448685857652,82.80696960447668,53388600,,0
2005-08-19,83.09195709228516,83.32941980073754,82.90876787697987,83.20050925487817,39842100,,0
2005-08-22,83.09195709228516,83.60759409942378,82.691658375495,83.16658896869859,69912000,,0
2005-08-23,82.9358901977539,83.18692511021843,82.1963628893847,83.1122932491154,55168600,,0
2005-08-24,82.19635772705078,83.26833786802523,82.15564614772562,82.732347797538,79104600,,0
2005-08-25,82.49491119384766,82.54918986928952,82.2370952499479,82.33208034382146,35631100,,0
2005-08-26,81.93179321289062,82.42707193048747,81.87751453317323,82.42029097774764,61956800,,0
2005-08-29,82.56275177001953,82.62381139000804,81.67395539411845,81.69431377708004,56179200,,0
2005-08-30,82.12855529785156,82.29817230162548,81.68076392326434,82.26424683035063,74160200,,0
2005-08-31,83.16655731201172,83.22083596079692,81.91817427143665,82.2234877886307,102945200,,0
2005-09-01,83.10552215576172,83.55331340338111,82.18959163034778,83.12587536223556,74578700,,0
2005-09-02,82.95624542236328,83.37011114354947,82.80020074628855,83.34975794026127,47653400,,0
2005-09-06,83.92647552490234,83.99432645462029,83.2140873495566,83.22087347778825,57251300,,0
2005-09-07,84.06893920898438,84.2181977620268,83.76362562361585,83.878963895816,41749700,,0
2005-09-08,83.79075622558594,84.12999005645875,83.66184571343908,83.89931353608802,39068700,,0
2005-09-09,84.53707885742188,84.6320639263435,83.99430777448363,84.01466097835284,43093900,,0
2005-09-12,84.36748504638672,84.5845945743257,84.31320637032711,84.4353308033115,33017600,,0
2005-09-13,83.89933776855469,84.41496961347605,83.80434750628079,84.21821331358541,58427500,,0
2005-09-14,83.59403991699219,84.07575156579874,83.46512934326229,83.95362712129146,57694600,,0
2005-09-15,83.55329132080078,83.89252514250416,83.3836744099491,83.85181356401758,73156900,,0
2005-09-16,84.1474609375,84.31098491212859,83.71820855472494,84.01119182503176,75424100,,0
2005-09-19,83.86810302734375,84.18153134499501,83.56149492319233,84.127021620331,53355300,,0
2005-09-20,83.15947723388672,84.22239061541103,83.03683298230067,83.9430322430025,84480300,,0
2005-09-21,82.38273620605469,83.03683718148083,82.29415662089339,82.98232746727888,94469100,,0
2005-09-22,82.67574310302734,82.89378203599816,82.0625267982169,82.410014651387,84597200,,0
2005-09-23,82.74385833740234,83.05046639890647,82.37592554459776,82.60758404469728,59368100,,0
2005-09-26,82.83927917480469,83.28897151552616,82.49860111127776,83.13907233584077,70415400,,0
2005-09-27,82.81884002685547,83.1186331904404,82.4577169098455,82.79839497626888,66150800,,0
2005-09-28,82.90055847167969,83.20717169895282,82.58032041574944,83.07771243421536,58620500,,0
2005-09-29,83.5750961303711,83.71136519670152,82.4985528320331,82.81879085607443,66607700,,0
2005-09-30,83.83404541015625,83.83404541015625,82.94828050391874,83.54787712906435,47824200,,0
2005-10-03,83.53423309326172,84.0384350085145,83.43202866762498,83.77952163545669,50994800,,0
2005-10-04,82.59396362304688,83.82721614743939,82.55308393221978,83.66369218579796,60776300,,0
2005-10-05,81.51060485839844,82.65528298412882,81.46972516765797,82.61440329338834,106052100,,0
2005-10-06,81.21759033203125,81.93983084639336,80.51579485349824,81.61277785143095,140941800,,0
2005-10-07,81.49701690673828,81.79681530338831,81.16996363781686,81.55833647059741,75661400,,0
2005-10-10,80.80878448486328,81.5650897230926,80.60438089511543,81.54464988395095,52677000,,0
2005-10-11,80.69300842285156,81.34710969794796,80.61805883106955,81.07456620040742,75629800,,0
2005-10-12,80.05933380126953,81.16994226260181,79.99801425355824,80.66574025419541,100510400,,0
2005-10-13,80.01161193847656,80.45449424889881,79.63686416850416,80.03205178077829,99052900,,0
2005-10-14,80.85649871826172,80.9518881228655,80.10019329723706,80.48175611398482,88651000,,0
2005-10-17,81.15628814697266,81.26530236968142,80.7065908326772,80.94506951662109,68109300,81.2064165878296,0
2005-10-18,80.2773666381836,81.05411209062933,80.26374180495382,81.04048725739956,74996900,81.2029358291626,0
2005-10-19,81.61282348632812,81.6264535178356,79.80041917087732,80.05933258784631,116563800,81.21107963562012,1
2005-10-20,80.1751708984375,81.63327253400713,79.92307246881482,81.41523879032385,131966700,81.21479469299317,0
2005-10-21,80.48859405517578,80.93147655892695,80.06615660098332,80.59761352615092,96579500,81.21805767059327,0
2005-10-24,81.7354507446289,81.82402513763303,80.67935224958171,80.69979209424937,71308400,81.22812698364258,1
2005-10-25,81.57193756103516,81.92624037817234,81.04048073616265,81.57193756103516,76594500,81.23549423217773,1
2005-10-26,81.33343505859375,82.13062001212523,81.21079081971725,81.42882444457196,80855800,81.24442848205567,1
2005-10-27,80.46813201904297,81.33345693675267,80.35230276181665,81.21762248119329,66623100,81.24772373199463,0
2005-10-28,81.62643432617188,81.72863354677973,80.46812624206687,80.69297492406953,72322000,81.26000774383544,1
2005-10-31,81.85128784179688,82.64847824857316,81.85128784179688,81.9603072882506,77698900,81.27132961273193,1
2005-11-01,82.0965576171875,82.37591598606787,81.9125938412979,82.15788234137213,66365100,81.27973789215088,1
2005-11-02,82.95506286621094,82.95506286621094,81.85126467577031,81.87851952966992,74012300,81.29664573669433,1
2005-11-03,83.30937194824219,83.5751054945244,82.95506921708632,83.22761257861589,84897600,81.31774810791016,1
2005-11-04,83.20035552978516,83.43882901546368,82.81879795269951,83.39794933172796,59156000,81.3407287979126,1
2005-11-07,83.28214263916016,83.54787105203633,83.02322404319521,83.37753205925245,46765400,81.36489238739014,1
2005-11-08,83.28214263916016,83.41159673880911,82.98234434839381,83.0777337684861,42152800,81.38794532775879,1
2005-11-09,83.39115905761719,83.77271674789787,83.03004121526817,83.17994036454519,57666800,81.41036560058593,1
2005-11-10,84.0384292602539,84.16107352296248,82.95507593827205,83.3570734003913,79048100,81.43534915924073,1
2005-11-11,84.32461547851562,84.37912000484941,83.41841079967314,84.04525703834608,34867000,81.46176364898682,1
2005-11-14,84.27693939208984,84.50178295894342,84.06571546191248,84.34507396381319,45092200,81.48548274993897,1
2005-11-15,83.97029876708984,84.54945023626155,83.71138539924435,84.18152262870902,69592500,81.50514453887939,1
2005-11-16,84.14063262939453,84.18151751534255,83.79314488799842,84.05887325416374,51133000,81.52444644927978,1
2005-11-17,84.9241943359375,84.93100935009964,83.90216054158812,84.27009333135382,55717500,81.54870964050293,1
2005-11-18,85.25802612304688,85.36023050483057,84.71294475075184,85.21033143799193,72437200,81.57036766052246,1
2005-11-21,85.68728637695312,85.789490762184,85.1558298117498,85.27165902245699,50021200,81.59471057891845,1
2005-11-22,86.05525207519531,86.2051460062923,85.45565555747552,85.55104496741586,66438800,81.62042198181152,1
2005-11-23,86.55268096923828,86.81159966328603,85.99396906919094,86.02122394216099,50854700,81.65164962768554,1
2005-11-25,86.62078094482422,86.68210568408959,86.40274724651047,86.51858170993764,15270000,81.68177059173584,1
2005-11-28,86.00755310058594,86.71615862544198,85.87809382280804,86.70253379541244,54498500,81.70535900115966,1
2005-11-29,85.91217803955078,86.51858967962704,85.91217803955078,86.29374094549769,51738900,81.72877334594726,1
2005-11-30,85.44880676269531,86.20510668270244,85.36704222075886,85.95982345355428,56007200,81.74835639953614,1
2005-12-01,86.32098388671875,86.55264240624696,85.83722180329237,85.86447146578601,65468200,81.77203121185303,1
2005-12-02,86.43000793457031,86.58672210251572,86.19153437320448,86.37549820673418,46699400,81.79954914093018,1
2005-12-05,86.24603271484375,86.34823714146002,85.97348930997808,86.3277920974703,59273400,81.8256086730957,1
2005-12-06,86.40958404541016,87.03643043629805,86.28012471747266,86.5662982422995,57935200,81.8585101699829,1
2005-12-07,85.90535736083984,86.44362917221486,85.63281394771748,86.37548942018435,66816500,81.88603000640869,1
2005-12-08,85.85084533691406,86.40955697958606,85.49654254818701,86.00074447002928,62608600,81.91061862945557,1
2005-12-09,86.07567596435547,86.38228398256514,85.72818306494105,85.95984673066133,50744500,81.93232650756836,1
2005-12-12,86.15741729736328,86.43677560074279,85.82355449433855,86.33457121662026,48389900,81.95713535308838,1
2005-12-13,86.74340057373047,87.00912890558607,86.0484199823386,86.13699436017981,88630900,81.98285488128663,1
2005-12-14,87.0840835571289,87.27486235032156,86.62757641651334,86.66164628601156,64375000,82.01047981262207,1
2005-12-15,86.83202362060547,87.21358137565691,86.65486957790249,87.10456190373677,55900300,82.03667594909668,1
2005-12-16,86.55253601074219,87.23750384544202,86.55253601074219,87.18270516445247,46238300,82.05639266967773,1
2005-12-19,86.10728454589844,86.90184954577897,86.09358749198846,86.80595449074353,48733000,82.07368144989013,1
2005-12-20,86.18948364257812,86.71005531199074,85.94974600194223,86.21003183664854,46603200,82.09292915344238,1
2005-12-21,86.32647705078125,86.82650576338703,86.16893740873184,86.45662258403934,51806900,82.11743892669678,1
2005-12-22,86.77857971191406,86.77857971191406,86.3607488999351,86.51828858097568,32247900,82.14330066680908,1
2005-12-23,86.82653045654297,86.8950261997787,86.59363865847324,86.84022751483403,27977300,82.1722626876831,1
2005-12-27,85.94291687011719,87.02516732600193,85.8812670462301,86.96351750211485,44499500,82.19428245544434,1
2005-12-28,86.13472747802734,86.2991183375987,85.96348547508892,86.12787633466027,30764300,82.22062698364257,1
2005-12-29,85.75109100341797,86.27851372827028,85.66204187553605,86.1141229761704,32788900,82.24848613739013,1
2005-12-30,85.28535461425781,85.66208382337909,85.1826083841737,85.483995932183,44645600,82.27320896148682,1
2006-01-03,86.78543090820312,86.99092336872161,85.20315673023806,85.7511331410271,73256700,82.30662479400635,1
2006-01-04,87.1963882446289,87.32652855095635,86.78540345360716,86.89500079144995,51899600,82.34358192443848,1
2006-01-05,87.2511978149414,87.39504042803102,86.90871390971192,87.09365814503406,47307500,82.38486743927002,1
2006-01-06,87.9772720336914,88.07316711430128,87.23750550393812,87.68958679186179,62885900,82.42944549560546,1
2006-01-09,88.20327758789062,88.40191358592381,87.9361406516249,87.96353475585246,43527400,82.47468055725098,1
2006-01-10,88.2923583984375,88.34715708481824,87.85397935917237,87.94302853101365,44960800,82.51978675842285,1
2006-01-11,88.57316589355469,88.66221503337162,88.17588339900283,88.37452987216724,49598900,82.56893238067627,1
2006-01-12,88.2238540649414,88.55263567996346,87.97726524073009,88.41564421135253,40509200,82.61075672149659,1
2006-01-13,88.14163970947266,88.29233344147897,87.81285813590331,88.06630329524728,44856700,82.65291305541992,1
2006-01-17,87.90191650390625,87.96356109570898,87.54573033163679,87.81286734789417,52066600,82.69566165924073,1
2006-01-18,87.55255889892578,88.29231993927242,87.10048299792996,87.38816813728077,75067600,82.73598770141602,1
2006-01-19,87.88819122314453,88.2032809184259,87.54570742260121,87.76490207180149,81530400,82.77609977722167,1
2006-01-20,86.2853775024414,87.8881993283734,86.2853775024414,87.8676511345879,114957800,82.80681266784669,1
2006-01-23,86.59361267089844,86.86760078750508,86.39497141700582,86.44977008550488,67017400,82.83690425872803,1
2006-01-24,86.68264770507812,87.09362720015211,86.59359857678876,86.73744113877027,53008800,82.87163063049316,1
2006-01-25,86.75802612304688,87.11420708813986,86.1963474968134,87.01831201192677,87747700,82.90642993927003,1
2006-01-26,87.23747253417969,87.44981081443945,86.82649302604646,87.162125681335,71294000,82.94156524658203,1
2006-01-27,88.04571533203125,88.12791853688596,87.29910328681942,87.44295105648443,65771200,82.9854721069336,1
2006-01-30,87.9772720336914,88.23070679277896,87.91562743582361,87.9772720336914,33709600,83.03420612335205,1
2006-01-31,87.33338928222656,88.04575115288334,87.3265381413868,87.89506786152283,72937000,83.08519416809082,1
2006-02-01,87.94300079345703,87.97039490211682,87.48407369801907,87.552569421446,63561000,83.1380478668213,1
2006-02-02,86.92237854003906,87.77173679384046,86.85388283384155,87.74434269207138,83626900,83.18272369384766,1
2006-02-03,86.49089050292969,87.94302426625632,86.40184656129692,86.70323409588492,86040400,83.23068180084229,1
2006-02-06,86.7169189453125,86.85391563533346,86.42238259412913,86.60732681918509,45511900,83.27230312347412,1
2006-02-07,85.94976043701172,86.75802263682185,85.89496175969488,86.56622726621292,71208100,83.3115752029419,1
2006-02-08,86.7305908203125,87.74434506749728,86.03192101087619,86.20316289394954,59422200,83.35218357086181,1
2006-02-09,86.5867691040039,87.40187710999716,86.55936976901161,86.93609886690581,62023300,83.39589092254639,1
2006-02-10,86.74430084228516,87.07993352004696,85.92918768468958,86.60045826610153,64508700,83.43886547088623,1
2006-02-13,86.5867691040039,86.84705494759747,86.27167936453696,86.71690941285628,52308700,83.48595161437989,1
2006-02-14,87.50462341308594,87.69641353236968,86.4497725311366,86.62101445562405,90964400,83.53238990783692,1
2006-02-15,87.8128433227539,87.89504654111272,87.15527506065153,87.45666247382313,85471300,83.57817306518555,1
2006-02-16,88.47042083740234,88.50467130896273,87.7991450405036,87.90874236878624,61017900,83.62656852722168,1
2006-02-17,88.23072052001953,88.47046348473421,88.07318081703129,88.39511659169088,40342600,83.67072448730468,1
2006-02-21,88.01154327392578,88.63485621900817,87.8745413106456,88.43622009510369,46456300,83.71391979217529,1
2006-02-22,88.54576873779297,88.80604933081148,88.12108169863622,88.20328492170535,42326700,83.76103652954102,1
2006-02-23,88.4156494140625,88.79922972945604,87.8676730555947,88.54579497502382,43423200,83.80503601074219,1
2006-02-24,88.64167022705078,88.68961252986169,88.19643496272954,88.43617783211617,36777400,83.85428771972656,1
2006-02-27,88.67593383789062,89.07320595469781,88.55263420195338,88.63482699139226,35858600,83.90154834747314,1
2006-02-28,87.83341979980469,88.98417116142565,87.76492928952138,88.49783941505109,74394800,83.94895488739013,1
2006-03-01,88.6142578125,88.69646103425424,88.01833932660816,88.08684026944061,48641600,84.00104270935059,1
2006-03-02,88.607421875,88.64851826461583,88.09369610124693,88.29233213498263,60642300,84.0494474029541,1
2006-03-03,88.19644927978516,89.09376586826977,88.12110240447055,88.13480468683113,73402500,84.09316192626953,1
2006-03-06,87.7923355102539,88.48414933466213,87.57314598873924,88.45675521712691,57478400,84.13076751708985,1
2006-03-07,87.65534973144531,87.71699433875251,87.26491820749413,87.58000283858712,61780800,84.16599880218506,1
2006-03-08,87.84028625488281,87.97727774296126,87.11421673557423,87.47039774011236,66692400,84.20272926330567,1
2006-03-09,87.2511978149414,88.14165283300424,87.2511978149414,87.8676698895324,56313600,84.23428424835205,1
2006-03-10,88.0799789428711,88.25122083853034,87.29227040354883,87.47720935147015,60490800,84.27092895507812,1
2006-03-13,88.24441528320312,88.4704559430643,88.03892282407654,88.2512611995211,45479100,84.30870010375976,1
2006-03-14,89.1690902709961,89.20334074639075,88.09369641569215,88.16219736648146,69877300,84.34893215179443,1
2006-03-15,89.56635284423828,89.63485377977166,88.94304031869598,89.14852222174545,53398900,84.39047496795655,1
2006-03-16,89.75135040283203,90.05273797563719,89.62120481895876,89.73764811721865,65526400,84.43554447174073,1
2006-03-17,89.82625579833984,90.01880856906824,89.66121656248065,89.86751560730464,47286800,84.47754211425782,1
2006-03-20,89.68184661865234,90.01880872132747,89.54431042409072,89.84001271773127,45538500,84.51793918609619,1
2006-03-21,89.1179428100586,90.08071724758466,89.02166641563998,89.65434136372512,87102700,84.5575778579712,1
2006-03-22,89.66123962402344,89.75063240199333,89.02168094055276,89.06294076012989,51605700,84.60030460357666,1
2006-03-23,89.47557830810547,89.66813116788278,89.16611910441648,89.5787278782205,46704200,84.64179889678955,1
2006-03-24,89.54432678222656,89.79189617499956,89.22111089462456,89.39303379256856,43209200,84.68438026428223,1
2006-03-27,89.41365814208984,89.5924541672333,89.22110534783066,89.42053127997757,32523000,84.72438243865967,1
2006-03-28,88.8635025024414,89.76437674966775,88.74659619870533,89.35175762431908,82079900,84.76257980346679,1
2006-03-29,89.42053985595703,89.7437557544634,88.91164428327139,88.99417441254067,61505700,84.80227828979493,1
2006-03-30,89.26241302490234,90.07388445106209,89.09049004546046,89.47559584047495,70571700,84.84024055480957,1
2006-03-31,89.28300476074219,89.5649608448503,88.96666199678211,89.4136678481748,62925600,84.87752841949462,1
2006-04-03,89.2142333984375,89.99820144724383,89.04919412079931,89.44805653066102,61624700,84.91342506408691,1
2006-04-04,89.7850112915039,89.90191760127493,88.95978349154672,89.21422601908714,54809300,84.95065578460694,1
2006-04-05,90.0944595336914,90.28013917661274,89.66122102466099,89.81938713134384,50607200,84.98929805755616,1
2006-04-06,89.99820709228516,90.232030239175,89.53058178519015,89.98446081384753,57906200,85.02722160339356,1
2006-04-07,89.08357238769531,90.36267928595969,88.95291978762894,90.12886664161957,80180900,85.06023284912109,1
2006-04-10,89.22112274169922,89.45493539554765,88.89102317860954,89.22112274169922,41496500,85.09973258972168,1
2006-04-11,88.46461486816406,89.44113532622738,88.1964156613251,89.29672601895723,72799400,85.13843509674072,1
2006-04-12,88.62969207763672,88.80161496854254,88.4440124173231,88.55404558590453,43033700,85.17738632202149,1
2006-04-13,88.51280212402344,88.88415101991798,88.23771915174743,88.4302719856694,51051800,85.21236076354981,1
2006-04-17,88.47840118408203,88.92539651365924,88.03827899270082,88.59530749345852,64167700,85.24824890136719,1
2006-04-18,89.88128662109375,90.04633637645264,88.66406959700596,88.66406959700596,92531800,85.2933564376831,1
2006-04-19,90.05321502685547,90.13574515625702,89.56495985571063,89.91567880230797,87269000,85.33813636779786,1
2006-04-20,90.17700958251952,90.67902154977536,89.81253384683959,90.08760630999136,86005500,85.38027839660644,1
2006-04-21,90.19076538085938,90.63088766436655,89.82628960670543,90.56212478799094,72342600,85.42591575622559,1
2006-04-24,90.02570343017578,90.13573659670124,89.661227747733,90.01194666102502,52546400,85.46913318634033,1
2006-04-25,89.65432739257812,90.17009595944808,89.34486835112384,90.11507938644802,84359800,85.50584613800049,1
2006-04-26,89.67499542236328,90.1838910689742,89.60623254688147,89.7437687911879,67262400,85.54055934906006,1
2006-04-27,90.1082000732422,90.52081909578996,89.11792281379758,89.33110546122347,124478600,85.57635280609131,1
2006-04-28,90.4107894897461,90.60334224290156,89.88814780165819,89.94315387969857,55854400,85.61308265686036,1
2006-05-01,89.67499542236328,90.63777011919396,89.61998931931497,90.41083059408408,64990300,85.64450523376465,1
2006-05-02,90.34895324707033,90.4039698510055,89.90883090893311,90.09450014220208,49063500,85.6795350265503,1
2006-05-03,90.01197052001953,90.3076834217722,89.70938447853982,90.19076659301068,60821300,85.71454219818115,1
2006-05-04,90.33518981933594,90.5139858989483,90.06699045324564,90.14263696641692,42921400,85.74889263153077,1
2006-05-05,91.13291931152344,91.325472174022,90.67216706959152,90.80970332946994,62588200,85.78580684661866,1
2006-05-08,91.0228500366211,91.3048060783146,91.0228500366211,91.1259995673188,30016700,85.82461311340332,1
2006-05-09,91.20166778564452,91.30482783426288,90.98848504251258,91.06413154749576,29864000,85.86153182983398,1
2006-05-10,91.1535415649414,91.29107781326074,90.69966250147876,91.05726514178356,64378200,85.89939739227295,1
2006-05-11,90.05321502685547,91.15352580991814,89.7575126687454,91.12601226900384,80626900,85.93125240325928,1
2006-05-12,88.87728118896484,89.89506199091562,88.84289450448253,89.64749255332296,91726500,85.95570095062256,1
2006-05-15,89.05606079101562,89.2211105500071,88.44401569643263,88.56779514567056,84029300,85.97839756011963,1
2006-05-16,88.92538452148438,89.39989332653644,88.71907497667834,89.23484359202375,62137600,86.00325645446777,1
2006-05-17,87.23368835449219,88.78099987754179,87.17867176101988,88.48528699929592,144789500,86.01996223449707,1
2006-05-18,86.79356384277344,87.85260962955212,86.72479572605711,87.5775319160158,87906300,86.03195705413819,1
2006-05-19,87.40560150146484,87.67380080631666,86.51160556751564,87.24743537125508,124309400,86.04589260101318,1
2006-05-22,86.7385482788086,87.4537482438116,86.30530441635675,86.84170307844124,110852800,86.05988510131836,1
2006-05-23,86.078369140625,87.7700900991332,86.078369140625,87.46063093168426,92006500,86.07342632293701,1
2006-05-24,86.76603698730469,87.26117571642459,85.79639468166978,86.42906961480304,168405000,86.09118621826173,1
2006-05-25,87.83887481689453,87.83887481689453,86.94487338947864,87.28184089816901,78977900,86.11179988861085,1
2006-05-26,88.28583526611328,88.28583526611328,87.68754179170566,88.03138228389041,62989700,86.13485202789306,1
2006-05-30,86.71790313720703,88.02451812749608,86.68352170781556,88.00388822052717,72419900,86.14840194702148,1
2006-05-31,87.68754577636719,87.68754577636719,86.78666633189604,87.0755007531277,86926200,86.16937835693359,1
2006-06-01,88.52648162841797,88.670901391597,87.52245314695485,87.59809959560395,73721700,86.19197116851807,1
2006-06-02,88.71220397949219,89.00790628928749,88.24457879376764,88.88412685542144,91702600,86.22095443725586,1
2006-06-05,87.41936492919922,88.61594693787121,87.17866865300674,88.60907379893557,86105100,86.24350734710693,1
2006-06-06,87.2061538696289,87.5981377987313,86.48408097216111,87.48123150771312,130498600,86.26502834320068,1
2006-06-07,86.55291748046875,87.78388681767102,86.5047792492563,87.27499619532901,108599400,86.2823331451416,1
2006-06-08,86.47721099853516,86.99297965260196,85.18435279447557,86.3603046961475,204957200,86.29925941467285,1
2006-06-09,86.20214080810547,87.30932470123741,86.16088099113699,86.8967107915411,94972200,86.3155906677246,0
2006-06-12,85.26689910888672,86.60102279057375,85.14999276990862,86.56663610420527,95815900,86.33094337463379,0
2006-06-13,84.2766342163086,85.85144385912606,84.2766342163086,85.09498391026055,185688800,86.3398519897461,0
2006-06-14,84.92990112304688,85.01929913016474,84.13217645644508,84.47602220997969,163566400,86.35484252929687,0
2006-06-15,86.731689453125,86.89673401177204,85.17750455640567,85.23939429839632,134057000,86.3756872177124,1
2006-06-16,86.09963989257812,86.72820250598616,85.96839928621205,86.541707412078,94253500,86.39554264068603,0
2006-06-19,85.42272186279297,86.67294885424577,85.3398374957503,86.61768909631029,95804400,86.40682346343993,0
2006-06-20,85.71282958984375,86.21015688258187,85.45726242597493,85.65757510054227,65494700,86.41986000061036,0
2006-06-21,86.34832763671875,86.82492868525162,85.6230576104537,85.65068749686839,75008200,86.43682041168213,0
2006-06-22,85.9684066772461,86.38284435367545,85.67830083073163,86.30686349817962,74566100,86.44703006744385,0
2006-06-23,85.9545669555664,86.54859603459263,85.6713647172556,85.87858612430543,54107000,86.45645820617676,0
2006-06-26,86.33447265625,86.38282361906332,85.82333315367214,86.0236457910015,37899600,86.46917678833007,0
2006-06-27,85.58853149414062,86.54173894225006,85.49182424852197,86.34833499073764,69780200,86.47443405151367,0
2006-06-28,86.1687240600586,86.18253636641944,85.40892073354135,85.78191624361955,62368100,86.48344024658203,0
2006-06-29,87.90935516357422,87.96461492286883,86.45882073618502,86.47954182845533,110634800,86.50349033355712,1
2006-06-30,87.91629028320312,88.17877158353932,87.69525644968239,88.09588191977069,54227800,86.52510158538819,1
2006-07-03,88.27543640136719,88.42048402965303,87.93697436916672,88.01986399804726,23914000,86.54871231079102,1
2006-07-05,87.77117919921875,88.03365505587304,87.39127507919129,87.92314084722973,69653400,86.56683090209961,1
2006-07-06,88.02677154541016,88.30996855117691,87.77810793212912,87.8609922899828,50100300,86.58762424468995,1
2006-07-07,87.45347595214844,88.10966847143763,87.23244218324318,87.85410130512072,81626500,86.60909423828124,1
2006-07-10,87.61927032470703,88.01989577078753,87.31535211549247,87.68143888627357,60964100,86.63527690887452,1
2006-07-11,88.00609588623047,88.00609588623047,86.990719819488,87.45350862260406,73640800,86.66192867279052,1
2006-07-12,87.06666564941406,87.99915167026134,86.83872309969168,87.82646887862812,82561300,86.68354270935059,1
2006-07-13,85.65068817138672,86.81111706063226,85.65068817138672,86.65224652996216,102405700,86.6975997543335,0
2006-07-14,85.3191146850586,85.83025956244458,84.8425137451457,85.74046113459691,103242500,86.71010112762451,0
2006-07-17,85.19477844238281,85.7197355976799,85.06354310595393,85.31911026153578,81159000,86.72157222747802,0
2006-07-18,85.62995910644531,85.68521887456822,84.53860240039465,85.4503674949766,122771000,86.7318465423584,0
2006-07-19,86.81800842285156,87.21172500607258,85.45726708105899,85.77500280875832,133565300,86.74676635742188,1
2006-07-20,86.22396850585938,87.2393441134719,86.10654547814018,87.11501229886915,112259800,86.76021503448486,0
2006-07-21,85.61614990234375,86.47266058242707,85.52635672275882,86.44503069566355,101560000,86.77532596588135,0
2006-07-24,87.17716979980469,87.25315064091286,85.95457809536764,85.95457809536764,92884000,86.80365879058837,1
2006-07-25,87.48805236816406,87.93012009671496,86.83876308628989,87.01835474784588,95480700,86.83501110076904,1
2006-07-26,87.60542297363281,88.0336728648151,87.15644672364442,87.43964372234304,84525800,86.86555313110351,1
2006-07-27,87.52255249023438,88.19947140640171,87.17027809152172,87.98534114411783,87257100,86.89912197113037,1
2006-07-28,88.39978790283203,88.5103021627656,87.62616700385213,87.75049883994066,82137000,86.93765586853027,1
2006-07-31,88.30998992919922,88.38597078886515,88.03369637312866,88.17875457420818,49593100,86.97890914916992,1
2006-08-01,87.87483215332031,87.98534641511176,87.44657687295778,87.95771653219857,65225600,87.01822525024414,1
2006-08-02,88.4688720703125,88.73135335453343,88.1027853000696,88.12350639727399,64770900,87.05628711700439,1
2006-08-03,88.70370483398438,88.79350326815666,87.8264784753723,87.95771382784837,63693800,87.09402420043945,1
2006-08-04,88.55175018310547,89.40134672744314,88.05442807586131,89.1595970972843,96294200,87.13539611816407,1
2006-08-07,88.34449005126953,88.46882183375673,87.99912457434499,88.34449005126953,45377300,87.16905445098877,1
2006-08-08,88.00609588623047,88.73136601100728,87.68835478423453,88.4757882094914,90901300,87.20820907592774,1
2006-08-09,87.70906829833984,88.82805497173013,87.45349580414708,88.53793853256275,78910600,87.24431144714356,1
2006-08-10,87.97843170166016,88.068224857306,87.22553198019958,87.43275344074927,69322300,87.2755263519287,1
2006-08-11,87.72977447509766,87.86100982451012,87.30151921789955,87.84028873091137,47482200,87.30631553649903,1
2006-08-14,87.79883575439453,88.52410556039113,87.66759515124876,88.15801362897717,57839000,87.33864253997803,1
2006-08-15,88.84877014160156,89.01453890752549,88.3445339758494,88.58628887592444,68143000,87.38054573059082,1
2006-08-16,89.58783721923828,89.7190778375303,89.13195208403083,89.32536652237623,71737600,87.42035274505615,1
2006-08-17,89.8157958984375,90.05064202607633,89.4428056098184,89.50496890130093,70992800,87.46017528533936,1
2006-08-18,90.27165985107422,90.27165985107423,89.51185133507708,89.92629426011578,58288400,87.50105079650879,1
2006-08-21,89.8848648071289,89.98847028320287,89.65692222004326,89.9193929393383,42133600,87.53569980621337,1
2006-08-22,89.87794494628906,90.15424376418632,89.57402151646318,89.78815705272939,60839900,87.56854267120362,1
2006-08-23,89.6292724609375,90.0989751352852,89.2355611762913,89.9193782863929,66592100,87.60068725585937,1
2006-08-24,89.55326843261719,89.86410580918044,89.38058568551247,89.78812497886562,57983000,87.63204288482666,1
2006-08-25,89.66384887695312,89.96777240483034,89.48426249217368,89.54642579385977,41756000,87.66395141601562,1
2006-08-28,90.09204864501952,90.36144388118,89.54637573571841,89.55327925213803,52681500,87.69745586395264,1
2006-08-29,90.19568634033205,90.3683691498656,89.66382033584645,90.1335230584333,61817800,87.72824214935302,1
2006-08-30,90.25094604492188,90.51341674822947,90.17496518718808,90.3959937025904,50052200,87.75787380218506,1
2006-08-31,90.23712921142578,90.47888936249196,90.19568702317954,90.38218741000996,37510300,87.78767475128174,1
2006-09-01,90.77588653564452,90.88640604925962,90.37526120358052,90.58248265667858,48794500,87.82170269012451,1
2006-09-05,90.94859313964844,91.07293025995536,90.6239485707162,90.838073597092,52348300,87.85574249267579,1
2006-09-06,90.14732360839844,90.59630520471433,90.02299705354639,90.56176653734823,53795600,87.88185813903809,1
2006-09-07,89.7328872680664,90.18877236189344,89.34607950592991,89.83649272588117,86269400,87.90423244476318,1
2006-09-08,89.9885025024414,90.1128396579704,89.67767542320891,89.85035830497438,45096300,87.92573852539063,1
2006-09-11,90.07821655273438,90.27162035587632,89.43583135394977,89.69831246094958,68496600,87.94585334777832,1
2006-09-12,90.9623794555664,91.06598490377878,90.05060935241725,90.18184994663298,69875600,87.96790184020996,1
2006-09-13,91.32849884033205,91.48736409779616,90.84498900909962,90.9278733973898,62898400,87.9914404296875,1
2006-09-14,91.33538818359376,91.34230224136073,91.00384014216765,91.1488983388853,57805400,88.01807960510254,1
2006-09-15,91.54977416992188,91.84808979859451,91.35550908469224,91.79258700082552,76703100,88.04626758575439,1
2006-09-18,91.67462158203124,91.8480638061978,91.33467101167842,91.43179823376876,64154100,88.07739665985108,1
2006-09-19,91.44568634033205,91.66769749228663,90.9323040770672,91.66075302749157,92089100,88.10302017211914,1
2006-09-20,91.93132781982422,92.11171453773925,91.61913388214626,91.75095168798416,75204100,88.1305267715454,1
2006-09-21,91.48731994628906,92.09784008922696,91.17512599540508,92.00071284703915,88932500,88.15673320770264,1
2006-09-22,91.20980834960938,91.35549390673184,90.88373608318832,91.34856002794132,65966800,88.18073432922364,1
2006-09-25,91.9105224609375,92.16722421266395,90.9184377826086,91.39019566392076,92299100,88.21076015472413,1
2006-09-26,92.6736831665039,92.68756151343166,91.8550300749982,91.92441122356,73962700,88.24487434387207,1
2006-09-27,92.78466796875,92.94423187137774,92.45859569854905,92.61122572230586,82432200,88.27841930389404,1
2006-09-28,92.75,92.95813286365772,92.46555210587036,92.78469057495582,58597500,88.31138221740723,1
2006-09-29,92.6736831665039,92.92344048081856,92.60430201794212,92.82631322447824,47966600,88.3410336303711,1
2006-10-02,92.3267822265625,92.8471089902924,92.2365888666386,92.64591004678144,51687400,88.36724712371826,1
2006-10-03,92.52103424072266,92.87485261964883,92.02845359297068,92.19496196391675,73108100,88.39569217681884,1
2006-10-04,93.60336303710938,93.65886585757688,92.32682992459875,92.43089109667496,80890500,88.43094631195068,1
2006-10-05,93.78369140625,93.9432659034434,93.48537580780832,93.60331527133702,60505900,88.46932834625244,1
2006-10-06,93.66571807861328,93.72816531349542,93.2425187043323,93.62409364607274,64983600,88.50670951843261,1
2006-10-09,93.72122192382812,93.8669180254596,93.40902809012807,93.55472419175956,41176800,88.54368324279785,1
2006-10-10,93.8461456298828,93.9710189819207,93.5478194232213,93.7282061575995,56403700,88.57902107238769,1
2006-10-11,93.73513793945312,93.95713853346604,93.1731866957079,93.5478173295128,104071800,88.61356410980224,1
2006-10-12,94.54681396484376,94.6231289585045,93.9362940155578,93.97098457378031,59158600,88.65658359527588,1
2006-10-13,94.78965759277344,94.84516038060524,94.3803258557732,94.46358533055808,53944000,88.69985824584961,1
2006-10-16,94.93537902832033,95.08107522470316,94.64399722163296,94.71337837916354,42273000,88.74577968597413,1
2006-10-17,94.63706970214844,94.8382581347863,94.12367662571388,94.67869416503358,90500600,88.79253826141357,1
2006-10-18,94.7619171142578,95.3030561555834,94.42197703649562,95.07411108639548,86848600,88.83242069244385,1
2006-10-19,94.91458129882812,94.96315023373528,94.51219381304855,94.62319944762498,64063200,88.87101165771485,1
2006-10-20,94.93537902832033,95.0116940671726,94.58156053150248,94.93537902832033,48094500,88.90943256378173,1
2006-10-23,95.3724365234375,95.60138159076423,94.62316464475256,94.74110411833128,66219900,88.94640838623047,1
2006-10-24,95.65687561035156,95.69155559239908,95.19898551771315,95.24060996503027,53234900,88.98367637634277,1
2006-10-25,95.98294830322266,96.02457275071646,95.40017428008392,95.55974877691038,78105400,89.0221293258667,1
2006-10-26,96.28131103515624,96.43394114140315,95.72629342935656,96.1980620994144,66843700,89.0606700515747,1
2006-10-27,95.67767333984376,96.26043668615092,95.48341889107468,96.16330946176636,80238000,89.09793914794922,1
2006-10-30,95.60832977294922,95.8788993318878,95.323881866197,95.50426862954116,49717800,89.1352725982666,1
2006-10-31,95.59441375732422,95.92048599295488,95.21978320259618,95.78867879193425,71274100,89.17373508453369,1
2006-11-01,94.94927215576172,95.9552355800616,94.85214487174822,95.89279888021292,83005600,89.21071865081787,1
2006-11-02,94.89373779296876,95.0533017237874,94.60235603779172,94.70641716961336,60693100,89.245746383667,1
2006-11-03,94.72720336914062,95.31691118364154,94.08893723515678,95.23366230105736,71346400,89.28795551300048,1
2006-11-06,95.79563903808594,95.9343907415076,95.01167656394269,95.0186210300634,63303300,89.33396564483643,1
2006-11-07,96.1633529663086,96.42004419272256,95.74015331444652,95.87890504261412,63318900,89.38136917114258,1
2006-11-08,96.37145233154295,96.46857956608518,94.9492237938305,95.74012001398128,87517800,89.42943630218505,1
2006-11-09,95.8650360107422,96.5310591911846,95.670781455213,96.44086579537486,95916300,89.47257411956787,1
2006-11-10,95.9066390991211,95.97600965378938,95.54587622218835,95.83725795837702,48991500,89.51187873840333,1
2006-11-13,96.14250183105467,96.46162961809306,95.78868347949285,95.86498790094087,59398200,89.55270488739014,1
2006-11-14,96.86402130126952,96.9472807771434,95.82336783447954,96.41307570009032,96704000,89.60035804748536,1
2006-11-15,97.14156341552734,97.4398790812042,96.80161270680196,96.82936940216764,76509600,89.6463508605957,1
2006-11-16,97.39128112792967,97.59940332812734,96.77382723317244,97.4329055679692,76728800,89.69869537353516,1
2006-11-17,97.41905975341795,97.42599363371532,96.94035736098178,97.0791090694661,56353800,89.7533362197876,1
2006-11-20,97.47457122802734,97.64107964467176,97.08606217526815,97.33581950719588,69174200,89.80712448120117,1
2006-11-21,97.5716781616211,97.5924903861056,97.32885476120131,97.46761703919864,51367900,89.86523406982423,1
2006-11-22,97.76593780517578,97.9324461959114,97.4745560609455,97.6479983315166,45505300,89.92041080474854,1
2006-11-24,97.37049865722656,97.71043874545909,97.26642693925776,97.29418363181335,30998000,89.97432945251465,1
2006-11-27,96.03153228759766,97.37051236082227,96.00378617721364,97.3219434350528,84545100,90.0207656097412,1
2006-11-28,96.4477996826172,96.54492694972645,95.81646715336797,95.90666053928304,106652900,90.07007076263427,1
2006-11-29,97.45378112792967,97.495405595023,96.48944215797466,96.76001178016118,90034900,90.1198165512085,1
2006-11-30,97.49539184570312,97.85615481976848,96.9611865591554,97.43295515386836,83994300,90.16822929382325,1
2006-12-01,97.28028106689452,97.58554109255056,96.41306989676896,97.49534774331389,126080000,90.2122785949707,1
2006-12-04,98.02265167236328,98.20303845060918,97.28725796865513,97.30113631761525,87813200,90.26123825073242,1
2006-12-05,98.4458465576172,98.4874816024775,98.00183468714268,98.20996756713218,73374400,90.31340976715087,1
2006-12-06,98.36257934570312,98.56377830716748,98.16832485012958,98.42501602226405,53253200,90.36249382019042,1
2006-12-07,97.93246459960938,98.72336107859756,97.8977740217608,98.53604042707777,62857400,90.41007789611817,1
2006-12-08,98.11283111572266,98.4458373408822,97.6688192868176,97.91164272175128,79625500,90.45743370056152,1
2006-12-11,98.39723205566406,98.57760813612695,98.05728152617844,98.11278430156824,39779400,90.50604019165038,1
2006-12-12,98.3209228515625,98.42498394525018,97.74509343232128,98.30011063282495,77451600,90.55847770690917,1
2006-12-13,98.4250030517578,98.75107532337398,98.2099363590056,98.67476031116436,55520200,90.60753143310546,1
2006-12-14,99.29220581054688,99.37546528062376,98.40418242760076,98.41806077029254,64755200,90.6609553527832,1
2006-12-15,99.30126953125,99.68497054776516,99.23151248419148,99.51056196253602,70857400,90.71647945404052,1
2006-12-18,99.02925872802734,99.67806463399198,98.88973389563505,99.44086070935649,48954600,90.7726640701294,1
2006-12-19,99.21759796142578,99.45479118088608,98.49903514390444,98.75018403658584,65023600,90.8304753112793,1
2006-12-20,99.16178894042967,99.52456193983387,99.07109302931364,99.25945736583928,41469600,90.88708282470704,1
2006-12-21,98.7990264892578,99.36410891410551,98.58974458750764,99.25249544819246,48698400,90.94482196807861,1
2006-12-22,98.19203186035156,98.81989849877228,98.13621983659448,98.81292598769828,62069100,90.99538223266602,1
2006-12-26,98.77111053466795,98.79203872161186,98.21300071102542,98.2339288979693,32696900,91.04801570892334,1
2006-12-27,99.41986846923828,99.48266365166438,98.94548221569748,98.97338290617702,39727100,91.09926959991455,1
2006-12-28,99.2105941772461,99.55242822547312,99.0571137553684,99.3501189303014,37288800,91.14749080657958,1
2006-12-29,98.7990264892578,99.4408491597676,98.66647418810864,99.10598747190622,45461200,91.19272918701172,1
2007-01-03,98.62464141845705,99.66412124126543,98.06654202009967,99.23856353072657,94807600,91.2367211151123,1
2007-01-04,98.83387756347656,99.0989820778186,98.09438670247786,98.5269166826716,69620600,91.28248126983642,1
2007-01-05,98.04553985595705,98.6455059022532,97.93392643541064,98.5966770267123,76645300,91.32711925506592,1
2007-01-08,98.49901580810548,98.65249624822964,97.84323768122177,98.24089445201372,71655000,91.37130813598633,1
2007-01-09,98.41533660888672,98.78508216470088,97.9479119714767,98.5827621314826,75680100,91.41600692749023,1
2007-01-10,98.74320220947266,98.7641410421166,97.87814206916912,98.07347891666087,72428000,91.46200130462647,1
2007-01-11,99.1757583618164,99.49666438476332,98.71531687317623,98.77112893044124,54476800,91.5108118057251,1
2007-01-12,99.92920684814452,99.92920684814452,99.1408761629759,99.16877686954696,55370600,91.56614032745361,1
2007-01-16,99.73377990722656,100.0686413090073,99.57331639289134,99.81052008732756,44871300,91.61770652770996,1
2007-01-17,99.77567291259766,100.08263374578893,99.57335297933253,99.65707634432938,50241400,91.67027282714844,1
2007-01-18,99.44082641601562,99.94312415545453,99.28037344635167,99.88033959928931,68177300,91.7210619354248,1
2007-01-19,99.63619995117188,99.83153682926611,99.38505101575625,99.44085242801616,56973000,91.77317176818848,1
2007-01-22,99.32921600341795,99.83151375816809,99.01527192290489,99.81058557214172,60253600,91.82089279174805,1
2007-01-23,99.6221923828125,99.81752915915666,99.10593910529956,99.24546385339454,54064400,91.86853145599365,1
2007-01-24,100.42447662353516,100.44540480536288,99.69894148170788,99.74079784536332,55834700,91.9206628036499,1
2007-01-25,99.24544525146484,100.4035206691972,99.07103668777216,100.3616643171196,73583800,91.97147216796876,1
2007-01-26,99.15480041503906,99.51756271080596,98.77109928965268,99.46176131534818,67255600,92.02114055633545,1
2007-01-29,99.0989761352539,99.62220197478,98.88271115812556,99.19664453282984,66114600,92.0743123626709,1
2007-01-30,99.615234375,99.66407390394404,99.10596412560773,99.3082841097207,70407600,92.12924007415772,1
2007-01-31,100.28497314453124,100.55007769734962,99.34316218219372,99.50362580366756,91868600,92.18810092926026,1
2007-02-01,100.8849105834961,100.91979443235992,100.3965686345709,100.56399407702747,69312400,92.25013347625732,1
2007-02-02,101.0244598388672,101.12212825234312,100.72448208499772,100.96864779615824,49607000,92.30584934234619,1
2007-02-05,101.05235290527344,101.11513745006803,100.69655252799046,100.94770135222566,45705300,92.36084503173828,1
2007-02-06,101.0802993774414,101.17796781748513,100.6896256172665,101.13611143533232,57081300,92.41536148071289,1
2007-02-07,101.30350494384766,101.4081458551589,100.8570193138245,101.2407097520038,55669700,92.47092517852784,1
2007-02-08,101.1709213256836,101.24067836324453,100.64769564123456,101.00348527444054,70641000,92.52665126800537,1
2007-02-09,100.41751098632812,101.387222509279,100.03380988478835,101.1988582148763,79084400,92.58046718597411,1
2007-02-12,100.07565307617188,100.48725481951844,99.89427196344025,100.41749776618605,65657000,92.63247047424316,1
2007-02-13,100.91980743408205,101.0872328981084,100.29193000881072,100.2989131665168,64081800,92.68652851104736,1
2007-02-14,101.58255767822266,101.78486699483145,101.00351977888384,101.017475449185,66039400,92.74238735198975,1
2007-02-15,101.71511840820312,101.819759331537,101.45698638888238,101.6244225112749,38715200,92.80258796691895,1
2007-02-16,101.66627502441406,101.68720320828704,101.31745776645404,101.46396569862272,39841800,92.85917457580567,1
2007-02-20,101.88258361816406,101.99420774329074,101.1570480949656,101.54772188784648,56911800,92.9185276412964,1
2007-02-21,101.8406753540039,101.9034705455633,101.4011728834304,101.58255401056732,63971600,92.97605506896973,1
2007-02-22,101.7639617919922,102.14766297399056,101.27561967174871,101.88954156294612,79067400,93.02921028137207,1
2007-02-23,101.36628723144533,101.70812129748154,101.1779229502261,101.67324809119307,71966200,93.08092746734619,1
2007-02-26,101.27559661865234,101.81975066378212,100.98259141320229,101.73603793224136,69192800,93.13129711151123,1
2007-02-27,97.32003784179688,100.5989187081715,96.97122050186212,100.37568114604468,274466500,93.16212959289551,1
2007-02-28,98.31766510009766,99.05018375305964,97.52934503201315,97.94094700017943,177536300,93.20345184326172,1
2007-03-01,98.0246124267578,98.54086575034292,96.30843764642616,97.20838140025027,212828600,93.24918849945068,1
2007-03-02,96.7409439086914,98.12923995206214,96.73397139814134,97.70368261731412,162574000,93.28761291503906,1
2007-03-05,95.82007598876952,97.3757975073138,95.8061203220631,96.2246945177638,143750400,93.3220863723755,1
2007-03-06,97.45953369140624,97.75253889248596,96.07822041629984,96.817711254033,143333300,93.37321559906006,1
2007-03-07,97.3618392944336,97.98971653914666,97.25021525381068,97.3827674714186,115144900,93.42605697631836,1
2007-03-08,98.18506622314452,98.47807138459096,97.71765246714268,98.04553083145554,117891600,93.47995429992676,1
2007-03-09,98.21299743652344,98.6594831515394,97.72465534901524,98.58274292028388,107765100,93.53732654571533,1
2007-03-12,98.35952758789062,98.60369336423042,97.78048946590415,97.96187066933328,80366900,93.59873233795166,1
2007-03-13,96.44795989990234,98.2060016432506,96.30145198584974,97.7943892395107,190605200,93.64714195251464,1
2007-03-14,97.16651153564452,97.22232356111968,95.40149747958284,96.57351807939462,231853800,93.6937801361084,1
2007-03-15,97.2990951538086,97.6618681138984,96.83168126535578,96.95027786585348,132435900,93.73884643554688,1
2007-03-16,97.02660369873048,97.79704950261758,96.73943656389282,97.57291592793148,121531600,93.7903899383545,1
2007-03-19,98.19630432128906,98.28735995120196,97.46088048781526,97.53792509298452,96161200,93.8429337310791,1
2007-03-20,98.7356185913086,98.79165200415687,98.02821679275044,98.1122615683825,82147400,93.89397941589355,1
2007-03-21,100.3605728149414,100.61271789946564,98.63059013926666,98.82670179530956,152368700,93.9522212600708,1
2007-03-22,100.28347778320312,100.6336785197344,100.01032163619986,100.49360036257757,118942200,94.01654182434082,1
2007-03-23,100.43058013916016,100.72474751445904,100.26247991586946,100.35353553939522,74416800,94.08266395568847,1
2007-03-26,100.29747772216795,100.61265621276304,99.52003174548568,100.50760027832372,113787500,94.15138675689697,1
2007-03-27,100.059326171875,100.26944869098564,99.73013671896592,100.24142665522406,99864600,94.21929733276367,1
2007-03-28,99.3309555053711,99.78621224966706,98.9387216499693,99.55507844974947,152907900,94.28494140625,1
2007-03-29,99.4360122680664,99.8842688477202,98.88969989559084,99.83523560766938,139432700,94.3557869720459,1
2007-03-30,99.45702362060548,100.0453583784844,98.44844364293876,99.62512384597656,128194100,94.43168891906738,1
2007-04-02,99.56910705566406,99.77922970062754,99.09282834792808,99.56910705566406,79416400,94.50488494873046,1
2007-04-03,100.6406707763672,100.84378246361872,100.09435858331676,100.13638095397044,82417800,94.57442985534668,1
2007-04-04,100.75275421142578,100.8227879450002,100.26947549446652,100.640687412973,63995200,94.64769542694091,1
2007-04-05,101.02591705322266,101.16599521693966,100.5846606845992,100.62668306498642,46822800,94.72571140289307,1
2007-04-09,101.16598510742188,101.41813005182718,100.96286270614324,101.3130634240796,50967400,94.80297718048095,1
2007-04-10,101.28504943847656,101.45314962614012,101.04691552141132,101.08893789650784,56620000,94.87766078948975,1
2007-04-11,100.87181091308594,101.46014551418128,100.53561055193684,101.43213416105738,106365700,94.95217781066894,1
2007-04-12,101.32009887695312,101.50219944707072,100.39556362724764,100.6757306819828,115534400,95.02900547027588,1
2007-04-13,101.78237915039062,101.78237915039064,101.10998882274808,101.48820103454084,84287000,95.10624500274658,1
2007-04-16,102.7489013671875,102.86096817590231,102.13255529381414,102.13955546162914,83064600,95.19204685211182,1
2007-04-17,103.0220718383789,103.23919463086172,102.71389341526243,102.93802706381284,108424100,95.27631359100342,1
2007-04-18,103.1480941772461,103.44926158221848,102.65781544399172,102.67882662632584,88345300,95.35250728607178,1
2007-04-19,103.12013244628906,103.2391994449033,102.51078642770992,102.64386445183206,102947700,95.4285264968872,1
2007-04-20,104.09366607666016,104.09366607666016,102.98703043942552,103.81350975542952,124114100,95.50761764526368,1
2007-04-23,103.7014389038086,104.17070660155424,103.63840533708414,103.91856164737824,77270800,95.58726894378663,1
2007-04-24,103.74344635009766,103.93955787653334,103.18313381015378,103.82049092743144,114471000,95.66585231781006,1
2007-04-25,104.69600677490234,104.82208459451682,103.67342663280245,104.17070568227788,108418800,95.75206497192383,1
2007-04-26,104.81511688232422,104.92018355646177,104.42990447233412,104.70306072543968,88741600,95.83804420471192,1
2007-04-27,104.7310562133789,104.8781452599566,104.24777737255616,104.42287778228724,108191100,95.92166900634766,1
2007-04-30,103.86257934570312,104.8781705165411,103.80655660590504,104.80812606086832,100874100,96.0056485748291,1
2007-05-01,104.12871551513672,104.6890389913842,103.42831384164772,103.95361509676448,134342700,96.09803871154786,1
2007-05-02,104.7380599975586,105.02522724437706,104.1847473861134,104.2898033606659,87129800,96.19513343811035,1
2007-05-03,105.30538177490234,105.34039330406075,104.87112552817057,105.03922575470672,86569700,96.29568645477295,1
2007-05-04,105.70457458496094,105.8446527229726,105.21429575828164,105.58550763328718,96409000,96.39605953216552,1
2007-05-07,105.72564697265624,105.90074741835038,105.62759115055886,105.67662440524909,63461400,96.49059772491455,1
2007-05-08,105.58554077148438,105.70460776052752,105.15129520117644,105.46647378244124,80584000,96.58740558624268,1
2007-05-09,105.87271881103516,107.03538814608392,105.3193955078564,105.50850695085384,102070100,96.68868843078613,1
2007-05-10,104.76609802246094,105.77467828106626,104.54897518376065,105.57155578292009,153617800,96.77663307189941,1
2007-05-11,105.66258239746094,105.71160495049494,104.8641250266904,104.88513621903068,113408900,96.8675057220459,1
2007-05-14,105.43141174316406,105.97072376171296,104.91311090961143,105.6625454653993,108027500,96.95663566589356,1
2007-05-15,105.45943450927734,106.2228694021482,105.1932785811191,105.55047941579758,180673300,97.04632007598877,1
2007-05-16,106.18083953857422,106.20185072223276,105.32634911220912,105.620516370704,114166500,97.13522533416749,1
2007-05-17,105.97078704833984,106.4330547688804,105.837709005704,106.0268204708856,101132800,97.22352931976319,1
2007-05-18,106.8953094482422,106.8953094482422,106.32798575247271,106.46806396211124,99182000,97.3186317062378,1
2007-05-21,106.83924102783205,107.32251977695924,106.8112296699934,106.86726307294948,174664600,97.4104835510254,1
2007-05-22,106.7551727294922,107.27347357710104,106.72716137782956,106.95128425296008,82148800,97.50074089050293,1
2007-05-23,106.76919555664062,107.51161936148516,106.7131621598421,107.12639643804384,133786600,97.59182811737061,1
2007-05-24,105.80266571044922,107.30853558736064,105.57854275218212,106.83225693421232,187593000,97.6791189956665,1
2007-05-25,106.2438735961914,106.4750073048129,105.88666209774205,106.11079564086914,83309200,97.77030788421631,1
2007-05-29,106.629150390625,106.81125097108898,106.07582710563511,106.41902775945518,82020000,97.86490829467773,1
2007-05-30,107.49759674072266,107.53961911196762,105.99873827175188,106.08279370151833,129013600,97.96250411987305,1
2007-05-31,107.38558197021484,107.7848053379462,107.24549309578778,107.63071612590096,114866700,98.06078315734864,1
2007-06-01,107.9178695678711,108.1419925012136,107.51863556386829,107.77779139862211,107771700,98.16137832641601,1
2007-06-04,107.93187713623048,108.13498887204828,107.49762093199554,107.53964331269724,78008800,98.25679386138916,1
2007-06-05,107.50463104248048,107.79178753771303,107.06337467361068,107.6797314190442,126917900,98.34637783050538,1
2007-06-06,106.34896087646484,107.126406966627,106.28592730660056,107.06337339676271,164096800,98.4290436553955,1
2007-06-07,104.42992401123048,106.8112861152803,104.40190195130452,106.15290664171896,232414600,98.49983497619628,1
2007-06-08,105.7886199951172,105.89368661474388,104.42283943818592,104.76603996265662,175886000,98.57935375213623,1
2007-06-11,105.97078704833984,106.4260439115106,105.55054172288796,105.7116311331554,102015600,98.65981796264649,1
2007-06-12,104.81511688232422,106.1388757531101,104.7450831201817,105.52952965478592,233898000,98.73574718475342,1
2007-06-13,106.3840103149414,106.5100881742149,104.86413995799798,105.41045241119306,193208200,98.81990089416504,1
2007-06-14,107.06336975097656,107.24547028680968,106.48203524504056,106.50304643427982,146396500,98.90689849853516,1
2007-06-15,107.67253112792967,108.08754645436352,107.57404199961653,107.7217649587462,154030800,98.9948009109497,1
2007-06-18,107.54590606689452,107.89761614111858,107.38412243808658,107.89058580363636,88537500,99.08155200958252,1
2007-06-19,107.81328582763672,107.89066252832478,107.17317046133982,107.30682210192349,110851700,99.16936370849609,1
2007-06-20,106.31494140625,108.03128861834996,106.18833090700087,108.03128861834996,177119700,99.24975276947022,1
2007-06-21,106.90579986572266,106.99724792714012,105.68888591509716,106.27272597387692,205262000,99.3304023361206,1
2007-06-22,105.8999481201172,106.75812190530483,105.40755596468426,106.58226679741138,204964700,99.40515911102295,1
2007-06-25,105.39349365234376,106.39234946343711,104.82372477089956,105.68189863019784,232014400,99.48138996124267,1
2007-06-26,104.31023406982422,105.8366661881727,104.30320372796253,105.6608110415133,198445700,99.55427669525146,1
2007-06-27,105.79439544677734,105.91398632799356,104.1483947289502,104.19763929572636,213638000,99.63330615997315,1
2007-06-28,105.7803726196289,106.50489483757066,105.28093936842085,105.7803726196289,157705000,99.71181694030761,1
2007-06-29,105.81551361083984,106.67368726011196,104.91513645969242,106.1461220199861,199701800,99.78608261108398,1
2007-07-02,106.77213287353516,106.86358092173224,106.05465209539172,106.12498766579496,103357000,99.86330078125,1
2007-07-03,107.15906524658205,107.27161509087664,106.91287453719949,107.04651540228744,54048400,99.94241916656495,1
2007-07-05,107.0464859008789,107.3137890240754,106.65961335941996,107.20123921079887,89279000,100.01990272521972,1
2007-07-06,107.60919189453124,107.7428434159637,106.8705987252146,107.18714632159156,81109000,100.09957557678223,1
2007-07-09,107.69365692138672,107.87654234336183,107.3560074346508,107.7358604238931,72348100,100.1808154296875,1
2007-07-10,106.16019439697266,107.34897646619986,106.05468564132508,107.12387680969518,180362600,100.25195976257324,1
2007-07-11,106.9128875732422,106.95509108666262,105.87885856106064,106.04064227362072,175607600,100.32908760070801,1
2007-07-12,108.60101318359376,108.85424481249105,107.15900003941024,107.18010178070688,133882500,100.41604362487793,1
2007-07-13,108.92465209960938,109.35373896847702,108.60107399630616,108.72769524832684,111794300,100.5011142730713,1
2007-07-16,108.91056823730467,109.4029603092277,108.73471315923632,109.02311806327056,98378700,100.58229869842529,1
2007-07-17,108.85425567626952,109.36774932129778,108.80501111943776,108.98086613668536,126201300,100.66264663696289,1
2007-07-18,108.65736389160156,108.8894939411804,107.83436320673744,108.48853911008652,237887400,100.7421834564209,1
2007-07-19,109.07938385009766,109.4029511560005,108.85428421699892,109.1708211843704,145212700,100.82421195983886,1
2007-07-20,107.97506713867188,109.0231677455864,107.50377660268062,108.95282138896503,245502500,100.90245338439941,1
2007-07-23,108.30560302734376,108.83316814799392,107.83431280756372,108.45331525045547,121183900,100.98137622833252,1
2007-07-24,106.42752075195312,108.52371077664796,106.04766768214688,107.70774044398874,256732400,101.04549701690674,1
2007-07-25,106.64554595947266,107.19421290315024,105.68889397733253,106.93395084183535,265214500,101.10980628967285,1
2007-07-26,104.12027740478516,106.07578501004474,102.97369886356856,105.64669819114437,467592500,101.1620790863037,1
2007-07-27,102.0733413696289,104.71819838313525,102.0311378601952,104.25394904602024,422987600,101.20383968353272,1
2007-07-30,103.6700668334961,103.97253235092909,102.19991053866592,102.65009901267914,283017500,101.25295928955079,1
2007-07-31,102.50244903564452,105.13324590117196,102.02411745402756,104.33837720133516,316976700,101.29679584503174,1
2007-08-01,103.0018310546875,103.4098161233338,101.25735168760922,102.12255566536588,467670000,101.33907093048096,1
2007-08-02,103.82481384277344,103.93735290445942,102.17880260721284,103.23393278556078,294758400,101.38424671173095,1
2007-08-03,101.15184783935548,103.81077588693532,100.72979133867756,103.59974763659636,359398200,101.41532905578613,0
2007-08-06,102.84708404541016,103.28320118512082,100.25849182904284,101.44024348289406,324980000,101.45637912750244,1
2007-08-07,103.94442749023438,104.80963151011616,102.15773380147056,102.65716696959224,232568700,101.50229167938232,1
2007-08-08,105.39349365234376,105.92808936250296,103.64197276246216,104.3946378412504,274930600,101.55468624114991,1
2007-08-09,102.2702865600586,104.77446134511204,102.19994023013746,103.70525938370008,357622100,101.59136077880859,1
2007-08-10,101.79193878173828,103.05105617893408,100.67349254027346,101.56683917255236,411018400,101.6234582901001,1
2007-08-13,102.15774536132812,103.3254258433326,102.0100330826872,103.05109230679842,181917200,101.65596263885499,1
2007-08-14,100.5961456298828,102.74157995581412,100.39215844042724,102.48834818728876,264134500,101.67902862548829,0
2007-08-15,99.2104034423828,101.61611053324704,98.91496817742508,100.39215523555671,323834000,101.69367408752441,0
2007-08-16,99.95603942871094,100.54690996680932,96.36859122833354,98.33112934892571,546743700,101.71506591796874,0
2007-08-17,101.79193878173828,102.56569453829958,99.45657863646495,102.3476360002383,388218100,101.74598396301269,1
2007-08-20,101.74271392822266,102.32655407765051,100.7930922096735,102.11552583649046,187320400,101.7767254638672,0
2007-08-21,101.94670104980467,102.67826418770936,101.39100372390402,101.71458179131228,157066400,101.8117126083374,1
2007-08-22,103.15657043457033,103.26208990702742,102.22806133032388,102.70638192543916,173156700,101.85302677154542,1
2007-08-23,103.06514739990234,103.8600050559516,102.42503233823918,103.64194647597324,203915300,101.89471649169921,1
2007-08-24,104.33832550048828,104.33832550048828,102.89631186163643,103.03699376298614,128901900,101.93742992401123,1
2007-08-27,103.3676528930664,104.33837673573204,103.21289950558794,104.00073786002734,113024300,101.97345142364502,1
2007-08-28,101.09556579589844,102.87521828604262,100.91268038294857,102.81191303540712,219790700,101.9970719909668,0
2007-08-29,103.0792007446289,103.21989338407576,101.26438590918846,101.55278006003508,207654200,102.03314281463624,1
2007-08-30,102.80484771728516,103.53641066323436,102.2139773840227,102.31245577289978,191817300,102.06763385772705,1
2007-08-31,103.81781768798828,104.45793284912688,103.28322203033996,103.86002119604686,185477500,102.10601043701172,1
2007-09-04,104.86589813232422,105.49897210005464,103.68414646366112,103.71931962483322,120062000,102.14601982116699,1
2007-09-05,103.9584732055664,104.3594278969104,103.4027759351158,104.24687808179549,166261800,102.18010437011719,1
2007-09-06,104.19766235351562,104.53530112419422,103.48720091381202,104.0710411061718,127878400,102.21413627624511,1
2007-09-07,102.74860382080078,103.3254028599083,102.1788243870372,103.03699797368378,235447600,102.24078399658202,1
2007-09-10,102.5516357421875,103.20582217016964,101.5246481656532,103.0651402637961,192305900,102.26616931915284,1
2007-09-11,103.74747467041016,103.89518693805752,102.79082253386431,102.86819920422256,162081900,102.29704830169678,1
2007-09-12,104.0147933959961,104.41574826189591,103.388749535215,103.60680818859386,149554600,102.32829257965088,1
2007-09-13,104.74630737304688,105.12614956858528,104.24687429495486,104.49307566490768,154079000,102.36517162322998,1
2007-09-14,104.7393035888672,104.87295519537368,103.92334400179428,104.07809736371291,121911000,102.40871047973633,1
2007-09-17,104.1765365600586,104.56340908578792,103.84592820533896,104.32424879230491,109870800,102.44735416412354,1
2007-09-18,107.24351501464844,107.27164711744912,104.19770236914806,104.69009466826364,263759500,102.49630283355712,1
2007-09-19,107.87653350830078,108.60105553090196,107.41931462413788,107.91170666862293,193779900,102.54820854187011,1
2007-09-20,107.11685180664062,107.92578092914997,106.99727163316882,107.86247567260774,175186800,102.59739139556885,1
2007-09-21,107.40592956542967,108.21869631185548,107.24337837299709,107.92893395602242,141457500,102.64430778503419,1
2007-09-24,107.2079849243164,108.00662388859332,106.974753790034,107.72391458146735,139450200,102.68811847686767,1
2007-09-25,106.99598693847656,107.18681442857522,106.34577151827207,106.58606641142713,142289900,102.73128551483154,1
2007-09-26,107.5614776611328,107.971398503459,106.99606923088054,107.6038814061547,135547000,102.77943058013916,1
2007-09-27,108.19749450683594,108.20456898320364,107.5614171209816,108.07028334337016,102713300,102.82985389709472,1
2007-09-28,107.83708953857422,108.26821216046211,107.4130306112441,108.02791713429944,133372100,102.87705318450928,1
2007-10-01,109.05264282226562,109.3706814191366,107.78047765052231,107.85115768727565,148162300,102.9307117843628,1
2007-10-02,108.90425872802734,109.30004119579006,108.706367494146,109.27177564134848,112978800,102.98310806274414,1
2007-10-03,108.68514251708984,109.13040309075656,108.14093634752618,108.70634437447768,119055900,103.03007274627686,1
2007-10-04,108.85477447509766,109.02438934403963,108.55086319447368,108.91838005095089,76864400,103.07784027099609,1
2007-10-05,110.14813232421876,110.32482165371908,109.2858875335162,109.5685861470124,134579700,103.13343463897705,1
2007-10-08,109.56150817871094,109.893684937625,109.38481887223578,109.82300490133116,71280400,103.18515419006347,1
2007-10-09,110.59337615966795,110.60751432486146,109.56858026047496,109.9714370865376,94054300,103.24231212615967,1
2007-10-10,110.40965270996094,110.56514021593836,109.83718088534545,110.28243075767796,101711100,103.30036525726318,1
2007-10-11,109.87963104248048,111.32848662358604,109.22234071048838,110.91149134446518,233529100,103.35880325317383,1
2007-10-12,110.48738861083984,110.50152677881388,109.7382274721516,109.872513107249,124546700,103.41738464355468,1
2007-10-15,109.55438995361328,110.50851614124944,108.7981656317152,110.44491060454172,161151900,103.46805725097656,1
2007-10-16,108.68514251708984,109.20814682926569,108.46604946790816,109.13040309075656,166525700,103.51542999267578,1
2007-10-17,109.017333984375,109.6110076395677,107.75930661702078,109.53326389060705,216687300,103.56652153015136,1
2007-10-18,108.62155151367188,108.97493022988044,108.19042904852692,108.45192584755723,148367500,103.61650608062745,1
2007-10-19,105.7803726196289,110.59338850858263,105.77330892837354,108.19748149311953,297169900,103.65123855590821,1
2007-10-22,106.39521026611328,106.55069769257425,105.06651423670732,105.20786350141974,261989800,103.69298690795898,1
2007-10-23,107.25751495361328,107.39180060489166,106.19031500462056,107.04549632976708,180085100,103.73677940368653,1
2007-10-24,107.05960083007812,107.24336464381496,105.19376184922828,106.8687841094056,326694200,103.78000072479249,1
2007-10-25,107.31404113769533,107.63207981116864,105.92880267146322,107.17975550607584,237374500,103.8228549194336,1
2007-10-26,108.5720672607422,108.5720672607422,107.35644368205192,108.17628484614758,176484000,103.86983646392822,1
2007-10-29,108.93252563476562,109.15161871157376,108.52260503314356,108.79116552200716,106841000,103.91485305786132,1
2007-10-30,108.17627716064452,108.6639414526455,108.04199154003426,108.45191209295884,132981600,103.95706554412841,1
2007-10-31,109.29998779296876,109.73818455469063,108.02075909030212,108.8264618015222,220954400,104.00468711853027,1
2007-11-01,106.74156951904295,108.42365558610064,106.4305945368042,108.338837364596,333040800,104.04119083404541,1
2007-11-02,106.8617172241211,107.42712530362418,105.45527689345536,107.09494846132594,331228200,104.07731842041015,1
2007-11-05,106.04893493652344,106.83343597026264,105.28563575902632,105.75916185553406,226841000,104.11091701507569,1
2007-11-06,107.47659301757812,107.50485856587898,105.94292011179571,106.6214118978878,177800500,104.1501890182495,1
2007-11-07,104.5364990234375,106.81225891884294,104.28206590518523,106.3245945435042,306639700,104.17074913024902,1
2007-11-08,104.00643157958984,104.88280393798556,102.5293110596861,104.59304157214416,374509900,104.19455406188965,0
2007-11-09,102.57879638671876,104.27501029241068,102.4021069888648,102.96751521885044,277745100,104.21167404174804,0
2007-11-12,101.56100463867188,103.61767062129184,101.56100463867188,102.6282148827077,243087800,104.22398418426513,0
2007-11-13,104.65666198730467,104.81921320838748,102.63533491099534,102.74134423251354,191117400,104.24919132232667,1
2007-11-14,104.36683654785156,105.58952350907155,103.73782305845708,105.46231238693434,230558800,104.26960063934327,1
2007-11-15,102.86144256591795,104.23962779258648,102.1405579555868,103.58941243473863,263111100,104.27948329925538,0
2007-11-16,103.0381317138672,103.51873223760282,102.1758978156458,103.40564849269332,308770600,104.28955165863037,0
2007-11-19,101.60342407226562,102.73424004934874,101.20057802500229,102.67769817206856,267746000,104.29230701446534,0
2007-11-20,102.22543334960938,102.85444727156472,100.437337230424,101.7872470263476,414767500,104.29803268432617,0
2007-11-21,100.13338470458984,101.70946149406603,100.12632101282198,101.12285154946572,259012400,104.29218208312989,0
2007-11-23,101.86492919921876,102.0133421873496,100.8542606911051,101.11576821538829,77688400,104.29565212249756,0
2007-11-26,99.61746215820312,102.39502459296682,99.41250723920388,102.07697510750904,214232000,104.29165187835693,0
2007-11-27,100.76239013671876,101.22884174340092,99.61743601492743,100.17578030282336,293897900,104.29508556365967,0
2007-11-28,103.98519897460938,104.22549385446312,101.87199088772402,101.90733090752838,258596900,104.31041252136231,0
2007-11-29,104.02054595947266,104.4022009836667,103.25725747960811,103.62476355235422,199409900,104.32260246276856,0
2007-11-30,105.06649780273438,105.92166773025065,104.12650970225138,105.33505812840384,222908000,104.33935935974121,1
2007-12-03,104.37393188476562,104.91813812441012,104.09829691896742,104.73438507529885,146430400,104.35289764404297,1
2007-12-04,103.44097900390624,104.27494728138124,103.40563898883764,103.6530083100594,136533900,104.36068962097168,0
2007-12-05,105.1725616455078,105.44819658618684,104.47994244815617,104.55061171402218,171130000,104.3773490524292,1
2007-12-06,106.67796325683594,106.8687907736697,105.0029516764674,105.04535539481668,154457400,104.40191905975342,1
2007-12-07,106.65673828125,107.07372246699153,106.40230524203724,107.01718059335984,148980100,104.42837131500244,1
2007-12-10,107.48370361328124,107.60385111844776,106.6214584263068,106.91829534217682,123914300,104.45941184997558,1
2007-12-11,104.5364990234375,108.05614817237448,104.47995713224113,107.5260800747042,250346400,104.49549415588379,1
2007-12-12,105.56829071044922,107.26451399821777,104.03462929899484,106.76271177805232,322435600,104.53174728393554,1
2007-12-13,105.34923553466795,105.58246672476636,104.10534663840323,104.8262420637746,237551300,104.5683703994751,1
2007-12-14,104.01348114013672,105.37752847587356,103.9640137319142,104.55061286050709,159152900,104.60473308563232,0
2007-12-17,102.52930450439452,103.80145923805378,102.38088070052764,103.61770619045603,177269400,104.63827922821045,0
2007-12-18,103.101806640625,103.52585474858084,101.74483328348826,103.25729418215516,245569300,104.66649059295655,0
2007-12-19,103.101806640625,103.8156279654566,102.43745274213536,103.14421037299402,198917200,104.6951904296875,0
2007-12-20,103.75199127197266,103.7943949916331,102.6070369198289,103.78025682365882,214813800,104.72302505493164,0
2007-12-21,105.24762725830078,105.45366995242247,104.50869234927964,104.7076338613624,146084400,104.75819820404053,1
2007-12-24,106.0291519165039,106.206778993754,105.49627068475364,105.73785174935104,45601400,104.7965463256836,1
2007-12-26,106.25650024414062,106.34885893511304,105.51046448854896,105.61703637870733,67093100,104.84558902740478,1
2007-12-27,104.92073822021484,105.8870297471828,104.6720668702158,105.87992856855224,122981700,104.88436016082764,1
2007-12-28,104.6578598022461,105.58862380759656,104.37365001796312,105.5388830297865,116398100,104.92115398406982,0
2007-12-31,103.88340759277344,104.87811472564772,103.77682485900463,104.51575945042094,108126800,104.95543800354004,0
2008-01-02,102.9739761352539,104.43763253086306,102.22795099622456,104.11079390000916,204935600,104.97932636260987,0
2008-01-03,102.92422485351562,103.37184851735796,102.36292810995556,102.95975243408168,125133300,105.0002693939209,0
2008-01-04,100.40192413330078,101.91531025135676,100.11772515557485,101.84425508617726,232330900,105.0004761505127,0
2008-01-07,100.31668853759766,101.05561254611216,99.54223693872704,100.75720030181796,234991000,105.00064220428467,0
2008-01-08,98.69671630859376,101.531637652301,98.36277652080666,100.94902644991512,326365700,104.99197288513183,0
2008-01-09,99.73406982421876,100.03248207872277,97.83701352247978,98.82461985577832,301824900,104.98915584564209,0
2008-01-10,100.3877182006836,101.46059272849858,99.02354349413112,99.24379934404108,335701200,104.99079780578613,0
2008-01-11,99.57772064208984,100.8211100014384,98.76064054254442,100.02534428073368,267076600,104.99203163146973,0
2008-01-14,100.38063049316406,100.79272668506316,99.75537960317943,100.29537295052916,170365500,104.99675472259521,0
2008-01-15,98.17092895507812,100.52982167763354,97.97908868149776,99.32194891356816,239940100,104.99032424926757,0
2008-01-16,97.32543182373048,98.84591927588608,96.8280781415295,97.5954284689955,378802600,104.97910587310791,0
2008-01-17,94.8031005859375,97.9648706378698,94.44784649843898,97.91512986170272,397892600,104.94991802215576,0
2008-01-18,93.82972717285156,95.93283657408216,93.14764525566628,95.73389511144508,348561500,104.91530288696289,0
2008-01-22,92.8776397705078,94.09260281282944,89.5240399464635,90.38375428276125,435923700,104.87456150054932,0
2008-01-23,95.10863494873048,95.3431039726292,90.12086398919271,90.29849105201036,511913000,104.84427474975585,0
2008-01-24,95.91152954101562,96.24546934492255,94.71786983223193,95.54916333084144,259949300,104.81740715026855,0
2008-01-25,94.52604675292967,97.16913925935263,94.21343211752968,96.99151213306884,269603900,104.78567832946777,0
2008-01-28,96.0891342163086,96.28807564777443,93.82971247109654,94.68232015473518,217934600,104.75952350616456,0
2008-01-29,96.565185546875,96.9488552581872,95.83336286601384,96.7001838583633,168968300,104.73343753814697,0
2008-01-30,95.85466003417967,98.43379732491636,95.63440423561894,96.33069920818065,334939200,104.69896633148193,0
2008-01-31,97.60248565673828,98.4337787597589,94.6396684408979,94.78176788012075,343680800,104.67186840057373,0
2008-02-01,99.17278289794922,99.19409728673976,97.70913704633216,98.00754933089974,206843600,104.65199184417725,0
2008-02-04,97.9222640991211,98.97381340107924,97.79436696102658,98.9098702527804,124694300,104.62600250244141,0
2008-02-05,95.30046844482422,96.80674236127732,94.97362990219082,96.5864865536633,286882500,104.58203651428222,0
2008-02-06,94.5331573486328,96.0962738680198,94.0784323458748,95.62023447774962,250792900,104.53619510650634,0
2008-02-07,95.15837097167967,95.76940854049234,93.59525488726248,93.64499567194892,297368100,104.49326972961425,0
2008-02-08,94.54737091064452,95.36445134568932,93.85817680115488,94.56157327470667,221643500,104.44252655029297,0
2008-02-11,95.03048706054688,95.37152801587412,93.81551307254236,94.56866099273908,188576300,104.39360340118408,0
2008-02-12,95.91152954101562,96.8493949593838,95.19390914298282,95.85468756997857,256654400,104.34950576782227,0
2008-02-13,96.89202117919922,97.38227368019096,96.01809893566885,96.63623773700776,181967800,104.31465297698975,0
2008-02-14,96.0394058227539,97.33963731561356,95.76940919887704,97.3041097322356,215207200,104.27420642852783,0
2008-02-15,96.01810455322266,96.07494652609044,95.14418225856332,95.5633796117782,154110300,104.23060665130615,0
2008-02-19,96.2880859375,97.26147881987104,95.64152079539402,97.14069371225168,145190000,104.18552017211914,0
2008-02-20,96.57231903076172,97.0199428782715,95.03761798915664,95.20104275851727,220085700,104.13985889434815,0
2008-02-21,95.7694091796875,97.34673847618504,95.25785317683344,97.0980670755818,201051200,104.0900777053833,0
2008-02-22,96.3591079711914,96.52253264501624,94.39810945873538,95.89728202880116,205491000,104.04394554138183,0
2008-02-25,97.5740966796875,97.80145367606605,95.76229852205104,96.30228087475842,190107000,104.0024524307251,0
2008-02-26,98.30593872070312,98.72513605795562,96.98439271596848,97.16201980885488,212420700,103.97015163421631,0
2008-02-27,98.20647430419922,98.86014074711996,97.63096422083954,97.7375361468328,168395800,103.93287109375,0
2008-02-28,97.24725341796876,98.0217155919469,97.0198964325905,97.51014882297744,170831100,103.89195030212403,0
2008-02-29,95.08023834228516,96.40177354524816,94.34130354242666,96.34494241433384,252715200,103.84005432128906,0
2008-03-03,94.85285186767578,95.07310769168052,93.95761537096422,94.5970684626874,189483500,103.78341438293457,0
2008-03-04,94.4905014038086,94.781801563214,93.06948482360151,93.9505081647724,282513100,103.72601295471192,0
2008-03-05,95.08734893798828,95.75522862808492,94.02868742480332,94.79603786609528,270681400,103.66697315216065,0
2008-03-06,93.11920166015624,94.65390195273572,92.75684638614216,94.48337608417312,247911700,103.59837295532226,0
2008-03-07,92.16001892089844,93.6023496296008,91.3571412245736,92.20264767619103,326434600,103.52539718627929,0
2008-03-10,90.94505310058594,92.31632877545051,90.65374212541428,92.25238563694802,235683600,103.44627647399902,0
2008-03-11,94.21339416503906,94.29865168203072,91.6200326610937,92.87763524419604,341440600,103.38833011627197,0
2008-03-12,93.33233642578124,95.04466340152908,93.19023698629633,94.31284098876408,229161100,103.32377243041992,0
2008-03-13,93.53843688964844,94.24184418654164,91.3713947026877,92.08900436327644,351504200,103.25831886291503,0
2008-03-14,92.0889663696289,94.36259039525872,90.78873508899656,94.3341748380922,484687800,103.18127571105957,0
2008-03-17,91.1582260131836,91.84030797694967,89.5737899634081,89.92904414830633,405311100,103.10013893127442,0
2008-03-18,94.94522094726562,94.98784970764004,92.3518593290356,92.80658417552178,334416600,103.03527568817138,0
2008-03-19,92.5934600830078,95.66995192083884,92.39450775641924,95.30759653903024,345971600,102.95858360290528,0
2008-03-20,94.3085479736328,94.9011908144646,92.29498958224016,92.85907617919251,245320700,102.89260318756104,0
2008-03-24,96.19361877441406,96.97190478423072,95.136862958554,95.18683913134326,208977300,102.84182647705079,0
2008-03-25,96.286376953125,96.78619280016876,95.51522783404248,96.29351328837978,192947200,102.80110874176026,0
2008-03-26,95.1082534790039,96.45776207618272,95.04399375894091,96.00793314057064,196934300,102.74770690917968,0
2008-03-27,94.8083953857422,95.99368146034624,94.50850569731976,95.8223112547442,225153200,102.6918949508667,0
2008-03-28,93.90155029296876,95.22250268007072,93.58024078926522,94.95831656071894,180896100,102.63732711791992,0
2008-03-31,94.23001098632812,94.772666817701,93.60166462724332,93.74446764653388,166692100,102.57655712127685,0
2008-04-01,97.54309844970705,97.7073213894195,95.32961335199154,95.4010203145654,254547300,102.5289557647705,0
2008-04-02,97.6073226928711,98.29992857637744,97.0932232557289,97.85723607584842,210910800,102.47862972259522,0
2008-04-03,97.85011291503906,98.1357298365813,96.90046797452922,97.0789744648038,175884800,102.43015075683594,0
2008-04-04,97.74298095703124,98.50699371166134,97.19317809871028,97.90720382296216,204446800,102.37979923248291,0
2008-04-07,97.7929916381836,98.94257376805685,97.6359050692441,98.44274692406545,154245500,102.33718948364258,0
2008-04-08,97.69303131103516,97.76442736571845,97.07182135378235,97.24319149632984,148937300,102.29112564086914,0
2008-04-09,96.98614501953124,97.67875105495814,96.3149588907529,97.5430843827364,195610600,102.24655662536621,0
2008-04-10,97.1218032836914,97.58591574779268,96.32208688908376,96.69338339746696,192967800,102.20519817352294,0
2008-04-11,95.23675537109376,96.47915316861112,94.97255844223169,96.02932436734392,222973300,102.1598307800293,0
2008-04-14,94.91545104980467,95.35100725429038,94.64412863540872,95.10110474378963,160522000,102.10543605804443,0
2008-04-15,95.13677978515624,95.45808914273584,94.48701384072127,95.37954588686824,172389200,102.05221809387207,0
2008-04-16,97.71441650390624,97.75725630053157,96.05073539889902,96.0650080676628,189268900,102.0117126083374,0
2008-04-17,97.85726165771484,98.00006467310396,96.86476599227862,97.12181577804772,179665700,101.9671382522583,0
2008-04-18,98.8782730102539,99.6494220512512,98.72118648920814,99.20672961657704,218530600,101.92573429107667,0
2008-04-21,98.92829895019533,99.23532488335384,98.42848295716313,98.6998054132826,118587400,101.88514335632324,0
2008-04-22,98.4927215576172,98.7569076197445,97.75012861706652,98.6712280093614,162166000,101.83956100463867,0
2008-04-23,98.3356704711914,99.09253635630785,97.9072504744368,98.59985662859198,193309000,101.7927710723877,0
2008-04-24,98.7640609741211,99.77797637547098,97.8500978609691,98.59269084756076,229381300,101.75579040527344,0
2008-04-25,99.67803192138672,99.88509466328016,98.47132626281532,99.53521800816708,190788100,101.71961612701416,0
2008-04-28,99.699462890625,100.14215556423969,99.52095637446772,99.87796940678228,105610200,101.67510837554931,0
2008-04-29,99.30670166015624,99.77081403511514,98.97110868927771,99.52804789729566,125514100,101.62701862335206,0
2008-04-30,98.72118377685548,100.38486487119104,98.72118377685548,99.45662933465113,208395900,101.5760717010498,0
2008-05-01,100.76334381103516,100.76334381103516,98.72837628494496,98.80691957933122,187279500,101.53561714172363,0
2008-05-02,101.04180145263672,101.6558641640595,100.3634790248858,101.63444425861675,181585500,101.4975393295288,0
2008-05-05,100.55628204345705,101.1132214471689,100.25639243339464,100.71336863375238,118504500,101.45492382049561,0
2008-05-06,101.42736053466795,101.53446003970056,99.74225931942232,99.9778891256624,179339800,101.42218528747559,1
2008-05-07,99.62084197998048,101.42017841658236,99.34237246751842,101.31307894839104,199267300,101.37876148223877,0
2008-05-08,99.36383819580078,100.19211078242874,99.235307879518,99.77797448911475,178321200,101.343443069458,0
2008-05-09,99.17820739746094,99.52808406097712,98.85689787534356,98.9640083128308,152588200,101.30610637664795,0
2008-05-12,100.29210662841795,100.3635026983442,99.05683368227176,99.428130289477,147865900,101.28696552276611,0
2008-05-13,100.30632781982422,100.59908097322432,99.77080854197077,100.53482127472216,159132200,101.27813045501709,0
2008-05-14,100.51343536376952,101.53448723579766,100.29208906396885,100.7276453263794,181910800,101.26234729766846,0
2008-05-15,101.77007293701172,101.84147985861487,100.55623153592391,100.70617081805736,166927000,101.25868541717529,1
2008-05-16,101.86289978027344,102.01283906244254,101.1131706839283,102.00570272834716,204236800,101.25299076080323,1
2008-05-19,102.14141845703124,103.03395093062436,101.60589897287538,101.97004829983952,165664400,101.24457378387451,1
2008-05-20,101.31316375732422,101.63447332603003,100.67768095871094,101.58449716409407,178552100,101.24538036346435,1
2008-05-21,99.59947204589844,101.47735266618244,99.2495954490327,101.25600639078232,252724800,101.2291423034668,0
2008-05-22,99.61373138427734,100.08499100795098,99.24958216334878,99.55660801518036,170820400,101.20748882293701,0
2008-05-23,98.27852630615234,99.72086170218492,98.1928466829802,99.28530545910844,181376400,101.17191398620605,0
2008-05-27,99.00679779052734,99.24956389312378,98.1999453314177,98.39273530473444,168322900,101.1555965423584,0
2008-05-28,99.46382904052734,99.96364508692744,98.53559301425705,99.37100216934851,181288100,101.14395599365234,0
2008-05-29,99.96360778808594,100.62764652442586,99.30670538718446,99.34240885471392,173927200,101.13298530578614,0
2008-05-30,100.21351623535156,100.49198583611158,99.92076306924876,100.29919583707216,117362000,101.13107215881348,0
2008-06-02,99.17820739746094,99.86367715379392,98.53558835322616,99.8422572453309,181069900,101.13091117858886,0
2008-06-03,98.59981536865234,99.69227391853748,97.9857527743562,99.4637913390058,271965700,101.12413005828857,0
2008-06-04,98.54986572265624,99.3638548785469,98.15001292961124,98.32137218653254,246637700,101.10791969299316,0
2008-06-05,100.52059936523438,100.59914267663484,98.76410115780456,98.94974403239917,237867100,101.10180912017822,0
2008-06-06,97.3145751953125,99.82081282169553,97.2645990528966,99.64230636489536,384276300,101.07864849090576,0
2008-06-09,97.55021667480467,98.17856296423042,96.6862514220151,97.72158681605828,228263900,101.05061672210694,0
2008-06-10,97.06468200683594,97.89295466070722,96.64340934320454,96.87189196434493,260234900,101.0206143951416,0
2008-06-11,95.63662719726562,97.29316155756008,95.62947996562488,97.0860988482121,283890100,100.97710590362549,0
2008-06-12,96.00076293945312,97.0146782290448,95.33672420066851,96.10787334243584,252791800,100.94027145385742,0
2008-06-13,97.21458435058594,97.47878124018196,95.97932307169916,96.51484228970496,244726900,100.92086654663086,0
2008-06-16,97.27174377441406,97.77155971750832,96.7219516845956,96.7862113997426,185832500,100.89182926177979,0
2008-06-17,96.80049896240234,97.90723041950248,96.65768506262218,97.8715378397283,191707700,100.86180751800538,0
2008-06-18,95.85796356201172,96.76477937782668,95.47239442424002,96.1721366569504,265893000,100.82200824737549,0
2008-06-19,95.97935485839844,96.56486129367424,95.32245237417656,95.78656482542104,304204900,100.77757553100587,0
2008-06-20,94.42144775390624,95.50501566279682,94.16311230514005,95.32561634975544,289275700,100.72989040374756,0
2008-06-23,94.32813262939452,94.88785746783064,94.23485245609672,94.7873943160514,165096400,100.68054275512695,0
2008-06-24,94.14160919189452,95.03860598509472,93.42401175733436,94.04114598904282,267300600,100.63750778198242,0
2008-06-25,94.58650970458984,95.72748692050472,94.1774848883627,94.52192856776458,287853900,100.59768215179443,0
2008-06-26,92.01748657226562,94.30662340918242,91.9098513713334,93.69667235445914,297775000,100.5390322113037,0
2008-06-27,91.51514434814452,92.46954967016532,91.1635233518113,92.05334209705136,303423400,100.47653396606445,0
2008-06-30,91.8380889892578,92.50545458190092,91.35012269060655,91.77350239650808,258842600,100.41199287414551,0
2008-07-01,92.12518310546876,92.18976426134708,90.36706570603378,90.79044566079656,388622000,100.34892227172851,0
2008-07-02,90.5464324951172,92.68487497523456,90.38138269814566,92.41935651391086,288064600,100.2807717514038,0
2008-07-03,90.63970184326172,91.2137818011953,89.69247374505387,91.2137818011953,239352500,100.19775268554687,0
2008-07-07,89.7140121459961,91.37883766502408,88.92465621000431,90.98416243444464,372427300,100.10694007873535,0
2008-07-08,91.30706024169922,91.41470090964732,89.12556423895595,89.69246664697297,375973700,100.02789112091064,0
2008-07-09,89.54896545410156,91.66587524550916,89.26192544641084,91.49365343082783,336729400,99.93860630035401,0
2008-07-10,89.91492462158203,90.26654569031716,88.6806566539694,89.2906131333598,436475700,99.85214099884033,0
2008-07-11,88.86724090576172,90.34549496520616,87.89848571220699,88.96053205225289,481124600,99.76149726867676,0
2008-07-14,88.06352233886719,90.05844152210896,87.83389147190768,89.88621974059726,322720800,99.66400749206542,0
2008-07-15,86.82209777832031,88.61609106932109,86.12602750543871,87.40335532749103,502502500,99.55713050842286,0
2008-07-16,88.95335388183594,89.39108863951178,86.90102532202768,87.15218326294844,371642900,99.46271183013916,0
2008-07-17,89.8431396484375,90.60379616963432,89.046606563162,89.80008558161087,375490600,99.36666431427003,0
2008-07-18,90.40291595458984,90.71865506358203,89.80730884413121,90.53925572728726,267030100,99.27415760040283,0
2008-07-21,90.45310974121094,90.99130752513364,89.8359758443264,90.78320372503715,222863000,99.18299743652344,0
2008-07-22,91.4792938232422,91.70892470914832,89.59200967595729,89.80729102673338,296904200,99.09612003326416,0
2008-07-23,91.97444152832033,92.67768379272088,91.52953472120277,91.773515167063,311698400,99.00525157928467,0
2008-07-24,90.06564331054688,92.14667668306129,89.81448533753361,92.09643961362544,248634500,98.90777225494385,0
2008-07-25,90.04411315917969,90.76888250274584,89.8216542694732,90.33832521031884,219131000,98.8050259399414,0
2008-07-28,88.72374725341797,90.46033174836433,88.56587494027121,90.06565644033141,205201300,98.69659641265869,0
2008-07-29,90.61817932128906,90.68993795090068,88.72372303041303,88.96770894089157,261505600,98.60028915405273,0
2008-07-30,92.23278045654295,92.28301752358055,90.61818652517938,91.21379360048674,354710000,98.50901611328125,0
2008-07-31,91.01285552978516,92.26147861804564,90.86933280277304,91.42188572081332,277402100,98.41630844116212,0
2008-08-01,90.53209686279295,91.335802502392,90.0297753632095,91.22098975737818,248690900,98.32554321289062,0
2008-08-04,89.69249725341797,90.51773535617994,89.52745291776577,90.4459767113384,188239600,98.22891902923584,0
2008-08-05,92.11078643798828,92.25430370271395,89.67813211950867,90.4316059715676,251577600,98.14636520385743,0
2008-08-06,92.519775390625,92.7852937247774,91.47926741172562,91.866770446345,209555400,98.0800622177124,0
2008-08-07,91.14205932617188,92.1682239624891,90.8047876277213,91.82377475613858,246312500,98.00379646301269,0
2008-08-08,92.83554077148438,93.23739342777976,90.68992680329038,90.83344951970432,260811700,97.93168659210205,0
2008-08-11,93.79715728759766,94.37122642531492,92.73510529355347,92.9073326046688,249425800,97.86537437438965,0
2008-08-12,92.82121276855467,93.78996252905864,92.3762950081243,93.48857298470192,213200800,97.79291023254395,0
2008-08-13,92.26145935058594,93.03645454044384,91.6156154261548,92.41932063025168,256393200,97.71135719299316,0
2008-08-14,92.95755767822266,93.4885836692543,91.6730632150202,91.7376443498348,239555300,97.63148235321044,0
2008-08-15,93.40962982177734,93.6464382208934,92.78532373753076,93.23740254523892,181000800,97.55764911651612,0
2008-08-18,92.13232421875,93.63210006682174,91.60848121409497,93.5962180090417,172275100,97.47181079864502,0
2008-08-19,91.127685546875,91.63000697458844,90.79759142429188,91.43625262502518,194673700,97.39374137878418,0
2008-08-20,91.55105590820312,91.81656337938384,90.6612314012128,91.4147106825704,225498200,97.31718807220459,0
2008-08-21,91.70892333984376,92.16818510479884,90.8478034244289,90.95544409820975,180609800,97.2454880142212,0
2008-08-22,93.03650665283205,93.03650665283205,91.7089579167287,92.3332642053412,167715300,97.17328758239746,0
2008-08-25,91.14918518066406,93.03646366446112,90.9554363641988,92.42651267284236,171936900,97.1063510131836,0
2008-08-26,91.41475677490234,91.75920602786928,90.833504477533,91.1492436950146,159117200,97.04339263916016,0
2008-08-27,92.30452728271484,92.4480445264738,91.35012173470533,91.52952102681996,171032800,96.99202129364014,0
2008-08-28,93.42398834228516,93.53162355062518,92.64898199324148,92.77097221258192,167537100,96.9513362121582,0
2008-08-29,92.41935729980467,93.38811809599896,92.2184309190582,93.09390055645356,189195800,96.8901496887207,0
2008-09-02,91.84526824951172,93.79713907260658,91.50799667428268,93.30916726070856,252364900,96.827541847229,0
2008-09-03,91.76632690429688,92.21123913409352,91.08461176210996,91.76632690429688,251947000,96.7720662689209,0
2008-09-04,89.00359344482422,91.29990812073063,88.95336185213927,91.1133312872581,340042500,96.70189357757569,0
2008-09-05,89.283447265625,89.66377292676142,87.54686325919742,88.47256435555735,289503400,96.64029369354247,0
2008-09-08,91.127685546875,92.02468770530372,89.28346058439611,91.8811594761952,364075300,96.5848049545288,0
2008-09-09,88.42235565185547,91.3932085556327,88.12096604708593,91.20663169203704,377326800,96.52624980926514,0
2008-09-10,88.7811508178711,89.62791596518193,87.94156317748248,88.9031410613805,298916600,96.4608309173584,0
2008-09-11,90.06564331054688,90.23068763216992,87.25983509462287,87.63298877581389,375369400,96.41307182312012,0
2008-09-12,90.48182678222656,90.56794041570252,88.86006107966969,89.19015512907946,297851200,96.36166900634765,0
2008-09-15,86.17623901367188,90.16608288583924,86.0327217737743,87.28133928034484,483607000,96.27262420654297,0
2008-09-16,87.61860656738281,87.77647880851323,83.95886237915516,84.10237961209292,581744300,96.19061450958252,0
2008-09-17,83.67900085449219,87.43920824172191,83.24126617198058,85.85331925870105,624095600,96.08367702484131,0
2008-09-18,86.16192626953125,87.39619476905982,81.66259263212653,84.71238181823655,776114700,95.99261699676514,0
2008-09-19,89.58373260498047,92.38412439330423,89.01354867645779,91.44584592732558,501087800,95.92333076477051,0
2008-09-22,87.55562591552734,90.0384515108604,86.86996455953721,89.82192397395615,249966500,95.8352460861206,0
2008-09-23,85.56359100341797,88.068062574807,85.36871513211211,87.22361514987797,327470400,95.72967422485351,0
2008-09-24,85.83783721923828,86.61011048412752,85.01504161016086,86.14097128436731,311818400,95.62557971954345,0
2008-09-25,87.18028259277344,87.98864549708361,85.48416925960326,86.17704938907407,328253000,95.52406261444092,0
2008-09-26,87.22359466552734,87.69273384915239,85.53470021230402,85.76566027872403,285917400,95.43749809265137,0
2008-09-29,80.38861083984375,86.13374717012452,80.09269584314283,85.98939919707854,459562300,95.31159969329833,0
2008-09-30,83.71588897705078,84.30051097582093,79.77512955305835,81.92594975113525,328154400,95.20343296051026,0
2008-10-01,83.76641082763672,84.22111743583258,82.24351593110666,83.19622693450968,332783000,95.10219760894775,0
2008-10-02,80.72785186767578,83.08076177498177,80.157667891332,82.96527896667365,365337800,94.99319034576416,0
2008-10-03,79.63800048828125,83.3261484365203,79.16164770488389,81.4568160414933,461798000,94.87587131500244,0
2008-10-06,75.58175659179688,77.67483534360925,72.6370115412411,77.33561153300057,610637500,94.7382710647583,0
2008-10-07,72.1967544555664,77.46553916299683,71.92249104725289,77.11187719455177,540012100,94.58049488067627,0
2008-10-08,70.37791442871094,73.74848897815146,69.87268561950842,70.38512797123423,725414800,94.40614631652832,0
2008-10-09,65.46280670166016,72.62258006335766,65.1380209879856,71.92969983606872,534485200,94.2033145904541,0
2008-10-10,63.8749885559082,67.80131729815608,60.32397356453565,62.61914286511065,871026300,93.99140703201294,0
2008-10-13,73.14945983886719,73.14945983886719,64.92149766486445,67.75076565727596,455584000,93.8325506401062,0
2008-10-14,72.06682586669922,76.16637117637684,70.0892299534195,75.56731661111151,546268300,93.66959547042846,0
2008-10-15,64.97203826904297,70.5872670289724,64.74829716716175,70.34186876638783,484627500,93.47503862380981,0
2008-10-16,67.6785888671875,68.4003398674014,62.46033221929394,65.88864947030997,708811200,93.29856168746949,0
2008-10-17,67.27439880371094,71.15741655228211,66.14846919400736,66.39386184985672,476649000,93.12031255722046,0
2008-10-20,71.31623077392578,71.52553927233085,67.90956439779045,68.81897240652728,321294200,92.97488409042359,0
2008-10-21,69.18704986572266,71.1935167230689,68.7251296758238,69.9881938996304,356502000,92.8192358970642,0
2008-10-22,65.41951751708984,69.18705903955833,63.17487121548925,67.26719852167795,516168000,92.65284990310668,0
2008-10-23,66.17731475830078,66.72584125360328,61.93341767520392,65.16686280963391,634666400,92.4850661277771,0
2008-10-24,62.82122039794922,64.89986171572733,60.62709625369911,60.67039956036399,545812600,92.29723363876343,0
2008-10-27,60.59098434448242,64.60392299304891,60.41054662397292,62.04892420985166,397288600,92.10229995727539,0
2008-10-28,67.67137145996094,68.01780883663992,61.009607685295016,63.03772611806649,639939500,91.93875366210938,0
2008-10-29,67.18060302734375,70.13256279264155,66.47328442836995,67.67860761097945,531270100,91.7838020324707,0
2008-10-30,69.50463104248047,69.67784975944478,67.05067627497051,69.12931739811344,414582100,91.64469802856445,0
2008-10-31,69.88712310791016,71.1429678111348,68.19101002768062,68.62405935570419,411394000,91.52011814117432,0
2008-11-03,70.08921813964844,70.5078349103485,69.25198459824828,69.851039062541,205419400,91.4014155960083,0
2008-11-04,72.47103118896484,72.79581698402109,69.80054879313151,71.49666279074823,346793400,91.29938255310059,0
2008-11-05,69.42523193359375,72.68754410033999,68.56634646317808,71.59769852525665,387844100,91.1709655380249,0
2008-11-06,65.57830810546875,68.88392960208908,65.00090499891944,68.17661107189238,477721900,91.01929943084717,0
2008-11-07,67.74354553222656,67.84459022608401,65.31846186660216,66.14847657173648,380391000,90.88538692474366,0
2008-11-10,66.85580444335938,68.9488837983029,65.62161068561737,68.71792365954165,301773000,90.7392202758789,0
2008-11-11,64.79158020019531,66.5021319298607,63.98322266234655,65.50611760364444,418498200,90.5803522491455,0
2008-11-12,61.94067001342773,64.19974863969566,61.43544652081928,63.680092550094,454330600,90.41078229904174,0
2008-11-13,65.80204010009766,66.20622442143528,59.248539424482445,62.16441424719922,753141900,90.25178007125855,0
2008-11-14,62.518062591552734,66.44438359560617,62.44588309904662,64.53174818768152,540352300,90.06850646972656,0
2008-11-17,61.68806457519531,63.91827272900942,61.46432350652136,62.34485518274813,415254900,89.88733547210694,0
2008-11-18,62.85010528564453,62.95115002834448,59.84040364981277,61.45712503953749,523811800,89.72508365631103,0
2008-11-19,58.82268905639648,62.69849275939268,58.40407227896985,62.00561266564592,558327600,89.54653131484986,0
2008-11-20,54.45608139038086,59.55164444782321,54.16738555123389,57.83387446968988,814180400,89.34301986694337,0
2008-11-21,57.39363479614258,58.38965466038562,53.65496454576992,55.90682955783798,718536500,89.15725118637084,0
2008-11-24,61.37049102783203,62.785122427985314,57.99991493890197,59.12584481715134,523305300,88.98895120620728,0
2008-11-25,61.82516860961914,63.16040632500892,60.49714443665156,63.00883933632888,454112400,88.81851940155029,0
2008-11-26,64.2142105102539,64.37299666856471,60.800324626146896,60.84363344620219,370134200,88.65513034820556,0
2008-11-28,65.02252960205078,65.0514002960203,63.8605158322784,63.96877405151179,118308100,88.50004596710205,0
2008-12-01,59.26300430297852,63.18933344311773,59.08256646391367,63.160462728084255,369927100,88.31627046585083,0
2008-12-02,61.543704986572266,61.7024910866857,59.212452353883,60.24455649809728,469508400,88.14254856109619,0
2008-12-03,63.02327728271485,63.3913717187978,60.00635883109304,60.19401557391277,519863500,87.97480335235596,0
2008-12-04,61.56536483764648,63.5501801629261,60.43942949050653,62.11389165375422,444173800,87.80378313064575,0
2008-12-05,63.46358871459961,63.817245291301234,59.356822270005175,60.37449419298504,471905300,87.63930553436279,0
2008-12-08,65.67933654785156,66.67535087798727,63.571825092277166,65.20297827701094,412859300,87.47983173370362,0
2008-12-09,64.5967025756836,66.49490537293393,64.22139454783427,65.2246278121192,370790000,87.31128555297852,0
2008-12-10,65.03697204589844,65.93916064324303,64.23582813093466,65.18853906946966,396187400,87.14543804168702,0
2008-12-11,63.47080612182617,65.67936316506906,63.05940813325103,64.62560701023668,365061000,86.9765558052063,0
2008-12-12,64.22862243652344,64.28636384032602,61.49318537976416,61.74580264476958,415060400,86.82229772567749,0
2008-12-15,63.33365631103516,64.34410890904016,62.27990041097342,64.25027774588571,256694200,86.66470174789428,0
2008-12-16,66.31444549560547,66.41549014266454,63.64397038358118,66.31444549560547,377699500,86.52382146835328,0
2008-12-17,65.67212677001953,66.71145004841719,65.00089807047497,65.56386301076586,281819800,86.37674535751343,0
2008-12-18,64.44514465332031,66.1629099764065,63.6656522855913,65.96803963773569,374673300,86.23337507247925,0
2008-12-19,64.16792297363281,65.93601536610126,64.09515753798667,64.83004513847065,301451300,86.09341459274292,0
2008-12-22,63.345733642578125,64.51718634976524,62.203386005589856,64.45170410523623,243759500,85.95541799545288,0
2008-12-23,62.69087600708008,63.97874317707908,62.42893598077124,63.68769808659999,221625200,85.79780540466308,0
2008-12-24,63.05467224121094,63.20746964350515,62.57444707580973,62.90186928769411,62061600,85.64641708374023,0
2008-12-26,63.418453216552734,63.52031811294701,62.938228232505,63.47665776362052,74767700,85.49581716537476,0
2008-12-29,63.23659133911133,63.54218622409175,62.28341841039994,63.47669843375362,127795900,85.35155529022217,0
2008-12-30,64.7354507446289,64.79366086627287,63.21474323621106,63.67314100512887,168256300,85.2194414138794,0
2008-12-31,65.65953063964844,66.19068842905781,64.6627084044691,64.81550585180554,193987200,85.07301296234131,0
2009-01-02,67.63861846923828,67.98787367839638,65.37575114141573,65.80504388702208,227566300,84.94823875427247,0
2009-01-05,67.55860900878906,68.14797707222144,66.86010385141138,67.39853386936856,240349700,84.81448905944825,0
2009-01-06,68.00968933105469,68.72274383095053,67.43487691921572,68.13338166555589,328260900,84.67356941223144,0
2009-01-07,65.9723892211914,67.12929186496913,65.63041167522427,66.94011173398715,280899200,84.52199947357178,0
2009-01-08,66.24159240722656,66.27796956404896,65.2447650497656,65.60129782468938,263834400,84.3776661682129,0
2009-01-09,64.82276153564453,66.44533401035808,62.10877979230481,66.32891931621008,330953600,84.2277379989624,0
2009-01-12,63.26568222045898,64.69180259149593,62.87277773695457,64.64086456639438,277858500,84.07455865859986,0
2009-01-13,63.382102966308594,63.94236018330542,62.719975249543545,63.10561318471869,356432300,83.92031911849976,0
2009-01-14,61.38844680786133,62.39254643128911,60.508039530196285,62.23974902454289,435491600,83.73954586029053,0
2009-01-15,61.410282135009766,62.02874949480121,59.46028720743512,61.206552233075975,532647300,83.55856065750122,0
2009-01-16,61.89049911499024,62.56717657462422,60.42800714676778,62.47258928178925,399237200,83.37876258850098,0
2009-01-20,58.62354278564453,61.89051042708855,58.24518799392727,61.28659829134125,419855200,83.18316539764405,0
2009-01-21,61.15561676025391,61.29385887194866,58.55077188182878,59.62035936578243,364360700,82.9999785232544,0
2009-01-22,60.209716796875,61.148334196169394,59.06009186894332,59.969604207264695,427940300,82.81256195068359,0
2009-01-23,60.47164535522461,61.11193992184064,58.62351596721225,58.86362851140141,386800600,82.62998945236205,0
2009-01-26,60.886417388916016,62.10880265924819,60.25339456189984,60.8209295889782,317978800,82.44881252288819,0
2009-01-27,61.5048828125,61.9560030872266,60.60992546984481,61.21383765303847,273789700,82.28015316009521,0
2009-01-28,63.58582305908203,63.9932827904352,62.62537829859063,62.8654908765191,330007000,82.12350502014161,0
2009-01-29,61.5193977355957,63.65856631812099,61.46118763167393,62.65446700596508,294392500,81.9554181098938,0
2009-01-30,60.26794052124024,62.13789808882779,59.81682030117521,61.83230320647279,383383600,81.76818572998047,0
2009-02-02,60.08601379394531,60.52257852866331,59.16194631342413,59.35112640058325,288233300,81.57932949066162,0
2009-02-03,60.9300651550293,61.38118539277992,59.82410030119532,60.46439515854928,278385800,81.38958845138549,0
2009-02-04,60.63176727294922,62.1160929423237,60.42075962104919,61.33755014797408,322989300,81.19810579299927,0
2009-02-05,61.53395462036133,62.05783451395512,56.557106733663765,60.17332242734535,417679400,81.01331195831298,0
2009-02-06,63.28751373291016,63.54944819884224,61.61400868455407,61.7449786931317,366101700,80.83807117462158,0
2009-02-09,63.37483978271485,63.84050981130911,62.80730478231711,63.272974810911386,240075200,80.66112506866455,0
2009-02-10,60.47164535522461,63.323874176362,59.99142026684629,62.77088922492623,536212800,80.46509313583374,0
2009-02-11,60.82820129394531,61.15562915915223,59.95507142250887,60.71905867220967,324442500,80.27073682785034,0
2009-02-12,60.87184524536133,60.988259939563655,58.97278301384035,59.78770252692514,469302200,80.07856254577636,0
2009-02-13,60.21700286865234,61.29386251909208,60.20244756051952,60.79181541298071,293998400,79.88604164123535,0
2009-02-17,57.64128494262695,60.362545725617416,57.60490220960549,58.3252403546057,478910100,79.67043134689331,0
2009-02-18,57.5030403137207,58.16516834201591,56.95733259637997,58.056025688302576,362964800,79.45273754119873,0
2009-02-19,56.88459014892578,58.3179837482497,56.76816980221447,58.09242071430345,316867500,79.23437908172608,0
2009-02-20,56.33156204223633,57.00096187636697,55.13100449220896,55.829514942250086,477176600,79.00890008926392,0
2009-02-23,54.31608581542969,56.95003037561069,54.272425442040245,56.95003037561069,379641400,78.78237630844116,0
2009-02-24,56.37521743774414,56.71718942737232,54.35245725475461,54.781749981958086,426260900,78.56743320465088,0
2009-02-25,55.931373596191406,57.059165581920745,55.02913334614052,56.1278258216824,461985800,78.35119903564453,0
2009-02-26,55.02187347412109,57.96869081882311,54.95638568358599,56.62261334893029,363353900,78.12484786987305,0
2009-02-27,53.79220962524414,55.07280482965616,53.704894423389696,53.850419759813775,470510900,77.89227727890015,0
2009-03-02,51.3692626953125,53.7849275700688,51.2019155111467,52.76627250333996,426452600,77.64655641555787,0
2009-03-03,50.983619689941406,52.1696216940209,50.67074724636896,52.10413947503294,443761000,77.39262414932251,0
2009-03-04,52.19145584106445,53.02093060781734,50.98362085190559,51.827650924024674,462753100,77.14426692962647,0
2009-03-05,50.05955505371094,52.19145192984908,49.60115733981065,51.00544443639614,485549400,76.88385761260986,0
2009-03-06,50.146881103515625,51.260123542754336,48.82263109293003,50.49613635466105,490470000,76.62802619934082,0
2009-03-09,49.55751419067383,50.93269655352103,49.28102440782371,49.44109393396428,379905300,76.3778164100647,0
2009-03-10,52.51161193847656,52.65713726802129,50.47430728586374,50.57617224093319,406227900,76.14230581283569,0
2009-03-11,52.85357666015625,53.66122400108391,52.264214484806686,53.11551663836102,356648300,75.91518106460572,0
2009-03-12,54.934532165527344,55.11643458991651,52.36607082134779,52.83901823500391,409702700,75.69481973648071,0
2009-03-13,55.36383438110352,56.01141229635935,54.3742900286132,55.30562980829089,337474700,75.47431976318359,0
2009-03-16,55.19649505615234,56.73175260058553,55.160112335654894,55.99686494608238,360644900,75.25048419952392,0
2009-03-17,56.88459014892578,57.015560263362175,54.89821100517848,55.3493315218433,356814300,75.0338395690918,0
2009-03-18,58.157840728759766,58.86362299180202,56.07687664336101,56.61530624096411,473273200,74.82873773574829,0
2009-03-19,57.43751907348633,58.93639347687754,57.25561662448362,58.88546101320567,428520400,74.62292625427246,0
2009-03-20,56.214447021484375,57.82664937127708,56.08253960732821,57.71672559432101,371078200,74.4112491607666,0
2009-03-23,60.25226974487305,60.30356675815436,57.38694997042461,57.70206179228269,419933300,74.2099075126648,0
2009-03-24,59.06512451171875,60.35488564429149,58.99917358115123,59.53412754338935,330271000,74.01866025924683,0
2009-03-25,59.687984466552734,60.60400636193233,57.93655104986327,59.526769309367246,441775100,73.82934909820557,0
2009-03-26,60.90448760986328,61.04372478052249,59.5927430811573,60.27426385660888,422025200,73.6485481262207,0
2009-03-27,59.805267333984375,60.47945843837179,59.58541973470484,60.12770898867257,322332300,73.4693913269043,0
2009-03-30,57.73870849609375,58.53015297095001,57.13046845017891,58.47885595448463,324108500,73.2780810546875,0
2009-03-31,58.27366638183594,59.41686590040243,57.92924672768966,58.30297976343568,364238300,73.08337646484375,0
2009-04-01,59.40219879150391,59.66601360109242,57.4016096749053,57.54817097314108,377018300,72.8940287399292,0
2009-04-02,61.13900375366211,62.0037291860434,59.4535201782038,60.88251858112474,476230700,72.7157212638855,0
2009-04-03,61.74724197387695,61.761895872841855,60.582058527184806,61.18296902197632,284646300,72.54516765594482,0
2009-04-06,61.26359176635742,61.76190829575525,60.30360184878038,61.07305749574574,264866600,72.37158884048462,0
2009-04-07,59.83460235595703,60.56742049726463,59.732008263450666,60.274292122549845,258947800,72.19865461349487,0
2009-04-08,60.47945022583008,60.77990819798229,59.75396219225279,60.13502497617498,230402800,72.02941120147705,0
2009-04-09,62.883113861083984,62.89044360690999,61.79854629906759,62.04770174757263,269653500,71.873118724823,0
2009-04-13,62.89773178100586,63.41803157160615,61.98170984171923,62.23086512554717,224847500,71.71467483520507,0
2009-04-14,61.81315231323242,62.84642762686414,61.615294056874,62.3114684151559,276598800,71.56365316390992,0
2009-04-15,62.47271728515625,62.597294968998064,61.270896543603925,61.439441506223766,250726100,71.41844102859497,0
2009-04-16,63.38875961303711,63.86509245086423,62.12098196075491,62.97105355945657,335202900,71.27619438171386,0
2009-04-17,63.81379318237305,64.23149922135657,63.124942468942855,63.63058868122312,262649000,71.13463743209839,0
2009-04-20,61.13900375366211,63.791806830516656,61.07304722874825,62.68525012504694,293690100,70.9876002883911,0
2009-04-21,62.33344268798828,62.38473967941479,60.64063637996072,60.69193337138723,114090900,70.84606899261475,0
2009-04-22,61.95241928100586,63.2714880047165,61.607994010456366,61.76921482568858,340395200,70.70726102828979,0
2009-04-23,62.56064987182617,62.59728740272737,61.28554303182728,62.07698749990478,324903700,70.56352897644042,0
2009-04-24,63.5059928894043,63.98231998407232,62.79515873268224,63.04431409968052,287703000,70.43331411361694,0
2009-04-27,62.90507888793945,63.76247998514135,62.68523689685291,62.78783094421788,289581600,70.29826488494874,0
2009-04-28,62.70721435546875,63.45468599701058,62.11363376980449,62.26752482568205,247926300,70.16746475219726,0
2009-04-29,64.04093170166016,64.75176569135503,63.24216317531341,63.40337835616012,311505700,70.04735179901122,0
2009-04-30,64.06294250488281,65.23545008212423,63.69653353756004,64.89103034924483,301419800,69.93355602264404,0
2009-05-01,64.40733337402344,64.64183476402523,63.549938190981344,64.07756771622391,236110300,69.81082592010497,0
2009-05-04,66.5984878540039,66.64246072927008,64.76644312835612,64.89102641882734,287120000,69.69460266113282,0
2009-05-05,66.37129974365234,66.63511456641983,65.83634035555288,66.37129974365234,243036300,69.57444458007812,0
2009-05-06,67.52186584472656,67.56583314589017,66.40065493738327,67.18477015690144,291941000,69.45978836059571,0
2009-05-07,66.58382415771484,68.26197755036524,66.15878850208337,68.1593835081033,317728000,69.33531101226806,0
2009-05-08,68.13739776611328,68.31327246299738,67.00885774510843,67.44121753973093,299081700,69.21612579345702,0
2009-05-11,66.86229705810547,67.49985058117974,66.7157357288949,67.19939258805485,247923600,69.10010906219482,0
2009-05-12,66.66441345214844,67.2946369927471,65.84365578298514,67.14807012809962,282431300,68.98321056365967,0
2009-05-13,64.98625183105469,65.96090038350445,64.8543444661295,65.76303654063994,269619100,68.86452308654785,0
2009-05-14,65.54322814941406,66.04154449475412,64.8543776038379,65.01559842011797,260098700,68.73914833068848,0
2009-05-15,65.00830078125,65.9536369146078,64.59792438511046,65.49196346895081,271502700,68.60302593231201,0
2009-05-18,66.8549575805664,66.93556237948626,64.90565992134455,65.62382368815129,241447400,68.48223644256592,0
2009-05-19,66.77432250976562,67.39721617233083,66.54714531728901,66.81828976400814,206102200,68.36344757080079,0
2009-05-20,66.32735443115234,68.0055082129104,66.25407375411046,67.3826084806613,285722200,68.24662185668946,0
2009-05-21,65.3746566772461,65.80702196359654,64.67848220159168,65.55786107515037,258988400,68.11294120788574,0
2009-05-22,65.23545837402344,65.95362250128107,64.98630292823393,65.55790009535843,166811900,67.97651962280274,0
2009-05-26,66.90629577636719,67.09682445975326,64.72249534537994,64.75180874073745,236318500,67.85534080505371,0
2009-05-27,65.7117691040039,67.23603143085992,65.6091750619036,67.00885970777436,246015800,67.7197219467163,0
2009-05-28,66.62779235839844,66.93557448944729,65.29406419956402,66.29069684473217,289095000,67.58387512207031,0
2009-05-29,67.80762481689453,68.6650202337639,66.45191311150221,66.994196675468,258641500,67.45880718231201,1
2009-06-01,69.44913482666016,69.74226304113357,68.46716173777321,68.643036430075,276246800,67.34474555969238,1
2009-06-02,69.50775909423828,69.88882743667006,69.05341568951138,69.17799335913293,230874500,67.22749656677246,1
2009-06-03,68.62837219238281,68.98012152397467,67.97616494872454,68.91417062090926,235310500,67.10359027862549,1
2009-06-04,69.2732925415039,69.3758866259214,68.37192942969908,68.88489985178651,210102300,66.98929512023926,1
2009-06-05,69.2879409790039,70.10869352339017,68.73832750404921,69.97678606576275,284257900,66.8800963973999,1
2009-06-08,69.00210571289062,69.69095043321111,68.18134801415786,68.76759872100605,238565100,66.76735164642334,1
2009-06-09,69.35389709472656,69.72030610540916,68.89954790873531,69.39054023217794,225125500,66.65557651519775,1
2009-06-10,69.1780014038086,69.97677012175265,68.29129253716404,69.9694459692447,296100400,66.53628398895263,1
2009-06-11,69.48576354980469,70.43109891031786,69.29522941124003,69.30988889395128,275414200,66.42796688079834,1
2009-06-12,69.67631530761719,69.72028258496005,68.88487076971025,69.17799899755977,184361800,66.31927467346192,1
2009-06-15,68.07876586914062,68.89951812000413,67.71235701687502,68.85555084683799,224190500,66.19814586639404,1
2009-06-16,67.1553955078125,68.36454550559621,67.11142824675072,68.32057824453442,227319000,66.06680290222168,1
2009-06-17,67.08948516845703,67.66108227157747,66.56185535297439,67.12612271116946,223445200,65.94015354156494,1
2009-06-18,67.58045959472656,67.9102253741224,66.86962542171804,67.19206704847396,211725100,65.81882949829101,1
2009-06-19,67.82958221435547,68.31597133557318,67.44636109093244,68.22754001673756,215655600,65.69914577484131,1
2009-06-22,65.79554748535156,67.20313864088207,65.77343966574227,67.1662885265079,251913600,65.58310554504395,1
2009-06-23,65.8471450805664,66.23773161787891,65.47866636649213,65.93558199605827,188309800,65.46592403411866,1
2009-06-24,66.4145736694336,67.12205178722267,66.031352841546,66.44405262715851,211577700,65.34235847473144,1
2009-06-25,67.85904693603516,67.92537041122574,66.00928206434759,66.08297668873917,279411000,65.23954193115235,1
2009-06-26,67.6821517944336,67.9769358217863,67.26208638278074,67.6305650113372,167579000,65.13404693603516,1
2009-06-29,68.31592559814453,68.40436248031237,67.50527385715164,67.8811235781939,168481300,65.02529834747314,1
2009-06-30,67.76321411132812,68.58123707510589,67.2620829769646,68.33067431919282,228888200,64.91170528411865,1
2009-07-01,68.04328918457031,68.70655207721043,67.95485225803841,68.05065471154322,173041100,64.82104053497315,1
2009-07-02,66.18610382080078,68.06534634741247,66.14925934574173,67.15888679842041,212309900,64.71387802124023,1
2009-07-06,66.17876434326172,66.27456676315985,65.33863351480815,65.54498064845812,174499600,64.62637683868408,1
2009-07-07,64.8964614868164,66.19350797804071,64.85224584567933,66.11244222093055,197088900,64.5200495147705,1
2009-07-08,64.85224151611328,65.44180959709311,64.11528422615746,65.28704361836903,248050500,64.39639205932617,1
2009-07-09,64.97753143310547,65.5155127992901,64.78592656079962,65.30179448245174,163777600,64.28350158691406,1
2009-07-10,64.8227310180664,65.21331729214391,64.37318684006225,64.63112064157237,173520300,64.17979728698731,1
2009-07-13,66.39985656738281,66.45144335733625,64.55009203184403,65.08070222710124,217413500,64.08260738372803,1
2009-07-14,66.77571105957031,66.83466900150563,66.12719056589822,66.60620838214096,181487400,63.98058452606201,1
2009-07-15,68.72863006591797,68.91286936597054,66.82727913996659,67.66003875209077,220877900,63.88810970306397,1
2009-07-16,68.61808776855469,69.64982900955077,68.40436949829186,68.53702202388473,231174500,63.82925708770752,1
2009-07-17,69.3697509765625,69.50977458678109,68.93494910435624,69.31816421846116,138561700,63.75752639770508,1
2009-07-20,70.10674285888672,70.2246587205481,69.41400685050819,69.77511433740513,164179400,63.68922805786133,1
2009-07-21,70.43096923828125,70.67416635961438,69.58346769646069,70.65205855268134,217718300,63.637743644714355,1
2009-07-22,70.41627502441406,70.84370600204097,69.9298804885286,69.98146727664934,196068100,63.59163501739502,1
2009-07-23,71.97125244140625,72.28077315724275,70.40152979780774,70.46048773107316,258795500,63.57358249664307,1
2009-07-24,72.26600646972656,72.32496438309111,71.25637891040495,71.6322229573978,154003100,63.57392875671387,1
2009-07-27,72.47974395751953,72.51659406880302,71.73541556538648,72.13337315259017,159259400,63.58443790435791,1
2009-07-28,72.14075469970703,72.49449670239872,71.52907874845806,71.97125765745727,186685200,63.61782764434815,1
2009-07-29,71.9638900756836,72.28814750313578,71.47012997504385,71.80912969888033,194399300,63.658272151947024,1
2009-07-30,72.71556854248047,73.57044162819003,72.66398176127645,72.83348439811108,225575400,63.65610269546509,1
2009-07-31,72.81873321533203,73.30512762662413,72.50184142018207,72.70082299663312,207358000,63.659862232208255,1
2009-08-03,74.02000427246094,74.08632774073301,73.18723879834143,73.58519647559044,175776900,63.70510206222534,1
2009-08-04,74.21160125732422,74.31477483424298,73.53360185970428,73.68836222508243,176714600,63.737767124176024,1
2009-08-05,73.99787902832031,74.32950753668283,73.38620317085946,74.2631784614878,184726400,63.77138452529907,1
2009-08-06,73.61466979980469,74.44742958750442,73.26829894307254,74.33689048219706,193203800,63.78287672042847,1
2009-08-07,74.58008575439453,75.19176173861439,73.98315206662309,74.3884808808745,220640900,63.80984189987183,1
2009-08-10,74.42532348632812,74.5948261559471,73.89471327843738,74.24108414317375,130898700,63.85487092971802,1
2009-08-11,73.49673461914062,74.14525484798845,73.29775305199806,74.09366807549529,157301000,63.891468029022214,1
2009-08-12,74.2853012084961,74.84538473178846,73.33462557686957,73.371470069894,219052400,63.94878843307495,1
2009-08-13,74.85274505615234,74.88222401983234,73.88733289141649,74.62429011580414,176449500,64.0200972366333,1
2009-08-14,74.27794647216797,74.87488024291213,73.47465988023399,74.81592229400076,199616100,64.05313011169433,1
2009-08-17,72.45026397705078,72.92191615767,72.30287477905884,72.84822155867403,237667500,64.07947841644287,1
2009-08-18,73.02511596679688,73.28305558979535,72.47976899117802,72.61242156606257,173461500,64.09708084106445,1
2009-08-19,73.66624450683594,73.9168128903566,72.37656934609468,72.45026394505811,192812800,64.11597644805909,1
2009-08-20,74.42532348632812,74.5948261559471,73.59993482742122,73.76206072646468,174131300,64.13765697479248,1
2009-08-21,75.8844985961914,76.00240884748803,74.88960730649698,75.03699652625232,224605000,64.15472431182862,1
2009-08-24,75.87714385986328,76.60673021376921,75.60446755954673,76.19403581116214,191279000,64.18698387145996,1
2009-08-25,76.02452850341797,76.83518052339508,75.86239697491479,76.17928888356951,215310600,64.2392149734497,1
2009-08-26,76.0318832397461,76.37825407011599,75.53075205118628,75.78868598150281,194620700,64.28065666198731,1
2009-08-27,76.20140838623047,76.43723456678102,75.12545108605984,75.9876900315847,196230100,64.32738468170166,1
2009-08-28,76.18666076660156,76.90151040781159,75.66342164075097,76.81307911036821,147024400,64.3843600845337,1
2009-08-31,75.50865173339844,75.5970886422378,75.01489164309045,75.44232826867284,176051600,64.45219999313355,1
2009-09-01,73.84309387207031,76.08344397000914,73.68833356688015,75.13276870452438,321276800,64.49240526199341,1
2009-09-02,73.56307220458984,74.01998772205425,73.37883289275482,73.53359323999173,171805000,64.5476303100586,1
2009-09-03,74.17476654052734,74.26319783380553,73.39358784048964,73.99052718281244,143572300,64.61006381988526,1
2009-09-04,75.21382904052734,75.23593685075107,74.10102802733812,74.32211175211107,142687900,64.67188243865967,1
2009-09-08,75.86238861083984,75.94345436615367,75.45705983427071,75.90660425099715,132909100,64.75708093643189,1
2009-09-09,76.444580078125,76.70251399807395,75.75920959223907,75.99503569369779,154612500,64.8670234298706,1
2009-09-10,77.22576141357422,77.27734820319431,76.06873859849078,76.49617521107916,162902400,64.96618406295777,1
2009-09-11,77.21097564697266,77.60156754565932,76.84986832294105,77.37310707236425,152360100,65.04538648605347,1
2009-09-14,77.58687591552734,77.71952847540919,76.01715864237468,76.5551344078396,149593800,65.12419502258301,1
2009-09-15,77.9111328125,78.19854573240964,77.20365442329638,77.71215117715428,196795900,65.19267963409423,1
2009-09-16,79.09027862548828,79.10501530156165,77.91851890004226,78.19118957644592,206406300,65.26301837921143,1
2009-09-17,78.97237396240234,79.63563126109703,78.5375660830497,78.97973948969279,229170900,65.36156522750855,1
2009-09-18,79.0226821899414,79.34848965519937,78.75611347278816,79.34108339935679,153799100,65.44896011352539,1
2009-09-21,78.82276153564453,79.23002091221043,78.23779719376782,78.40810155173641,151892000,65.52795753479003,1
2009-09-22,79.28189086914062,79.50403347937379,78.93387008279193,79.28929712930073,143126700,65.61654016494751,1
2009-09-23,78.62285614013672,79.99272017735885,78.48216547735632,79.46698881817933,225947400,65.6923365020752,1
2009-09-24,77.75648498535156,78.9634448404436,77.41587065169341,78.79314049827354,228636800,65.7527222442627,1
2009-09-25,77.34181213378906,78.01564013122595,77.07524343692585,77.58616771413327,204059000,65.81644779205322,1
2009-09-28,78.72652435302734,78.89683440694839,77.62322907984536,77.63803594790278,118285800,65.88489555358886,1
2009-09-29,78.48958587646484,79.24486053787679,78.32668205849026,78.86722603183127,133733900,65.95998945236207,1
2009-09-30,78.18597412109375,78.83018299114495,77.4677252674335,78.75613735821622,254383000,66.02977621078492,1
2009-10-01,76.24597930908203,78.28967226117787,76.23116678770621,76.26819244182411,281840600,66.09433782577514,1
2009-10-02,75.89051818847656,76.34220384931929,75.52028441069197,75.54249753346798,224748800,66.1422181892395,1
2009-10-05,77.0234375,77.2455800404018,75.97197486064638,76.19411740104817,149875000,66.1989747428894,1
2009-10-06,78.1267318725586,78.57101126752134,77.53435557972892,77.5787818244295,202491100,66.2673826789856,1
2009-10-07,78.34146881103516,78.42292069323251,77.80092501548171,77.94901626530286,159200300,66.33825040817261,1
2009-10-08,78.94127655029297,79.35593673120799,78.37851941239312,78.89685028785816,183305800,66.41622812271117,1
2009-10-09,79.42256164550781,79.42256164550781,78.75613963127569,78.96346966918794,135008300,66.49988655090333,1
2009-10-12,79.73356628417969,80.03715511922864,79.43737805900278,79.79280505907917,118031000,66.58328102111817,1
2009-10-13,79.57062530517578,79.75574215326598,79.05230039025035,79.51879281368323,157692700,66.66404188156127,1
2009-10-14,80.9405288696289,81.0219807750053,79.54104525808259,80.50365560381063,191421600,66.75256156921387,1
2009-10-15,81.23668670654297,81.23668670654297,80.51103173838875,80.54805172286765,173873600,66.83506774902344,1
2009-10-16,80.62950897216797,80.91088460010076,80.14080333951429,80.56286960607294,192069400,66.90991764068603,1
2009-10-19,81.29593658447266,81.54769285092333,80.51104275457429,80.76279902102496,159530400,66.97820423126221,1
2009-10-20,80.866455078125,81.44401882481284,80.47400820662268,81.4143994468649,180921100,67.04474346160889,1
2009-10-21,80.14078521728516,81.680953039499,80.08154647238372,80.74056197378869,225379300,67.10539894104004,1
2009-10-22,80.95532989501953,81.21449244382303,79.60027273357859,80.11119722216253,238444000,67.18031364440918,1
2009-10-23,80.02974700927734,81.27373291898238,79.69653316868565,81.221900408133,240033200,67.24925441741944,1
2009-10-26,79.16339111328125,80.94050877289102,78.9412485811704,80.11858931312784,242028200,67.32095756530762,1
2009-10-27,78.80054473876953,79.51879906975846,78.60802726911844,79.25223033559105,253266300,67.39863187789916,1
2009-10-28,77.31221771240234,78.84498527736446,77.26778581895431,78.60062963601655,248821400,67.46828245162963,1
2009-10-29,78.97087097167969,79.12636849035565,77.7046720487588,77.88978894946628,198110600,67.55619457244873,1
2009-10-30,76.68282318115234,78.94865788852717,76.59397068433103,78.71170848147118,325608100,67.63255727767944,1
2009-11-02,77.24557495117188,78.05268752209128,76.32739676668848,77.104884308232,254222900,67.70933265686035,1
2009-11-03,77.48992919921875,77.60100046009453,76.6680097777846,76.81610102607297,228362600,67.80366458892823,1
2009-11-04,77.68985748291016,78.7339194870218,77.48993372112247,78.12673629469708,247996700,67.8863357925415,1
2009-11-05,79.11895751953125,79.14117064240183,78.07490119937985,78.23780496618966,180015300,67.98088199615478,1
2009-11-06,79.3262710571289,79.52620042007992,78.52657055327877,78.68206803039736,170954100,68.0751551246643,1
2009-11-09,81.13304138183594,81.1774676337092,79.87424861798743,79.93348173737847,159495700,68.17638824462891,1
2009-11-10,81.14784240722656,81.39960433146297,80.68875610606766,80.94051238098454,171899800,68.27460304260254,1
2009-11-11,81.56250762939453,82.05861956774474,81.17006070355572,81.68097950827064,169466200,68.3644864654541,1
2009-11-12,80.73318481445312,81.87350564284613,80.52585478189434,81.45143931961726,157144500,68.46055540084839,1
2009-11-13,81.17005920410156,81.5180742257784,80.52585036740733,80.94051040979292,150963000,68.5650659942627,1
2009-11-16,82.34736633300781,82.70279311656944,81.68835089933387,81.73277712878517,210922200,68.676372756958,1
2009-11-17,82.44366455078125,82.48069019261013,81.82167444315833,82.13266949696978,147134100,68.78394075393676,1
2009-11-18,82.39183807373047,82.51031561680085,81.87351294609806,82.38443746427872,156486800,68.89274110794068,1
2009-11-19,81.31815338134766,82.42144854762512,80.80722891841104,81.82907784428428,208734600,68.9916621017456,1
2009-11-20,81.0293960571289,81.27375180046745,80.71840091978238,80.89611161979164,134196000,69.0803715133667,1
2009-11-23,82.05859375,82.73982237483416,81.89569002464451,81.98454814283416,148010200,69.17379028320312,1
2009-11-24,82.18450927734375,82.34000681800737,81.45885408758019,82.19191553622876,138420100,69.28235460281373,1
2009-11-25,82.47328186035156,82.56214000891443,82.05862179903077,82.31778433735627,109564800,69.39058000564575,1
2009-11-27,81.13304138183594,81.68839212753144,80.18524367974013,80.26669557438773,126001800,69.49188598632813,1
2009-11-30,81.4070053100586,81.59952280804445,80.0593545775618,81.06639091056151,160874800,69.59783599853516,1
2009-12-01,82.41400909423828,82.68057776235995,81.99194297793179,82.132627917156,159613700,69.72169961929322,1
2009-12-02,82.37699890136719,82.939755711626,82.13264330159872,82.39921201965196,132315100,69.84606941223144,1
2009-12-03,81.73280334472656,83.06564714894829,81.66616397917491,82.59915464213012,167324900,69.97031047821045,1
2009-12-04,82.19927978515625,83.21371641045958,81.48102557203886,82.8138633748277,274907800,70.09964906692505,1
2009-12-07,82.07341766357422,82.58434206301017,81.81425515999035,82.12525581360987,127973800,70.23843572616578,1
2009-12-08,81.1626205444336,82.0215596677985,80.91085872683753,81.48102170681508,169863700,70.36237274169922,1
2009-12-09,81.46623229980469,81.58470981211103,80.72576479584627,81.14043043959971,155063400,70.49004703521729,1
2009-12-10,81.9253158569336,82.28074270839878,81.78462523770305,81.96974209487243,138014600,70.62456424713135,1
2009-12-11,82.27334594726562,82.45846282579888,81.90311219019911,82.27334594726562,124854000,70.76696992874146,1
2009-12-14,82.8360824584961,82.93234117789474,82.2881325653479,82.8360824584961,107141500,70.92430402755737,1
2009-12-15,82.4510498046875,82.87311602714489,82.191887325866,82.53250167650545,120408800,71.08164117813111,1
2009-12-16,82.5769271850586,83.02861277957187,82.39181032335047,82.78426281559905,155358200,71.23356853485107,1
2009-12-17,81.58470153808594,82.1400521097331,81.51065592506329,81.98455462759009,183390100,71.39119426727295,1
2009-12-18,82.04627990722656,82.11328372497434,81.3539374157456,82.0388337764249,174591200,71.5506912612915,1
2009-12-21,82.88008880615234,83.15553322963198,82.45575013239393,82.45575013239393,118039600,71.7173041343689,1
2009-12-22,83.17787170410156,83.35653912486686,82.95453316834377,83.0587563037681,91707500,71.87063543319702,1
2009-12-23,83.34160614013672,83.4607214822717,83.00660417991332,83.37883110448692,111783100,72.02307558059692,1
2009-12-24,83.73616790771484,83.82549873080374,83.37882757616353,83.52027561903016,39677500,72.16708375930786,1
2009-12-28,83.91483306884766,84.11583309534433,83.61705041352555,84.04883497975602,87508500,72.30983875274659,1
2009-12-29,83.79574584960938,84.145640161028,83.78830539853544,84.13075357914649,80572500,72.45283500671387,1
2009-12-30,83.7659683227539,83.86275098557267,83.50541053772979,83.55008164354373,73138400,72.58724189758301,1
2009-12-31,82.96195220947266,83.97441006274813,82.92472723909059,83.95207167267905,90637900,72.71126245498657,1
2010-01-04,84.36898040771484,84.41364583402492,83.01407423888254,83.65430518808466,118944600,72.84591976165771,1
2010-01-05,84.59231567382812,84.6295406499893,84.0116423960111,84.31687129727766,111579900,72.98780910491944,1
2010-01-06,84.6518783569336,84.86032460436977,84.44343210949742,84.51043025485865,116074400,73.10980714797974,1
2010-01-07,85.00921630859375,85.11343942921066,84.25731607008544,84.4955411571718,131091100,73.23952760696412,1
2010-01-08,85.2920913696289,85.32931634013295,84.61464120837329,84.78586244133251,126402800,73.36754814147949,1
2010-01-11,85.41122436523438,85.70900147181273,85.04643775412771,85.67178217335754,106375700,73.49008182525635,1
2010-01-12,84.6146469116211,85.02409321609795,84.28708532425284,84.84542584104865,163333500,73.61412872314453,1
2010-01-13,85.32929229736328,85.56751727415981,84.3987250942938,84.83050395992213,161822000,73.75208164215088,1
2010-01-14,85.56011199951172,85.7164466827064,85.18043880904794,85.23255037011283,115718800,73.88851387023925,1
2010-01-15,84.59974670410156,85.49308917517017,84.27218514750105,85.41120446575296,212283100,74.01450160980225,1
2010-01-19,85.65689086914062,85.70900243134867,84.56254238303754,84.58488077804182,139172700,74.13709104537963,1
2010-01-20,84.78588104248047,85.20277354086892,84.10843073259925,85.07621770096304,216490200,74.25228424072266,1
2010-01-21,83.15550994873047,85.06875651121888,83.05128684258194,84.80819874584756,344859600,74.36174383163453,1
2010-01-22,81.30184936523438,83.18531774150934,81.21251280898663,82.78331175799738,345942400,74.4690800666809,1
2010-01-25,81.71875,82.19520600060899,81.45075166427772,82.04631172550124,186937500,74.57527656555176,1
2010-01-26,81.37623596191406,82.23980502085487,81.17523595252958,81.39856866520887,211168800,74.66774217605591,1
2010-01-27,81.76339721679688,81.94951074646468,80.64671603879003,81.27205477220146,271863600,74.76207050323487,1
2010-01-28,80.82537841796875,82.07606148686267,80.33404168361783,82.0313960600309,316104000,74.85713163375854,1
2010-01-29,79.94692993164062,81.74106714185302,79.82037409051554,81.17528040306502,310677600,74.94450269699097,1
2010-02-01,81.19014739990234,81.19759352985874,80.02880103495615,80.51269724692806,187865000,75.0335096359253,1
2010-02-02,82.17284393310547,82.3291786171411,81.05616275022166,81.33905895158212,216327900,75.12530488967896,1
2010-02-03,81.76339721679688,82.24729352988001,81.52517212601144,81.80061651488992,172730700,75.22842685699463,1
2010-02-04,79.23970031738281,81.1678338097749,79.22480805396198,81.13061451069149,356715700,75.31295814514161,1
2010-02-05,79.40345764160156,79.56723273263037,77.85499212860742,79.32900770599534,493585800,75.40021333694457,1
2010-02-08,78.83021545410156,79.90223078477294,78.77065778467937,79.46300007244932,224166900,75.48156116485596,1
2010-02-09,79.82035827636719,80.51270071911217,79.11312357306717,79.753354463336,337820500,75.56313299179077,1
2010-02-10,79.6640625,80.10328784527805,78.99405244134739,79.69384135591079,240511500,75.64692790985107,1
2010-02-11,80.497802734375,80.5871392521528,79.09823136758646,79.55979485650585,223591600,75.7358808517456,1
2010-02-12,80.43080139160156,80.47546680883909,79.29178781418373,79.64912251154918,304622100,75.81783020019532,1
2010-02-16,81.69639587402344,81.77828628394326,80.26704528589715,81.04127827439915,159317500,75.90599746704102,1
2010-02-17,82.08350372314453,82.19517296465919,81.69638444319149,82.09094417410756,168845100,75.99437831878662,1
2010-02-18,82.5673828125,82.73860402477956,81.9197058901927,81.94948472705272,193708600,76.0742227935791,1
2010-02-19,82.73860168457031,83.05871707209565,82.15792858155511,82.35148817580425,222684900,76.1560593032837,1
2010-02-22,82.75347900390625,83.0661482060515,82.50780791090732,83.04381550300272,132346900,76.23221736907959,1
2010-02-23,81.74849700927734,82.78328767928842,81.53260465427547,82.53017602981055,207497000,76.3080407333374,1
2010-02-24,82.50043487548828,82.6344368922327,81.78575934609678,81.9942056655356,176350700,76.37985591888427,1
2010-02-25,82.38874816894531,82.44830587040798,81.10084553329168,81.32417839417413,259634700,76.45748817443848,1
2010-02-26,82.44084167480469,82.72373785490157,81.97183765794996,82.46317438802627,173589300,76.53637031555176,1
2010-03-01,83.2969970703125,83.37888750348945,82.76098902760374,82.78332174942729,147709700,76.62792404174805,1
2010-03-02,83.5277328491211,83.92973867298271,83.37884432757221,83.65429434014398,160992400,76.71784656524659,1
2010-03-03,83.60218048095703,84.10096326207824,83.39372860491875,83.74362286860263,150785000,76.81081596374511,1
2010-03-04,83.85528564453125,83.9744009931024,83.40116831763548,83.71383758803611,135770400,76.89581760406494,1
2010-03-05,85.0538558959961,85.12085401900806,84.1977327969827,84.39873852548332,176118800,76.98721527099609,1
2010-03-08,85.06877899169922,85.25489254182344,84.91989042349375,85.0613385391033,114631200,77.08092239379883,1
2010-03-09,85.210205078125,85.60476479362625,84.77097993965631,84.81564536262374,154556700,77.18010013580323,1
2010-03-10,85.58988952636719,85.82066848184922,85.17299704427471,85.24744131897207,186088800,77.28187229156494,1
2010-03-11,85.94723510742188,85.96957350439632,85.12833662347063,85.38889445749128,160791100,77.37707698822021,1
2010-03-12,85.95468139648438,86.33435462945525,85.71645627926898,86.31946236477846,162074800,77.47829154968262,1
2010-03-15,85.97700500488281,86.0365626978105,85.31444129033147,85.8057837373835,146816800,77.57503761291504,1
2010-03-16,86.66190338134766,86.74378810592847,85.97700130164813,86.21522638336371,168673000,77.6693090057373,1
2010-03-17,87.17557525634766,87.45847145353866,86.669346233712,86.92246358489689,177468100,77.75794120788574,1
2010-03-18,87.1308822631836,87.30210347388493,86.78098803296915,87.18299380727517,196509100,77.84605682373046,1
2010-03-19,86.68986511230469,87.67659094043348,86.35347780761712,86.68986511230469,226641100,77.93636428833008,1
2010-03-22,87.1533203125,87.3103044704581,86.14416984391708,86.19649599552886,184477800,78.02576442718505,1
2010-03-23,87.76629638671875,87.84104722092525,86.99634625533481,87.28040740969183,182941600,78.11815620422364,1
2010-03-24,87.34021759033203,87.78125727277795,86.39834667421677,87.43739882200387,196072600,78.20984676361084,1
2010-03-25,87.19819641113281,88.33442413588739,87.09354408266032,87.93076271044026,223396300,78.29906826019287,1
2010-03-26,87.14584350585938,87.77375728401658,86.80198514594628,87.36262489206767,205808500,78.38890747070313,1
2010-03-29,87.6989974975586,87.85597592605811,87.22806221206005,87.58686841916699,134513500,78.4799736404419,1
2010-03-30,87.75879669189453,88.08023032791587,87.39251370767724,87.80364604009047,145772500,78.57038604736329,1
2010-03-31,87.45980072021484,87.84850843626415,87.16826850739726,87.4224224557521,161078700,78.66729122161865,1
2010-04-01,88.05785369873047,88.3942353999752,87.53458630408623,88.05785369873047,161215200,78.77180351257324,1
2010-04-05,88.77545928955078,88.83525654338322,88.14753964775723,88.39422256785912,105847600,78.8802333831787,1
2010-04-06,88.98474884033203,89.1417272983695,88.42410904600266,88.52128455722884,110384200,78.98725482940674,1
2010-04-07,88.4764175415039,89.22393711809443,88.0652794931304,88.8053279802027,184576300,79.09048900604247,1
2010-04-08,88.78292083740234,88.93242821372066,87.90832407265249,88.16995485230544,158704000,79.20542587280273,1
2010-04-09,89.36601257324219,89.4033851489801,88.80537260905152,88.96982220792275,133006500,79.32302021026611,1
2010-04-12,89.50801849365234,89.73975350780486,89.3734647026721,89.4781170175319,110279000,79.43848743438721,1
2010-04-13,89.57532501220703,89.73230353141314,88.95488202930304,89.41834649300093,125043600,79.54706882476806,1
2010-04-14,90.59195709228516,90.59195709228516,89.76220937680014,89.90423430881418,161609000,79.66161785125732,1
2010-04-15,90.66668701171876,90.87599166580851,90.41252728666396,90.44242876626596,144615300,79.77337165832519,1
2010-04-16,89.22394561767578,90.66665876605497,88.76795817626791,90.34522508937602,366786700,79.88067531585693,1
2010-04-19,89.56034088134766,89.65004530593316,88.55866713753049,88.9623284934805,217947800,79.98826057434081,1
2010-04-20,90.36019134521484,90.4349478876924,89.60520045367815,90.12098523740772,157708000,80.10913101196289,1
2010-04-21,90.19570922851562,90.62179513249652,89.6948668090366,90.41248487347173,192910100,80.22921573638916,1
2010-04-22,90.46481323242188,90.57694230529928,89.0445306530466,89.56031526328817,115360300,80.35705749511719,1
2010-04-23,91.05538940429688,91.09276767734887,90.17331576963248,90.40505079693224,177335500,80.4880732345581,1
2010-04-26,90.71147918701172,91.28707232597782,90.62178050788386,91.08523889169912,143457300,80.61674297332763,1
2010-04-27,88.56615447998047,90.7040560075489,88.39422240482914,90.18827118834264,355853300,80.7354600906372,1
2010-04-28,89.23888397216797,89.46314212381024,88.40913679546193,88.99220684910752,300674100,80.84965522766113,1
2010-04-29,90.34525299072266,90.53213296038687,89.75471160220881,89.77713628606867,193775000,80.9675029373169,1
2010-04-30,88.81282806396484,90.45737509122344,88.79040338184575,90.3601938645425,270000900,81.06792392730713,1
2010-05-03,89.9640121459961,90.21069506343368,89.10436318418634,89.23891698432286,182747900,81.17465354919433,1
2010-05-04,87.8485336303711,88.9772902440176,87.40002284380184,88.96234235581905,360353400,81.26704746246338,1
2010-05-05,87.32527923583984,88.05785128702841,86.68988842693238,87.13092245440212,328973200,81.35314014434815,1
2010-05-06,84.42487335205078,87.4598013871528,78.48956534744481,86.90663842824509,647356600,81.42310966491699,1
2010-05-07,83.16905975341797,85.04533046267235,81.78614917743654,84.20063508889693,637558800,81.486873588562,1
2010-05-10,86.83187103271484,87.19815400423492,85.89747162354627,86.57023463565052,396159600,81.56117668151856,1
2010-05-11,86.58521270751953,87.72891699529887,85.89749591662417,86.01709610919931,317849800,81.63277271270752,1
2010-05-12,87.79619598388672,87.92327868101117,86.77956862563101,86.92907600368234,235607100,81.70935497283935,1
2010-05-13,86.70481872558594,87.96812899394224,86.63006788731377,87.5569908287602,234452500,81.78217529296874,1
2010-05-14,85.13500213623047,86.2114321264166,84.37253469526304,86.05445370336807,345601400,81.84803085327148,1
2010-05-17,85.17984771728516,85.60593361903449,83.55025492227304,85.36672759880892,325739800,81.9103522491455,1
2010-05-18,84.02120208740234,86.1292070787607,83.744617789169,85.87504745546917,360556800,81.96636459350586,1
2010-05-19,83.54279327392578,84.29778397435135,82.49626467850652,83.5502643637836,394742700,82.01397853851319,1
2010-05-20,80.38829040527344,82.14496102254436,80.33596424061001,81.76372427821136,530418300,82.04486198425293,0
2010-05-21,81.56188201904297,81.76370984622777,78.75868290016776,79.16982105218541,500909400,82.08268199920654,0
2010-05-24,80.51531982421875,81.77115273690804,80.44056901933313,81.12080875784936,269823000,82.11718524932861,0
2010-05-25,80.59757995605469,80.63495822514673,78.02611016747174,78.57180209935056,396505200,82.14727272033691,0
2010-05-26,80.1116943359375,81.83099213011754,79.87248823182861,81.09094913664366,349719300,82.17570457458496,0
2010-05-27,82.7952651977539,82.82516666349392,81.31517401079161,81.62165975728557,300870500,82.22219722747803,1
2010-05-28,81.75621795654297,82.76536824199172,81.36750458386291,82.70556530725298,297933500,82.25955181121826,0
2010-06-01,80.38078308105469,82.18977917593789,80.26118290858675,80.99374893564826,277909400,82.28719200134277,0
2010-06-02,82.47384643554688,82.48131752598744,80.36584119744892,80.79192718058182,240243700,82.32817150115967,1
2010-06-03,82.75792694091797,83.0195577637007,81.91323151218394,82.7130775721907,226618300,82.379709815979,1
2010-06-04,79.85005950927734,81.72633567964816,79.5809519428846,81.18812054686265,398475600,82.4138345336914,0
2010-06-07,78.85585021972656,80.4405940099935,78.79605297911323,80.13410820068873,264609100,82.43978256225586,0
2010-06-08,79.7005615234375,79.85753999390012,78.22794663460577,78.91566346800106,357774300,82.4661587524414,0
2010-06-09,79.27446746826172,80.94143322658309,78.93808017713623,80.16401204438192,268023300,82.48310859680176,0
2010-06-10,81.5917739868164,81.68894949182335,79.26698733220053,80.62747291791044,317890600,82.51168174743653,0
2010-06-11,81.9879150390625,82.04024116065294,80.82178678469292,80.87411290628336,214128200,82.54149868011474,0
2010-06-14,81.86087036132812,83.06437733488926,81.7786427517217,82.61586102680997,207196100,82.57064361572266,0
2010-06-15,83.72220611572266,83.7969569448443,82.29444075607171,82.43647132358872,238268700,82.60824760437012,1
2010-06-16,83.69233703613281,84.03619554567916,83.12422024930083,83.28867555889364,216374000,82.64577598571778,1
2010-06-17,83.82685089111328,83.96888144587874,83.01205723153127,83.9315031831124,263185800,82.68736698150634,1
2010-06-18,83.917724609375,84.21815042734777,83.64733678899537,83.9928310638682,174006600,82.73774013519287,1
2010-06-21,83.67741394042969,85.02183548455415,83.21174456815955,84.96175373511402,213140700,82.78831184387207,1
2010-06-22,82.29541015625,84.04541888934774,82.17524095690425,83.67739319539034,239355400,82.82891506195068,0
2010-06-23,82.04005432128906,82.64091183195855,81.47674718176712,82.34799257782765,254639900,82.86304618835449,0
2010-06-24,80.68058776855469,81.73960774764538,80.47028739177921,81.63445755925764,268523600,82.88713718414307,0
2010-06-25,81.01860046386719,81.43168898010734,80.19241197087234,80.92095688000929,238726500,82.91000728607177,0
2010-06-28,80.76323699951172,81.35658798895533,80.47031768868302,81.13877516521595,169218600,82.92769466400146,0
2010-06-29,78.26969146728516,80.74824652890466,77.77398389311706,79.62913827385154,373649500,82.93298824310303,0
2010-06-30,77.52607727050781,78.77286063786913,77.27070841245416,78.05182825730066,284101700,82.93268424987792,0
2010-07-01,77.18057250976562,77.7288547889588,75.9563149442354,77.47349169569189,382924800,82.92903144836426,0
2010-07-02,76.76000213623047,77.6763162174804,76.32438219995022,77.44348437823942,233385200,82.91738006591797,0
2010-07-06,77.26321411132812,78.38982846024086,76.51964451526075,77.84154028912363,256935300,82.9088342666626,0
2010-07-07,79.69670104980469,79.79433889904938,77.37587246619415,77.45849131180773,253769400,82.91220436096191,0
2010-07-08,80.48533630371094,80.57546178926142,79.54649096084528,80.36516134930068,210842100,82.92051723480225,0
2010-07-09,81.086181640625,81.09369400670555,80.31257411176294,80.46278705183576,144999900,82.92953868865966,0
2010-07-12,81.13874053955078,81.29646581420694,80.4777957128599,80.81577762565809,131283600,82.94211811065674,0
2010-07-13,82.3630142211914,82.6859714680241,81.81472610464255,81.97996377621224,213025900,82.96515075683594,0
2010-07-14,82.35549926757812,82.67846223451986,81.76214843388259,82.10013040219678,184426800,82.99021919250488,0
2010-07-15,82.37803649902344,82.66344338746704,81.243909851085,82.32546139509286,232337900,83.00847675323486,0
2010-07-16,80.10978698730469,82.0250277813259,79.95205594908815,81.93489657809594,282693400,83.01657775878907,0
2010-07-19,80.58299255371094,80.8383557947468,79.7793409859532,80.40273581119983,186709000,83.02856285095214,0
2010-07-20,81.47673034667969,81.53681207415269,79.47886535412654,79.51642144777061,258162400,83.05471660614013,0
2010-07-21,80.41771697998047,81.91986916470431,80.08724166565935,81.89733779877439,264527000,83.07735260009765,0
2010-07-22,82.21282958984375,82.5733488161931,81.36411524296577,81.37162188186774,274781300,83.10329956054687,0
2010-07-23,82.92631530761719,83.04648450440014,81.81472015353128,82.04755191184921,222020800,83.12729747772217,0
2010-07-26,83.79008483886719,83.87270370472763,82.8362202924672,83.0690521524784,184445700,83.15454055786132,1
2010-07-27,83.78256225585938,84.33835710475513,83.45208685530967,84.24822588726231,204855600,83.17874698638916,1
2010-07-28,83.24174499511719,83.86513937953174,82.96384484380775,83.60977058882088,163056200,83.1978429031372,1
2010-07-29,82.836181640625,83.98532712742976,82.1752367524006,83.7600020110832,220149100,83.21335597991943,0
2010-07-30,82.82115936279297,83.26429724332972,81.85227623247452,81.99497679548135,220070600,83.22960865020752,0
2010-08-02,84.69136810302734,84.8265620708838,83.77505406869555,84.11303612320788,188263200,83.2483628463745,1
2010-08-03,84.28575897216797,84.69884737976777,84.00785875849644,84.48104035826839,146657300,83.26360820770263,1
2010-08-04,84.84907531738281,84.95422552211248,84.24070545712453,84.51859997094306,158171700,83.28470603942871,1
2010-08-05,84.75895690917969,84.80402538247871,84.18063069586702,84.3083122879902,140473800,83.30202114105225,1
2010-08-06,84.4134521484375,84.54864609122757,83.30936923736137,83.92525148112578,239728300,83.3197561264038,1
2010-08-09,84.86412048339844,85.00682683249565,84.36090067272471,84.81154536482444,120800400,83.34337280273438,1
2010-08-10,84.40594482421875,84.85659514727696,83.64736195626833,84.14306928927272,242916300,83.36062587738037,1
2010-08-11,82.09264373779297,83.13663935997172,81.95744977152664,83.1065956196617,273406900,83.37094036102295,0
2010-08-12,81.58939361572266,81.88231283248088,80.8157861596558,80.85334225626822,239542600,83.38307037353516,0
2010-08-13,81.34908294677734,81.83728375220761,81.25144507779456,81.33406394011006,158698500,83.3958130645752,0
2010-08-16,81.31153106689453,81.57440665566509,80.50036719560991,80.79328652741968,147895300,83.41580963134766,0
2010-08-17,82.31045532226562,82.91131870076562,81.77719179571936,82.01002936327347,172270300,83.43250755310059,0
2010-08-18,82.46064758300781,82.90377974156839,81.79970266286026,82.27287855373517,182922100,83.46139667510987,0
2010-08-19,81.0261001586914,82.23533332546151,80.68811815342934,82.03254526835562,265847600,83.48029930114745,0
2010-08-20,80.76323699951172,81.07118104591287,80.17739837785433,80.78576837261275,209714200,83.49666584014892,0
2010-08-23,80.4552993774414,81.54435777527574,80.41774326844393,81.1462882330364,163490300,83.51049304962159,0
2010-08-24,79.26106262207031,79.90698854854219,78.8404618253932,79.57651321957813,280677800,83.51120357513427,0
2010-08-25,79.56903839111328,79.86946437725747,78.32976114236423,78.82546860370883,272234800,83.5124174118042,0
2010-08-26,79.03573608398438,80.04968761596811,78.77285487954866,79.94453742629605,224439500,83.50193088531495,0
2010-08-27,80.26000213623047,80.34262097556584,78.34475555928398,79.53145731495862,272649000,83.49749168395996,0
2010-08-30,79.0958023071289,80.29752834822446,79.08829567380653,80.04967192247942,167238600,83.48515815734864,0
2010-08-31,79.0958023071289,79.59902752219581,78.47992028968193,78.80288316043183,273933100,83.476971244812,0
2010-09-01,81.46171569824219,81.57437826286136,80.10978211358031,80.16235721303512,256828100,83.47842952728271,0
2010-09-02,82.2203369140625,82.2353559212036,81.48427949846476,81.65702959700837,156112200,83.47779438018799,0
2010-09-03,83.28682708740234,83.3619335502842,82.58081372975012,83.02395160218795,212197300,83.48201019287109,0
2010-09-07,82.34800720214844,83.00144566293149,82.2804130839248,82.8962954366341,141973700,83.48179103851318,0
2010-09-08,82.92631530761719,83.25678489646225,82.47566506147733,82.51322115874096,149924400,83.48983184814453,0
2010-09-09,83.30937957763672,83.8801991547395,83.08406013185788,83.85766778318734,147017900,83.50123176574706,0
2010-09-10,83.72996520996094,83.82760303897344,83.27180833568045,83.4595773585739,127819000,83.50958862304688,1
2010-09-13,84.66130828857422,84.83405260176949,84.21817036074535,84.55615808134496,178503500,83.52197261810302,1
2010-09-14,84.60874938964844,85.08943778054785,84.18063611243308,84.49608679453752,209823600,83.5326499557495,1
2010-09-15,84.93170166015625,85.02933950738966,84.1055189512962,84.3608821195637,168608400,83.55164325714111,1
2010-09-16,84.90918731689453,84.96176243444879,84.38343041109394,84.66884310375251,199962900,83.5691541671753,1
2010-09-17,84.94087982177734,85.43924672381122,84.70680154042255,85.35618557347225,195836900,83.58178852081299,1
2010-09-20,86.2396469116211,86.42842120372103,84.9635308535266,85.23536629502524,214555200,83.60110176086425,1
2010-09-21,86.06597900390625,86.71535727783707,85.71108240799924,86.30760987076762,268389100,83.62276763916016,1
2010-09-22,85.64309692382812,86.41329905907212,85.40146612395274,85.93003745932135,191322400,83.63998672485351,1
2010-09-23,84.94844055175781,85.83190295087174,84.70680966240354,84.94088796620258,202354300,83.65436183929444,1
2010-09-24,86.70027923583984,86.76068840767624,85.81681670124141,85.89232528556906,209671800,83.68205013275147,1
2010-09-27,86.2849349975586,86.82860578036772,86.20187962439962,86.73044524050118,128761800,83.70614364624024,1
2010-09-28,86.58699035644531,86.8663783808783,85.46189719588507,86.39821606556917,209207500,83.72945201873779,1
2010-09-29,86.43598175048828,86.76822637868771,86.09618453684757,86.36802000338625,179665800,83.7502651977539,1
2010-09-30,86.17920684814453,87.4326704633933,85.77145383213345,86.87390037223683,287106700,83.76698081970216,1
2010-10-01,86.54170227050781,86.92680350771167,86.02823587454776,86.82863717142202,174638700,83.78743408203125,1
2010-10-04,85.8923110961914,86.72291690845114,85.46190589959733,86.36047345917969,166153200,83.80401100158691,1
2010-10-05,87.62149047851562,87.83291679858276,86.58700511426125,86.6851714492461,229634100,83.83419494628906,1
2010-10-06,87.61392211914062,87.84045357039238,87.2590255339488,87.60636953451647,148626600,83.86203315734863,1
2010-10-07,87.50819396972656,87.9914556059749,86.97962835537153,87.96880361692158,164860000,83.8851736831665,1
2010-10-08,87.99903869628906,88.2406695981804,87.29679798752122,87.62904263797249,177760100,83.90927951812745,1
2010-10-11,88.08210754394531,88.32373846691863,87.78006744999476,88.13496412831648,103098300,83.93298202514649,1
2010-10-12,88.35388946533203,88.61061964487371,87.32695722530109,87.7951136140964,182210000,83.95607063293457,1
2010-10-13,89.04106903076172,89.51678399964983,88.6333158121155,88.84474788769631,194347200,83.98170181274413,1
2010-10-14,88.6937255859375,89.1090313932273,88.13495521325808,88.95800848106053,217764300,84.00619171142579,1
2010-10-15,88.87493133544922,89.36574563008195,88.16514393919333,89.31288906056359,243705000,84.03173652648925,1
2010-10-18,89.31289672851562,89.60738417839165,88.5804515159244,88.90514354539471,141204800,84.06349124908448,1
2010-10-19,88.14249420166016,88.98819933558983,87.60637014734296,88.48983820465757,280604700,84.0823588180542,1
2010-10-20,89.00334167480469,89.43374700619377,88.24824419791601,88.30110079086076,200051800,84.10441394805908,1
2010-10-21,89.19964599609375,89.92453874545896,88.50495783140236,89.40352550240816,221585500,84.12715278625488,1
2010-10-22,89.3657455444336,89.50166326034109,89.1014626970951,89.33554096746147,108212400,84.14893543243409,1
2010-10-25,89.63005065917969,90.43045774545628,89.56209466481016,89.96229532748075,151145700,84.17062522888183,1
2010-10-26,89.64515686035156,89.73576485388378,89.00332527544457,89.17699443700498,158982900,84.19179489135742,1
2010-10-27,89.38838958740234,89.48655589406503,88.54268455112981,89.0183936340331,190024000,84.21566360473633,1
2010-10-28,89.40350341796875,89.93962170139235,88.97309827432254,89.90186453964299,168576000,84.23603466033936,1
2010-10-29,89.47148132324219,89.64515624454505,89.154341826187,89.31291157471459,144305500,84.25559150695801,1
2010-11-01,89.50166320800781,90.42288264184958,88.98819692165014,89.90941635549191,174074800,84.28010108947754,1
2010-11-02,90.21147918701172,90.42290551824834,89.9320911002002,90.17372201603284,158345900,84.30287403106689,1
2010-11-03,90.57389831542967,90.62675488402014,89.44125262197653,90.37002462541903,226702800,84.33181411743163,1
2010-11-04,92.31817626953124,92.36348025360796,90.58900315908524,91.57817855098617,215039400,84.37762744903564,1
2010-11-05,92.66555786132812,92.8165750434914,92.25780455636378,92.37861714990716,180654100,84.43444599151611,1
2010-11-08,92.4918441772461,92.6428670570904,92.07654421977529,92.3785784575963,156107100,84.48831146240235,1
2010-11-09,91.82737731933594,92.83920487223816,91.45738127874549,92.74104430336902,186621600,84.54056716918946,1
2010-11-10,92.19735717773438,92.24266692235852,91.11002124262976,91.80470921023928,221387400,84.59273696899415,1
2010-11-11,91.85002899169922,91.98594672708124,91.12513632330676,91.40452437962946,158017600,84.6478602218628,1
2010-11-12,90.7626953125,91.63105838032271,90.347395244192,91.23085772356204,239068800,84.70193904876709,1
2010-11-15,90.63430786132812,91.40451016233855,90.59655646127636,91.04961358843512,163940800,84.74915985107423,1
2010-11-16,89.22228240966797,90.22655724536514,88.79187150173962,90.07554011906105,299566200,84.78440704345704,1
2010-11-17,89.267578125,89.63757408281995,88.99574271409004,89.2600255411043,172308900,84.82192794799805,1
2010-11-18,90.58145141601562,90.90614341376,90.1208417038449,90.12839428823912,197723700,84.87863670349121,1
2010-11-19,90.83061981201172,90.86837120586372,90.04531823213439,90.53613243967436,156852900,84.93577251434326,1
2010-11-22,90.7551498413086,90.79290125120788,89.68290725551877,90.37760117670337,181361000,84.99539718627929,1
2010-11-23,89.44124603271484,89.87165113408115,89.0939020702906,89.68287686574621,222309000,85.04350162506104,1
2010-11-24,90.7626953125,90.78535307122402,89.99249858300863,90.00759799455597,140046100,85.09899478912354,1
2010-11-26,89.70555114746094,90.4681951841968,89.70555114746094,89.9773866048299,76007800,85.14503353118897,1
2010-11-29,89.97737884521484,90.21900970193416,88.90513651764722,89.47901196270585,223642300,85.19276641845703,1
2010-11-30,89.47148132324219,89.98494773982769,88.95801490665667,89.08638583150464,233930700,85.23164184570312,1
2010-12-01,91.37433624267578,91.5480054152362,90.7551566169337,90.76270344291574,221037200,85.27809600830078,1
2010-12-02,92.5447006225586,92.61266235863212,91.46491151706851,91.51776808471068,191213600,85.32798259735108,1
2010-12-03,92.7938995361328,92.8996126890556,92.20492460958174,92.2275766050745,151288900,85.37825908660889,1
2010-12-06,92.69573211669922,92.90715840691632,92.49940523538292,92.5975657955739,103050500,85.42797035217285,1
2010-12-07,92.74859619140624,93.63961117291716,92.69573961457657,93.58675459608747,206581000,85.4829708480835,1
2010-12-08,93.08840942382812,93.16391801397182,92.43147835254813,92.861883653397,138019200,85.5359107208252,1
2010-12-09,93.45083618164062,93.64715731647468,92.99022640364534,93.60940591097648,123705100,85.59122116088867,1
2010-12-10,93.99449157714844,94.08509954411193,93.42816873989142,93.73775556190634,117571700,85.64898941040039,1
2010-12-13,94.05489349365234,94.53815517966088,94.0246889181601,94.4248952227321,133812700,85.70277889251709,1
2010-12-14,94.1379623413086,94.56082067187774,93.8510274920469,94.19837149723764,147249600,85.75583003997802,1
2010-12-15,93.7075424194336,94.33427435132788,93.54897273080972,93.96427841120553,160823100,85.80635684967041,1
2010-12-16,94.25123596191406,94.31919770825954,93.44328215673364,93.76797419587724,185035200,85.85833660125732,1
2010-12-17,94.3521957397461,94.47364366111104,93.98784039318768,94.18519978054148,141075300,85.90482830047607,1
2010-12-20,94.57991027832033,94.8076330878384,94.10929163245596,94.6102737056715,119085500,85.95238395690917,1
2010-12-21,95.17957305908205,95.24029991258546,94.78486009377276,94.8759445827964,94965500,86.00223079681396,1
2010-12-22,95.47559356689452,95.50595698866476,95.19474205017356,95.24787659046378,78878100,86.0516593170166,1
2010-12-23,95.33895874023438,95.47559123925404,95.10364946629014,95.36932216126434,70053700,86.09861793518067,1
2010-12-27,95.3769302368164,95.46801472373856,94.91389812419096,94.98221148938258,58126000,86.14572917938233,1
2010-12-28,95.51356506347656,95.60464955259688,95.26307113593272,95.56669961254056,55309100,86.19341197967529,1
2010-12-29,95.5818862915039,95.79442450524029,95.5667074724793,95.62743433104168,58033100,86.23801189422608,1
2010-12-30,95.4300765991211,95.74129162002002,95.28585175533044,95.4908034587416,76616900,86.27928440093994,1
2010-12-31,95.45280456542967,95.54389481367468,95.13399738341636,95.28580867259524,91218900,86.32089401245118,1
2011-01-03,96.43963623046876,96.85712034843078,95.41488932448937,96.18154997990378,138725200,86.36964286804199,1
2011-01-04,96.38648223876952,96.68251837241031,95.78681766797057,96.65215494957144,137409700,86.41580867767334,1
2011-01-05,96.88748931884766,96.94821618024584,95.99178838253734,96.0828786746346,133975300,86.46141464233398,1
2011-01-06,96.69771575927734,97.0317076834185,96.40927187375752,96.92543857868849,122519000,86.50820213317871,1
2011-01-07,96.5079574584961,96.9861684733121,95.75648135200454,96.82676480170676,156034600,86.55475093841552,1
2011-01-10,96.38648223876952,96.52311474592918,95.79440418025722,96.08285380161134,122401700,86.60095413208008,1
2011-01-11,96.72806549072266,96.96337479055636,96.36371018950594,96.73565779462308,110287000,86.6460994720459,1
2011-01-12,97.60098266601562,97.70725174213746,96.75082426581064,97.32013116107804,107929200,86.6953104019165,1
2011-01-13,97.44161224365234,97.68451970480156,97.1987163649684,97.6389774514524,129048400,86.74521945953369,1
2011-01-14,98.14752197265624,98.17029309238325,97.23664243619116,97.30495579537217,117677900,86.79566780090332,1
2011-01-18,98.31451416015624,98.40559863559422,97.9425665813491,98.05642217564656,114401300,86.84336307525635,1
2011-01-19,97.35050964355467,98.32970265596632,97.092429200899,98.2310316528704,151958400,86.88519187927245,1
2011-01-20,97.22147369384766,97.46436953805951,96.5003553011764,97.13038340884437,175745700,86.92891716003417,1
2011-01-21,97.44161224365234,98.04886931406013,97.33534312501588,97.82874456205074,151462900,86.97221061706543,1
2011-01-24,97.99569702148438,98.10955260428868,97.35807101039998,97.38084212696084,113715500,87.01535903930665,1
2011-01-25,98.04885864257812,98.13235662545222,97.24424803440807,97.73763783527794,167552200,87.05806324005127,1
2011-01-26,98.42838287353516,98.71683252748323,98.09439097579796,98.29175614216784,141281500,87.1023285293579,1
2011-01-27,98.67129516601562,98.83829112314729,98.27657639620772,98.4511588668587,123302700,87.14272521972656,1
2011-01-28,96.94820404052734,98.9445573725782,96.7888003927416,98.78514793356092,295637300,87.17413280487061,1
2011-01-31,97.67687225341795,97.75278369228688,96.97094451826666,97.21385185667964,149249200,87.21639743804931,1
2011-02-01,99.2406234741211,99.41520599238902,98.20828981322391,98.26901668533158,167194300,87.26479885101318,1
2011-02-02,99.05083465576172,99.31650163279204,98.92938093813778,98.98250970055824,118323600,87.30825206756592,1
2011-02-03,99.27095794677734,99.42276930037691,98.3524917288985,98.87623916144742,145886700,87.35362831115722,1
2011-02-04,99.55183410644533,99.58978984983132,98.85349244151648,99.308938197215,134634800,87.39906341552734,1
2011-02-07,100.1742706298828,100.5006645245115,99.76436715469086,99.77196525245084,112439100,87.44465782165527,1
2011-02-08,100.6296844482422,100.68281320338244,99.99205830932216,100.2653233452986,99072800,87.49424884796143,1
2011-02-09,100.40194702148438,100.67521201763395,99.90095926480002,100.35640478586956,146436700,87.55342781066895,1
2011-02-10,100.43991088867188,100.55376648693996,99.66565807306392,99.89338085206175,162708500,87.60943294525147,1
2011-02-11,101.03958892822266,101.16862915833327,100.02244011502324,100.04521123901549,137710300,87.66290462493896,1
2011-02-14,101.282470703125,101.36596867364749,100.86499243297484,100.97884803711356,101690700,87.72525283813476,1
2011-02-15,100.96368408203124,101.12309354289626,100.43993661339398,100.97128217883628,119575400,87.78025119781495,1
2011-02-16,101.60128021240234,101.72272231815698,101.10029243535789,101.30524408641448,130183500,87.8490149307251,1
2011-02-17,101.90489196777344,102.04151866557962,101.2141372200823,101.3052332677464,109810500,87.92191299438477,1
2011-02-18,102.1174774169922,102.23893114850448,101.76071431971565,101.99602368547988,130002400,88.01037601470948,1
2011-02-22,100.06797790527344,102.14023117350116,99.7947128470759,101.047170940711,233116400,88.09487060546876,1
2011-02-23,99.453125,100.25014897612272,98.83828157290776,100.0072415774154,227584000,88.15797687530518,1
2011-02-24,99.38478088378906,99.7719130279934,98.45113036284104,99.34683674471496,260431400,88.22197471618652,1
2011-02-25,100.44750213623048,100.50822898565671,99.74156264630491,99.80228949573116,141686900,88.28523124694824,1
2011-02-28,101.06998443603516,101.1990362969642,100.48550992461884,100.81950197826716,141585500,88.35705707550049,1
2011-03-01,99.38478088378906,101.47981625489008,99.35442325603776,101.38873178917612,258565500,88.42830596923828,1
2011-03-02,99.5973663330078,100.06039850390796,98.94456706882836,99.2481897850896,200277400,88.5003935623169,1
2011-03-03,101.3128433227539,101.42669893071756,100.49304819802772,100.50063471107109,176480100,88.58685176849366,1
2011-03-04,100.55379486083984,101.43431701078106,99.8934090396164,101.23695180814238,277202300,88.67190677642822,1
2011-03-07,99.76434326171876,101.07753978842288,99.24059585268849,100.8498169770174,216790400,88.76878704071045,1
2011-03-08,100.63724517822266,100.9560523747742,99.49105657282604,99.92371934583902,174615000,88.86416385650635,1
2011-03-09,100.4930191040039,100.804239785619,99.8933604382332,100.43989036315656,153806000,88.96405235290527,1
2011-03-10,98.63333892822266,99.57457622818303,98.53465634066036,99.43794949075526,301291800,89.05423114776612,1
2011-03-11,99.31649780273438,99.6732608454564,98.29176250376854,98.31453362713688,225621800,89.15025516510009,1
2011-03-14,98.71683502197266,99.04322883235082,97.96535323307468,98.67129277703276,234974100,89.2298630142212,1
2011-03-15,97.5858383178711,98.17032426889328,96.02215916023484,96.09047254111051,359585400,89.30901111602783,1
2011-03-16,95.7792510986328,97.5934299055021,95.0960883792809,97.27461098441736,468670300,89.38600345611572,1
2011-03-17,97.04683685302734,97.45673424352498,96.47753588698546,97.1606982044815,254303700,89.45886840820313,1
2011-03-18,97.3998565673828,98.25370836018293,97.20926511673552,98.22320721372311,230435400,89.53207805633545,1
2011-03-21,98.9093780517578,99.11520851493366,98.49769385984008,98.61205574994302,153992600,89.62737464904785,1
2011-03-22,98.5662841796875,99.02370838248552,98.47480399224018,98.8941075726749,129538600,89.72592681884765,1
2011-03-23,98.8483657836914,99.10756739886727,97.82679826544732,98.29183029884965,148603100,89.82166584014892,1
2011-03-24,99.79367065429688,99.9385220060563,98.85596405182528,99.41248778452068,159129800,89.9242618560791,1
2011-03-25,100.09864044189452,100.53318293607626,99.78606764524984,100.05290035122066,155642800,90.01679618835449,1
2011-03-28,99.85467529296876,100.5713010497482,99.82418577753924,100.31209945386873,109762400,90.10612998962402,1
2011-03-29,100.52554321289062,100.55603272293736,99.4429852981796,99.77079697048654,129798800,90.19945335388184,1
2011-03-30,101.21929931640624,101.51662148017624,100.90672658114664,101.05157792835368,135835000,90.28693881988525,1
2011-03-31,101.08206939697266,101.36415262749594,100.97533866003296,101.08970049925412,132537100,90.37388748168945,1
2011-04-01,101.50899505615234,101.98166973189208,101.26504406496446,101.70721759631934,153850100,90.46229820251465,1
2011-04-04,101.5928726196289,101.9054454211843,101.30318149654984,101.72247342283428,100768900,90.55067394256592,1
2011-04-05,101.57764434814452,102.02743747112692,101.34893223437643,101.3946723305738,120791500,90.64017509460449,1
2011-04-06,101.89781188964844,102.15701346029276,101.48612785836292,102.0655332901309,120411600,90.73818710327149,1
2011-04-07,101.6386260986328,102.1417787454173,101.13546181906804,101.71485570800972,170731500,90.8361799621582,1
2011-04-08,101.28791809082033,102.149395145515,100.86861458487252,102.08840448712452,147945400,90.93921661376953,1
2011-04-11,100.98296356201172,101.737698143753,100.73900095954134,101.39463591270903,121385400,91.03903842926026,1
2011-04-12,100.22823333740234,100.6170357102428,99.86230100809492,100.4188247886969,161187400,91.13636341094971,1
2011-04-13,100.22061920166016,100.76951190844804,99.83943627878158,100.69328230354012,162059000,91.24611804962159,1
2011-04-14,100.29682159423828,100.44929239546572,99.3133750384613,99.64118667946148,161220400,91.35997177124024,1
2011-04-15,100.66276550292967,100.9143475888437,100.18248300507372,100.4798051733761,170006700,91.47738273620605,1
2011-04-18,99.53446197509766,100.6551404627007,98.73397567927016,99.55733201502612,210759300,91.5912550354004,1
2011-04-19,100.10623168945312,100.13673282982305,99.4429772961157,99.68692825519172,124258800,91.70547012329102,1
2011-04-20,101.47093200683594,101.6920130561992,101.23458874559346,101.30321053513272,156133800,91.81434127807617,1
2011-04-21,101.9892807006836,102.0350207806702,101.4708776171324,101.99690016975562,135935400,91.92186100006103,1
2011-04-25,101.88255310058594,102.0502744875423,101.5471103266732,101.9130426105882,65757100,92.02584285736084,1
2011-04-26,102.75928497314452,102.96512700415408,102.0884109539102,102.19514170465972,146600000,92.13394557952881,1
2011-04-27,103.43019104003906,103.5826619093786,102.53822423998194,102.95752785525195,143031000,92.23928146362304,1
2011-04-28,103.7656021118164,103.90282236230796,103.23194841638572,103.2471873556994,124791100,92.34633197784424,1
2011-04-29,104.0095672607422,104.1163096471378,103.6665049550324,103.80373685698412,115094100,92.45448963165283,1
2011-05-02,103.8494644165039,104.58132902934264,103.6436224048025,104.49747996348542,126278700,92.57318801879883,1
2011-05-03,103.47588348388672,103.82657679136663,102.94984933905498,103.65123595401484,138375000,92.6876524734497,1
2011-05-04,102.78977966308594,103.47590421297409,102.33235554130808,103.43016412735204,182678500,92.79421772003174,1
2011-05-05,101.85970306396484,102.8812705249395,101.40990999823748,102.2180159489422,226900000,92.90142765045167,1
2011-05-06,102.30950164794922,103.39969093606769,101.91306812201702,102.87365660282272,222787200,93.00191101074219,1
2011-05-09,102.7059326171875,103.00325484604018,102.14177767635768,102.3018796301,114104500,93.10080909729004,1
2011-05-10,103.5826416015625,103.76561358856652,102.9193870519394,103.04898784710832,114806900,93.19977188110352,1
2011-05-11,102.49248504638672,103.44544252914056,102.01982185743098,103.4301919522376,193564200,93.29332149505615,1
2011-05-12,102.98040008544922,103.19386163360268,101.69199969159172,102.2180340898206,171550700,93.39201477050781,1
2011-05-13,102.18749237060548,103.1785700980542,101.8215600951456,103.03371875514082,157444900,93.48877132415771,1
2011-05-16,101.5395050048828,102.62206306884843,101.3717835945578,101.82157663462073,141675400,93.58236305236817,1
2011-05-17,101.52425384521484,101.66148574049716,100.72376741560872,101.15832151242716,192686200,93.6665274810791,1
2011-05-18,102.43146514892578,102.53819589123378,101.3565266231806,101.57761921046188,135217900,93.7572560119629,1
2011-05-19,102.67544555664062,102.94227830523248,102.11130217117932,102.76693738538222,119489500,93.84638786315918,1
2011-05-20,101.85970306396484,102.67542848547212,101.6691115988824,102.40860741402464,182594900,93.9318915939331,1
2011-05-23,100.67800903320312,101.18117316983968,100.31969623585076,100.61701838335836,168700000,94.01321437835693,1
2011-05-24,100.59412384033205,101.18876799049956,100.40353246828413,100.96768711734464,147199600,94.0918643951416,1
2011-05-25,100.9295883178711,101.3488917535038,100.15960319627412,100.1900927039671,151050100,94.17448261260986,1
2011-05-26,101.3946762084961,101.57764823306476,100.4645887743069,100.6551802709394,164850000,94.27099277496337,1
2011-05-27,101.78348541259766,102.05793765123038,101.3641933984715,101.6767546327284,120921900,94.37196323394775,1
2011-05-31,102.84314727783205,102.85839785182736,102.03504134777356,102.74404762881136,164731200,94.47943355560302,1
2011-06-01,100.5331573486328,102.85837497257896,100.44929665948142,102.54580225548948,233094300,94.57554168701172,1
2011-06-02,100.42645263671876,100.81526667477382,99.8394392933626,100.60180516213887,200466800,94.66612167358399,1
2011-06-03,99.42770385742188,100.19006933245144,99.16850238777758,99.22186192198718,234690200,94.75095695495605,1
2011-06-06,98.3756866455078,99.38201517661038,98.2460858436743,99.17617313474304,179951200,94.83770488739013,1
2011-06-07,98.31470489501952,99.1609314517701,98.23084418641255,98.8788481776668,161660500,94.92546222686768,1
2011-06-08,97.9030303955078,98.49005541315528,97.7200583862619,98.16223201735394,198696400,95.01270088195801,1
2011-06-09,98.6501235961914,99.05417651388548,97.9335095612773,98.16984108301024,160964400,95.10964618682861,1
2011-06-10,97.27786254882812,98.2918045134597,97.01866100164992,98.23082549405802,238629400,95.19819030761718,1
2011-06-13,97.35411834716795,97.76580242741204,96.85858518948965,97.49896972233608,207599800,95.28978221893311,1
2011-06-14,98.58916473388672,98.93222706567865,98.20798178016668,98.24609076931422,160570400,95.38142803192139,1
2011-06-15,96.8357162475586,98.57391542461475,96.5765146275672,97.76580941359408,300958000,95.47012760162353,1
2011-06-16,97.0491714477539,97.55995515245829,96.30205038313184,96.86619946270996,308032800,95.55989444732666,1
2011-06-17,97.33877563476562,98.02064457473548,97.00933287818944,98.01298148405448,233284900,95.63927974700928,1
2011-06-20,97.8367691040039,98.04363164349608,96.97868996307568,97.00933648171252,159479000,95.71736190795899,1
2011-06-21,99.17747497558594,99.36901123922765,97.8750307209115,98.3423796718151,193157300,95.7968151473999,1
2011-06-22,98.57992553710938,99.45333081062417,98.5186325032986,98.87106452509792,176703000,95.8779747390747,1
2011-06-23,98.29646301269533,98.55694965850182,96.6798956547934,97.42305767229271,334286500,95.9548254776001,1
2011-06-24,97.15489196777344,98.35007686796348,97.0093283230229,98.27346934565288,226129300,96.02405303955078,1
2011-06-27,98.0206298828125,98.39603359153028,97.02463867168808,97.21617499342548,168904700,96.09550636291505,1
2011-06-28,99.30011749267578,99.31544367581267,98.27348534110038,98.4113859179751,165556300,96.16870040893555,1
2011-06-29,100.15054321289062,100.3114272252816,99.31544740260604,99.75214426954868,244295500,96.24640937805175,1
2011-06-30,101.10821533203124,101.26909932886034,100.14287627970154,100.47231320970036,223322700,96.32729194641114,1
2011-07-01,102.60216522216795,102.74007743913788,100.96261493875882,101.2001180836228,202385700,96.4157568359375,1
2011-07-05,102.51791381835938,102.72477634911026,102.19613415410858,102.4949303916594,165936000,96.50364200592041,1
2011-07-06,102.64048767089844,102.77073097017976,101.98160223953732,102.27274119701886,143331600,96.5856462097168,1
2011-07-07,103.7054214477539,103.96590802689585,103.33767500129184,103.5521947359321,170464200,96.67384342193604,1
2011-07-08,102.96990966796876,103.70541419993832,102.19610722855688,102.53321298527426,194100500,96.76047748565674,1
2011-07-11,101.10821533203124,102.03524477401298,100.8707121145062,101.70580784401416,195918600,96.84127635955811,1
2011-07-12,100.67146301269533,101.72874700790496,100.64082235202034,100.8936516417638,214675700,96.91113227844238,1
2011-07-13,101.00858306884766,102.06586721412124,100.76342267731148,101.20011937397992,204062600,96.98475051879883,1
2011-07-14,100.31140899658205,101.72878262582732,100.11987265157326,101.26143347638784,226111800,97.0533726119995,1
2011-07-15,100.89369201660156,101.03159258049288,100.18883963454846,100.87070858928637,220012800,97.12566116333008,1
2011-07-18,100.06626892089844,100.5795850271452,99.31544956897292,100.42635825804145,196872100,97.19509647369385,1
2011-07-19,101.69049072265624,101.81307681051182,100.60256549645688,100.6255489266232,166554900,97.2708404159546,1
2011-07-20,101.62916564941406,102.01223828539445,101.45295551018884,101.95095695123278,137145400,97.3495246887207,1
2011-07-21,103.03890228271484,103.29173167548996,101.64451199961286,102.2037948858086,245246300,97.4266117477417,1
2011-07-22,103.10783386230467,103.21509373459104,102.47958911716374,103.06186701567474,126019400,97.50408130645752,1
2011-07-25,102.53321838378906,103.03887704548876,102.01990247828732,102.1271623437586,136653800,97.57920642852783,1
2011-07-26,102.15016174316406,102.63283705850552,101.92031579821813,102.46428414490852,131278200,97.6499620437622,1
2011-07-27,100.05856323242188,101.61383698224866,99.92830826676868,101.58318462899588,249020100,97.70984432220459,1
2011-07-28,99.7674560546875,100.95498377624531,99.60656037506432,100.0585950509336,207939900,97.76691215515137,1
2011-07-29,99.08560180664062,100.02030027912744,98.0436434286448,98.76382209011363,307038400,97.81713481903076,1
2011-08-01,98.6641845703125,100.33438729791004,97.7065030057688,100.24244191820868,325790900,97.86698711395263,1
2011-08-02,96.14359283447266,98.44969232242384,96.14359283447266,97.92105008072603,346653800,97.90333042144775,0
2011-08-03,96.66455078125,96.77181065528038,94.64192766349876,96.27382088809276,370830800,97.94008869171142,0
2011-08-04,92.13665008544922,95.4770445929534,91.98341749391535,95.32381200141955,520721800,97.96005947113036,0
2011-08-05,91.99876403808594,93.52339212863848,89.53177429800746,93.28588886572572,655619200,97.97503658294677,0
2011-08-08,86.00746154785156,92.02936327060884,85.82358249180511,89.57003788692154,702263900,97.95907566070557,0
2011-08-09,90.00672912597656,90.12930930274112,84.48281779853264,87.39417152328772,717828700,97.96228057861327,0
2011-08-10,86.03043365478516,89.08735095555163,85.76994128225508,88.30588552840784,662607400,97.9442824935913,0
2011-08-11,89.891845703125,91.11001414464604,86.05345541953126,86.77363400220206,487979700,97.94551593780517,0
2011-08-12,90.49707794189452,91.33217344860644,89.8535129001463,90.71159767406915,313731600,97.95105937957764,0
2011-08-15,92.41244506835938,92.50437876030978,91.17128762000785,91.31685709256206,258810600,97.96610408782959,0
2011-08-16,91.62332153320312,92.46608611215784,90.64265639975612,91.53138783020826,294095200,97.9768632888794,0
2011-08-17,91.68460845947266,92.85680985639478,90.9567727481834,92.12897414510552,238201100,97.98777801513671,0
2011-08-18,87.7313232421875,91.71527752228512,86.87323817398858,89.2559511574846,512956300,97.9753772354126,0
2011-08-19,86.29862213134766,88.78093172711206,86.1913622370707,86.54378843901296,428281300,97.9540008544922,0
2011-08-22,86.36756134033203,88.28292457036027,86.1223950806974,88.23695187808678,275090600,97.9242477798462,0
2011-08-23,89.20996856689453,89.30956536050535,86.25264697725495,86.68934960343358,331136600,97.90696983337402,0
2011-08-24,90.46643829345705,90.5890185017594,88.81156164218933,89.01842414621017,246869700,97.89684280395508,0
2011-08-25,89.08737182617188,91.47774719340072,88.77325530228845,90.96443126094206,312365400,97.88314277648925,0
2011-08-26,90.38216400146484,90.7958831741622,87.22564319045452,88.63535361355933,314495900,97.87406681060791,0
2011-08-29,92.97941589355467,93.03304584333016,90.4511334721947,91.60035169186268,190977200,97.87971374511719,0
2011-08-30,93.2245635986328,93.79917259373156,91.3704933106348,92.5733412398992,241315700,97.89202308654785,0
2011-08-31,93.63832092285156,94.62664949847311,92.93346833790866,93.82219423952638,301828400,97.90704315185548,0
2011-09-01,92.65763854980467,94.5423557765333,92.53505246421602,93.69193380474736,254585900,97.92421993255616,0
2011-09-02,90.2902374267578,92.60399989023549,89.96845775018697,90.72694008645416,255517200,97.92933322906494,0
2011-09-06,89.63136291503906,89.7616120960537,87.63172263649741,87.63938572837509,285130500,97.92458278656005,0
2011-09-07,92.15960693359376,92.19791068651097,90.6809464617926,90.98740571125028,209803200,97.93122772216798,0
2011-09-08,91.2019500732422,92.65762751754308,90.99508753974791,91.60800620426166,250568200,97.93346172332764,0
2011-09-09,88.81156921386719,91.2172651898008,88.32123664840462,90.15998669150189,380195100,97.9303133392334,0
2011-09-12,89.38616943359375,89.45512554909654,87.37887251805779,87.70065213647162,305793500,97.92343070983887,0
2011-09-13,90.20598602294922,90.54309197504443,89.04144722197162,89.67734950606858,272514700,97.92593288421631,0
2011-09-14,91.45475769042967,92.55034559692186,89.4244716734055,90.6656231980192,319389500,97.93331977844238,0
2011-09-15,93.03303527832033,93.06368179545832,91.47776106622575,92.4354428071929,326777200,97.95112754821777,0
2011-09-16,93.58366394042967,93.93021659290308,92.65953528476744,93.40654212123668,284528300,97.96217418670655,0
2011-09-19,92.65184020996094,93.1293100509696,91.42736934617491,92.05115594655896,241517000,97.96270988464356,0
2011-09-20,92.5439910888672,93.94558914250749,92.42077671213896,93.04456308133835,218932200,97.96146034240722,0
2011-09-21,89.81780242919922,92.87513582268296,89.67148572775265,92.59019927875843,316251300,97.94707069396972,0
2011-09-22,86.91448211669922,87.95412785125548,85.71311423458657,87.21482408722738,513911300,97.9179001235962,0
2011-09-23,87.43816375732422,87.91563338255315,86.26759495852569,86.33690781361491,307242500,97.88964889526368,0
2011-09-26,89.51746368408203,89.64068393765587,87.00691270989837,88.2621881969902,260673700,97.86998203277588,0
2011-09-27,90.51860809326172,92.07422561120644,89.97952829461407,91.28101432046708,311753900,97.85260261535645,0
2011-09-28,88.67034912109375,91.25021307653992,88.539432002193,90.70343639572027,286696800,97.82567989349366,0
2011-09-29,89.37117767333984,90.5879457802432,87.73854400552125,90.14128689628816,298108900,97.8018459701538,0
2011-09-30,87.13783264160156,88.90907977803667,87.07622251282157,88.13897079468263,288392300,97.76899742126464,0
2011-10-03,84.65806579589844,87.75390077600608,84.56565061908022,86.62954256430672,365136800,97.72103157043458,0
2011-10-04,86.5140380859375,86.69886846739823,82.73280613272956,83.44130496860038,459177500,97.68184078216552,0
2011-10-05,88.11590576171875,88.34694090470038,85.92879814348846,86.72971253023226,284108000,97.64952075958251,0
2011-10-06,89.70999908447266,89.84092208467099,87.41507746981266,88.0696689689419,257800800,97.62217288970947,0
2011-10-07,89.10933685302734,90.2953057530488,88.60876468655243,90.23369560553591,312657900,97.59034160614014,0
2011-10-10,92.08965301513672,92.12815494712602,90.61874172722926,90.62644446381373,230666300,97.57409507751464,0
2011-10-11,92.18206024169922,92.44390040037732,91.4504589205216,91.5428741310197,209088000,97.55812072753906,0
2011-10-12,92.99070739746094,94.06115896288908,92.66726286879954,92.87518981566237,281544900,97.54550643920898,0
2011-10-13,92.80585479736328,93.08309455986434,91.73540355483232,92.44390255879432,212538800,97.53162628173828,0
2011-10-14,94.39226531982422,94.41536765107747,93.36032202074053,93.88399640585536,211397600,97.5264372253418,0
2011-10-17,92.59024810791016,94.37690153348092,92.35921295678467,93.94563630974456,202311600,97.5121244430542,0
2011-10-18,94.39997100830078,95.1084699410698,91.79699859698384,92.52090300138076,318857900,97.50192611694337,0
2011-10-19,93.28329467773438,94.78501065035226,92.9598503299576,94.24593086192596,226601300,97.48641017913819,0
2011-10-20,93.69146728515624,94.03031126258804,92.27446361660265,93.51433962328744,262075600,97.47043006896973,0
2011-10-21,95.47042083740234,95.58593837116776,94.50778451513358,94.792721106227,278999400,97.46429359436036,0
2011-10-24,96.64098358154295,96.87972138369904,95.53972739884608,95.6244398648586,203215600,97.46495872497559,0
2011-10-25,94.7619171142578,96.22511954961668,94.5539843889195,96.1789148886373,268596800,97.45683589935302,0
2011-10-26,95.72457885742188,96.08652525717352,94.1150475246237,95.76308079332716,289053800,97.45181846618652,0
2011-10-27,99.05915832519533,99.66753947295447,97.50353432264956,98.28904318622098,393220200,97.45910934448243,1
2011-10-28,99.03602600097656,99.2285532585594,98.41993642652528,98.57395588240529,225906500,97.46708141326904,1
2011-10-31,96.6487045288086,99.05144147073992,96.51008463789202,97.92708862009106,228146700,97.4595873260498,0
2011-11-01,93.95330047607422,95.11616674185106,93.58364556112744,93.9764028066086,416565800,97.4377812576294,0
2011-11-02,95.4858627319336,95.80161040573208,94.56173380336882,95.36264828334356,244717600,97.42845802307129,0
2011-11-03,97.2262725830078,97.4187998554494,95.18548232003364,96.47156308983166,291174800,97.42848201751708,0
2011-11-04,96.63326263427734,96.80268164860674,95.5012016665322,96.44073541868704,249401600,97.42444026947021,0
2011-11-07,97.23396301269533,97.33407506652657,95.64753449324468,96.5639660742284,196617200,97.42063159942627,0
2011-11-08,98.4815673828125,98.5893880817184,96.81043174404586,97.74226321831851,224426300,97.42279514312744,1
2011-11-09,94.84662628173828,96.8797135507267,94.6155912339356,96.17891154773314,337982000,97.40488636016846,0
2011-11-10,95.73995971679688,96.21742945720696,94.73881557174757,96.10191192116802,231866500,97.39022968292237,0
2011-11-11,97.54203033447266,97.79616189532751,96.87203324111584,96.90283831298512,189924400,97.3931988143921,1
2011-11-14,96.617919921875,98.15043590824077,96.20206016103576,97.18010234175068,159258300,97.38790405273437,0
2011-11-15,97.09536743164062,97.61133917535491,96.0480184702543,96.39456525323452,184709400,97.37717777252197,0
2011-11-16,95.55514526367188,97.29558772183566,95.4165253808966,96.11732165597908,235782500,97.35969932556152,0
2011-11-17,94.03804779052734,95.616774217424,93.3603537166692,95.37803633733525,331219600,97.33353477478028,0
2011-11-18,93.93789672851562,94.53087806272676,93.5451395003956,94.33835081616316,215580400,97.30546508789062,0
2011-11-21,92.15126037597656,92.68263167493885,91.37344851748054,92.56711413152397,229611600,97.2653500366211,0
2011-11-22,91.78931427001952,92.49011056266494,91.27333665841756,91.95103649139924,216494900,97.22114818572999,0
2011-11-23,89.76390838623047,91.78929893445388,89.76390838623047,90.92677468906706,224329100,97.16795799255371,0
2011-11-25,89.59449768066406,90.64184661796294,89.48668286730683,89.62530275240422,99557000,97.11373092651367,0
2011-11-28,92.18978881835938,92.55174114993042,91.50439197258494,92.0588716400582,210686000,97.06948192596435,0
2011-11-29,92.45159912109376,93.18320041049382,92.11274923945189,92.45159912109376,199241500,97.0253275680542,0
2011-11-30,96.25592803955078,96.43305570538196,92.41308554413747,95.10076447024906,324439500,97.0017887878418,0
2011-12-01,96.24053955078124,96.7565112611716,95.82467991278313,96.14812433940396,176954800,96.97498508453369,0
2011-12-02,96.15581512451172,97.41879347902466,96.09420499125116,97.12615415923555,221109700,96.94623970031738,0
2011-12-05,97.20317840576172,97.94248248890932,96.60249420542094,97.68064232117794,225263900,96.92166820526123,1
2011-12-06,97.23396301269533,97.88855448105568,96.84890851654625,97.19545521289427,178842100,96.90749813079834,1
2011-12-07,97.59591674804688,98.00407358045176,96.24052325468328,96.91051432845526,237802500,96.89821208953857,1
2011-12-08,95.4550323486328,97.17237843830269,95.2240031154648,96.9567488038258,240862800,96.87856334686279,0
2011-12-09,97.07228088378906,97.31871562799093,95.80159934708944,95.88631184123396,209111400,96.86168724060059,1
2011-12-12,95.65522003173828,96.2405044057948,94.84660926047364,96.2250989384578,215826100,96.8346134185791,0
2011-12-13,94.7619171142578,96.70258925644396,94.2998470026018,96.1558125581476,245159800,96.81149909973145,0
2011-12-14,93.75309753417967,94.7465391620328,93.54517062391614,94.3845868779932,238618800,96.78227775573731,0
2011-12-15,94.09193420410156,94.877442935384,93.94561158852814,94.746525792748,199109200,96.74617321014404,0
2011-12-16,94.23141479492188,95.28540595780711,94.00667198337194,94.72741585339304,220481400,96.71456130981446,0
2011-12-19,93.22393798828124,94.79717332685568,93.02243808936788,94.5956734279423,183903000,96.68185928344727,0
2011-12-20,96.044921875,96.20766976180974,93.28594756249814,94.68868357218906,225418100,96.65889766693115,0
2011-12-21,96.23094177246094,96.37819242998864,95.13045241812549,96.04494498745257,194230900,96.63758728027344,0
2011-12-22,97.08342742919922,97.184180362417,96.277439439842,96.58743209141132,119465400,96.62983772277832,1
2011-12-23,97.9513931274414,97.98239356593491,97.19190307890156,97.39339706001594,92187200,96.62301219940186,1
2011-12-27,98.0289077758789,98.28465700197322,97.6956603968642,97.78091013889563,86075700,96.61957256317139,1
2011-12-28,96.74241638183594,98.05990264477198,96.66491823332142,98.04440538016097,119107100,96.6153554534912,1
2011-12-29,97.7421417236328,97.84288870817574,96.76564866393174,97.06014394294628,123507200,96.62516990661621,1
2011-12-30,97.26165008544922,97.90489588355538,97.26165008544922,97.66464396229011,95599000,96.62624397277833,1
2012-01-03,98.8116455078125,99.4936433942879,98.75739621345464,99.01314542088292,193697900,96.63330291748046,1
2012-01-04,98.9666519165039,99.05190166102568,98.1994101285384,98.5791552278524,127186500,96.6335892868042,1
2012-01-05,99.23014068603516,99.37739131068412,97.9824068655024,98.43190441557724,173895000,96.63690856933594,1
2012-01-06,98.9744110107422,99.36965931870157,98.6489151866489,99.354156138851,148050000,96.63753879547119,1
2012-01-09,99.21463012695312,99.33862004829577,98.74188381455306,99.19912695223876,99530200,96.63464359283448,1
2012-01-10,100.07486724853516,100.47785516417208,99.93536233507872,100.2763612063536,115282000,96.63452472686768,1
2012-01-11,100.12911224365234,100.260859659609,99.60212257982566,99.76486451846633,111540700,96.63589691162109,1
2012-01-12,100.3694076538086,100.51665831634892,99.61766298486488,100.41591719892352,118983700,96.63511623382568,1
2012-01-13,99.8501434326172,100.012897244302,98.98215463819253,99.69514712296429,179836200,96.62827045440673,1
2012-01-17,100.23763275146484,100.99713471621928,99.89663380001748,100.81113206303176,132209200,96.6240482711792,1
2012-01-18,101.3459014892578,101.40014488404496,100.03616060566414,100.2144057963392,163395200,96.62323280334472,1
2012-01-19,101.88062286376952,101.96587259848472,101.3691244554785,101.69462021744758,126328900,96.62467155456542,1
2012-01-20,102.26034545898438,102.26034545898438,101.46210344739458,101.71010693569214,138230200,96.62808506011963,1
2012-01-23,101.9968719482422,102.49286720308751,101.50862236947926,101.91936788557962,129295800,96.6285803604126,1
2012-01-24,101.88062286376952,101.91161739209365,101.21412816293976,101.3691244554785,103083300,96.62979034423829,1
2012-01-25,102.73309326171876,102.9733392536051,101.33035750873788,101.72559977034538,198613200,96.63701622009278,1
2012-01-26,102.2061004638672,103.38408153820342,101.80310071451164,103.190333250594,184880500,96.64313190460206,1
2012-01-27,102.15963745117188,102.33788262516066,101.64038145768366,101.71013985225407,135259100,96.6527889251709,1
2012-01-30,101.81084442138672,101.86509961708823,100.79560530600568,101.14434985187184,147311800,96.66074005126953,1
2012-01-31,101.77210235595705,102.43858508777532,101.27609540593244,102.31459517572571,157212000,96.66811645507812,1
2012-02-01,102.6633758544922,103.18262000944358,102.39988093862922,102.52387089432544,166234500,96.67811950683594,1
2012-02-02,102.82610321044922,103.0896099142698,102.46186724651356,102.86485523972804,113090400,96.69457771301269,1
2012-02-03,104.26757049560548,104.3295713650535,103.6708342998995,103.84907940865214,160598500,96.71538440704346,1
2012-02-06,104.19784545898438,104.2443431643036,103.71735340340705,103.83359766670506,107694500,96.7290189743042,1
2012-02-07,104.4613265991211,104.63958354667656,103.57008916317406,103.98083460674522,135528100,96.74137920379638,1
2012-02-08,104.77131652832033,104.79456537471737,104.08931883279118,104.51556739249688,139361400,96.75582302093505,1
2012-02-09,104.9030990600586,105.08134421727364,104.28310202246638,104.94185109218184,148602900,96.76654209136963,1
2012-02-10,104.12810516357422,104.21335490360632,103.7251053174716,103.97310886136854,167907500,96.7700316619873,1
2012-02-13,104.9030990600586,105.02710083266902,104.42260697301808,104.87210452963596,115841900,96.77571914672852,1
2012-02-14,104.77131652832033,104.8333173938644,104.0428211399971,104.62406595083507,165329500,96.7795278930664,1
2012-02-15,104.2830581665039,105.26730260630544,104.07380674140644,105.1123063684556,195195100,96.7816958618164,1
2012-02-16,105.43782806396484,105.53082346455824,104.10483880332283,104.29084142996749,186567800,96.7915055847168,1
2012-02-17,105.7168426513672,105.88734212946844,105.3680980190545,105.80209239041784,129869400,96.8061408996582,1
2012-02-21,105.76332092285156,106.21281838929087,105.43782520414533,105.9648148938247,134042300,96.82565898895264,1
2012-02-22,105.42233276367188,105.8253325721101,105.236330123133,105.6005779032766,124455300,96.84122314453126,1
2012-02-23,105.88728332519533,105.96477551964097,105.01153756724231,105.3680395031423,137704300,96.85712989807129,1
2012-02-24,106.11981201171876,106.32906348450426,105.8873235146878,106.11981201171876,105539100,96.86981575012207,1
2012-02-27,106.29808044433594,106.5848241719586,105.24408911724592,105.41458858379424,145728900,96.88884372711182,1
2012-02-28,106.60803985595705,106.7320415794958,106.11979046043264,106.3290418907224,129355900,96.90698192596436,1
2012-02-29,106.1895523071289,107.09629276754671,105.81754712429932,106.76303960277718,185934700,96.92699222564697,1
2012-03-01,106.73983764648438,106.94134349873326,106.11984056153386,106.41434183761405,145023500,96.95299388885498,1
2012-03-02,106.4143295288086,106.80958368529468,106.17408349472616,106.67007874022327,120638300,96.97744426727294,1
2012-03-05,105.98033142089844,106.32907603306003,105.6160836319526,106.25158380005692,140765000,96.99518859863281,1
2012-03-06,104.43035125732422,104.95734104570452,104.12810433152735,104.89535198568544,202129900,97.00396312713623,1
2012-03-07,105.15884399414062,105.32934346816364,104.569841510985,104.6705944253057,143692200,97.02045883178711,1
2012-03-08,106.205078125,106.42208713147974,105.58509293663316,105.80209011765344,116968900,97.0480941772461,1
2012-03-09,106.61583709716795,106.89482334094347,106.2748381430517,106.40658558887668,122836800,97.07820274353027,1
2012-03-12,106.62357330322266,106.76306641272105,106.24382235160168,106.6003244516396,104003500,97.10667266845704,1
2012-03-13,108.54554748535156,108.5998026864637,107.0188099102022,107.19706686346387,184090500,97.14242702484131,1
2012-03-14,108.42933654785156,108.84782780811254,108.09608321474198,108.5765871955887,145163600,97.17565628051757,1
2012-03-15,109.05704498291016,109.10354268323464,108.31304630134456,108.59204432874944,165118500,97.20672576904298,1
2012-03-16,109.2080535888672,109.34815800337007,108.97453435408067,109.25475506036815,152893500,97.25010025024415,1
2012-03-19,109.63616943359376,109.97087122851246,109.0601569088183,109.13800061229227,125291100,97.29614883422852,1
2012-03-20,109.3170166015625,109.44934138320428,108.69430266415144,109.01344519020068,121729700,97.34559539794923,1
2012-03-21,109.13800811767578,109.48048955558158,108.9122684884461,109.379306986845,122388400,97.39940700531005,1
2012-03-22,108.35184478759766,108.62428593583228,107.99379217382656,108.33627366782542,135216700,97.44959270477295,1
2012-03-23,108.70213317871094,108.82667839996306,107.84591150649617,108.44527499114672,120521000,97.50358821868896,1
2012-03-26,110.2277374267578,110.2277374267578,109.44156830860132,109.48047828172578,120164000,97.5614762878418,1
2012-03-27,109.8852310180664,110.39897087656568,109.8151788220746,110.32891868057388,119868500,97.62451313018799,1
2012-03-28,109.34041595458984,110.00205203428428,108.69435099650671,109.83080532841714,148562100,97.6844446182251,1
2012-03-29,109.1535873413086,109.35597627039964,108.26622353371924,108.69434025608352,164963700,97.73726673126221,1
2012-03-30,109.60501861572266,109.79183636305751,109.0134468984166,109.6906419319244,135486800,97.80111324310303,1
2012-04-02,110.40675354003906,110.69476570474885,109.25474051304025,109.47268860254596,151741100,97.86790115356445,1
2012-04-03,109.95530700683594,110.4379166195287,109.30924223479292,110.25109884584612,155806700,97.9309838104248,1
2012-04-04,108.86556243896484,109.23918609561292,108.46079654918168,109.14578315077136,146896000,97.98612777709961,1
2012-04-05,108.81103515625,109.13017762019344,108.39848977691943,108.4919045695847,137439400,98.03429557800293,1
2012-04-09,107.5890121459961,108.8499995052802,107.29322029538564,107.44111622069089,127555900,98.07934101104736,1
2012-04-10,105.78313446044922,107.68240685143776,105.67416039919324,107.3788354038474,235360300,98.11677436828613,1
2012-04-11,106.639404296875,107.0597295695576,106.44480684377852,106.86513211646113,154133000,98.16419692993163,1
2012-04-12,108.03268432617188,108.11830765486025,106.66272294444018,106.74056665316866,154321500,98.21425720214843,1
2012-04-13,106.7483367919922,108.05603734333306,106.64714235508949,107.78359626426332,169246700,98.25149829864502,1
2012-04-16,106.67830657958984,107.44890475092714,106.31246248474504,107.29322919248511,147825300,98.28413711547852,1
2012-04-17,108.25838470458984,108.47633275727075,107.18420367546383,107.29317770180432,147877600,98.31988796234131,1
2012-04-18,107.89258575439452,108.25842982615043,107.713559467349,107.77583206225243,123884200,98.34634006500244,1
2012-04-19,107.19978332519533,108.31287440595057,106.6938349934482,107.90812049146447,198666700,98.36974941253662,1
2012-04-20,107.37885284423828,108.06383955612048,107.31658024522318,107.674644720239,143199600,98.39344123840333,1
2012-04-23,106.4758529663086,106.56926774643937,105.8142292756304,106.28125566717796,171844900,98.40729339599609,1
2012-04-24,106.88067626953124,107.1531173860366,106.48370184120448,106.56932517405336,137484200,98.42684722900391,1
2012-04-25,108.3440399169922,108.39074138814088,107.83029997979344,107.92370292209084,150252200,98.4630263519287,1
2012-04-26,109.09906005859376,109.22360521188976,108.048229628238,108.110502204886,136291600,98.5051643371582,1
2012-04-27,109.27811431884766,109.58946540465789,108.81886731022873,109.4260102416564,130725000,98.5465119934082,1
2012-04-30,108.87334442138672,109.13800589965128,108.57756446387548,109.06016219240604,115092200,98.58932167053223,1
2012-05-01,109.55059814453124,110.26671542296012,108.68658488562374,108.8111182421382,138832200,98.63260620117188,1
2012-05-02,109.22364044189452,109.33261451685814,108.55422487360843,108.91227745822462,121081000,98.67839305877686,1
2012-05-03,108.3907470703125,109.32481217409752,108.1883700589651,109.23918884674244,143759700,98.71189434051513,1
2012-05-04,106.639404296875,108.42970324081988,106.57713168660982,107.82256013734172,193927300,98.73694553375245,1
2012-05-07,106.71720123291016,107.07525373831945,106.21903244652452,106.2579424182528,127765900,98.75533702850342,1
2012-05-08,106.2891082763672,106.46035494825034,105.02032935576476,106.07893974682273,213377700,98.77124340057372,1
2012-05-09,105.65863037109376,106.33582566202956,104.6856431704227,105.16046139944156,220752500,98.78687046051026,1
2012-05-10,105.87652587890624,106.52259048400046,105.63522707355476,106.39025383853746,150600000,98.80550228118896,1
2012-05-11,105.55743408203124,106.53820088757983,105.16823920847126,105.21494069293288,153032400,98.83299663543701,1
2012-05-14,104.38983154296876,105.55741596323432,104.23415599572326,104.54550709021424,163910000,98.85610851287842,1
2012-05-15,103.79046630859376,104.93469996962035,103.6270111440372,104.319777412246,207629300,98.87963283538818,1
2012-05-16,103.39348602294922,104.73231700782276,103.3701352864802,104.2574989041492,207265500,98.90327934265137,1
2012-05-17,101.86009979248048,103.5414247775667,101.8056067999857,103.41687954668174,247992900,98.9318618774414,1
2012-05-18,100.98827362060548,102.43607878955603,100.84037769237284,102.25704062523072,319615900,98.95348049163819,1
2012-05-21,102.72409057617188,102.76301243697615,101.15174004249636,101.31520710696064,177861100,99.0064176940918,1
2012-05-22,102.90309143066406,103.70483168033256,102.23367597317294,102.98871475234137,197531200,99.06093933105468,1
2012-05-23,102.95760345458984,103.105499390069,101.1828759834071,102.16364267728694,204958400,99.14569004058838,1
2012-05-24,103.15998077392578,103.4012796683576,102.29596777552833,103.23782449090284,167357600,99.21145629882812,1
2012-05-25,102.82528686523438,103.4090791558153,102.57619645348991,103.12106688257522,135465600,99.29543056488038,1
2012-05-29,104.07068634033205,104.24971262130944,102.1013616177327,103.65036118558452,152883500,99.3663247680664,1
2012-05-30,102.56061553955078,104.0629137333738,102.35045888665516,103.18332963216214,162370400,99.4266424560547,1
2012-05-31,102.33487701416016,103.09769546187398,101.45529300538014,102.52169478549672,196186000,99.47625461578369,1
2012-06-01,99.75841522216795,102.3582336678218,99.75841522216795,100.73140223421952,253240900,99.51693008422852,1
2012-06-04,99.71168518066406,100.20985391302833,98.96442614347797,99.93741287678934,202545800,99.55706546783448,1
2012-06-05,100.46673583984376,100.61461986406178,99.46260675981472,99.51709378584478,164149400,99.62074253082275,1
2012-06-06,102.72409057617188,102.7707920582233,101.13616892271776,101.16731116227494,184202800,99.70286987304688,1
2012-06-07,102.78636169433594,103.93837511835136,102.5761931508539,103.89167363697403,184772700,99.7849638748169,1
2012-06-08,103.60365295410156,103.62700369021574,102.19475790394836,102.52169196411069,143915400,99.85693229675293,1
2012-06-11,102.28820037841795,104.49882442825115,102.18700590971152,104.43655182268452,169756100,99.91604110717773,1
2012-06-12,103.4635238647461,103.53357606442528,102.09356271391616,102.58393998895076,181931800,99.9879218673706,1
2012-06-13,102.80191040039062,103.80602766293136,102.45162561186376,103.1599629310746,172223900,100.05002059936524,1
2012-06-14,103.8916473388672,104.30419282298456,102.73184271001426,103.01206340462996,230615500,100.1045817565918,1
2012-06-15,104.95418548583984,105.0480723938762,104.14047109226998,104.35954850357048,169444500,100.16322986602783,1
2012-06-18,105.15757751464844,105.41577836810858,104.28126814931927,104.51599728326664,131360900,100.22082614898682,1
2012-06-19,106.1747817993164,106.60511676853248,105.13415794242138,105.68968343701408,137382600,100.28841186523438,1
2012-06-20,106.0026397705078,106.48775003483638,105.05591484887448,106.18260561414448,206451800,100.36697387695312,1
2012-06-21,103.62409210205078,106.2373817559166,103.53802510440484,106.1278430260787,205272200,100.43693752288819,1
2012-06-22,104.42210388183594,104.61770949143572,103.76485996007824,104.16390304450591,130029200,100.4982500076294,1
2012-06-25,102.7477569580078,103.3580457223457,102.38001732580123,103.31892219871926,146375700,100.55597904205322,1
2012-06-26,103.26412200927734,103.57709818409296,102.44257596626434,103.0450446563166,141634000,100.62824180603027,1
2012-06-27,104.1952133178711,104.3986388902502,103.25630861169046,103.60839638415555,108088000,100.70228702545165,1
2012-06-28,103.89791870117188,104.05441281274696,102.7164645672568,103.50670729988316,169242100,100.77074668884278,1
2012-06-29,106.48776245117188,106.62077291274387,105.50973381711933,105.78357467135838,212250900,100.84591171264648,1
2012-07-02,106.80850982666016,106.91804851823372,106.03391905725503,106.7850381026674,129524500,100.91478908538818,1
2012-07-03,107.5126953125,107.5909304113765,106.67549737665136,106.78503606613585,80450000,100.98443424224854,1
2012-07-05,107.02753448486328,107.8177885993902,106.63632335927682,107.11360141004494,126177500,101.05631271362304,1
2012-07-06,106.0104751586914,106.22955259934156,105.5097250173732,105.99482335898064,151192100,101.12364513397216,1
2012-07-09,105.87749481201172,106.07310057812424,105.39238439364934,105.92443828566616,103780500,101.20394359588623,1
2012-07-10,104.95418548583984,106.5894461411983,104.59426577366132,106.41731218391598,167884800,101.29414211273193,1
2012-07-11,104.9698486328125,105.31411658459945,104.35955978694469,105.00897216166553,141733400,101.38180053710937,1
2012-07-12,104.46127319335938,105.02461861549982,103.749277454365,104.3595663385462,143583200,101.45651958465577,1
2012-07-13,106.2138671875,106.32340587316077,104.71943716691123,104.73508896166886,129642600,101.53499588012696,1
2012-07-16,105.9634780883789,106.2764542653875,105.54879510031036,105.97130995456688,97525200,101.62146152496338,1
2012-07-17,106.69120025634766,106.91027774021228,105.27501654321289,106.38605576533423,138860300,101.70806163787842,1
2012-07-18,107.48143768310548,107.6926952241713,106.37823038826578,106.44081371860018,113349700,101.80977966308593,1
2012-07-19,107.76306915283205,108.11515696054472,107.35621796734382,107.7004739076441,129847300,101.9253046798706,1
2012-07-20,106.7772445678711,107.31711823079657,106.65988591889813,107.15280418340949,142904500,102.02662071228028,1
2012-07-23,105.697509765625,106.70684202168322,104.71948111221852,105.21241137395982,145210900,102.1145287322998,1
2012-07-24,104.78986358642578,105.82266725253828,104.08568795140188,105.77572380204636,173301200,102.18992805480957,1
2012-07-25,104.81336975097656,105.28281629549524,104.25784427698048,105.00897546256564,129122300,102.26844821929932,1
2012-07-26,106.54251861572266,106.76942792916572,105.83051095313628,106.3234411716692,156526500,102.34071254730225,1
2012-07-27,108.5063705444336,108.81152684812662,106.51902220839902,107.1058392130594,236768900,102.42233409881592,1
2012-07-30,108.5063705444336,109.02277237385212,108.1855863220577,108.38119199027784,106782000,102.49991241455078,1
2012-07-31,107.7474594116211,108.65506087346984,107.74745941162108,108.35774829925457,120575900,102.57462043762207,1
2012-08-01,107.65357208251952,108.54553377838413,107.50490981007096,108.52206204471612,138293800,102.64092697143555,1
2012-08-02,106.91022491455078,107.63788414977736,106.08085885845932,106.8398097449932,199556600,102.71252685546875,1
2012-08-03,109.03060150146484,109.2574988178163,106.94152251120909,108.41248091968214,157825000,102.78568000793457,1
2012-08-06,109.24183654785156,109.67217135362574,109.19489310337092,109.32008358119998,86326200,102.86547271728516,1
2012-08-07,109.7895736694336,110.25902018888743,109.56266437036338,109.68002301552072,109545100,102.94596324920654,1
2012-08-08,109.92257690429688,110.04775547131337,109.39052322388774,109.42182681975969,89754700,103.01822402954102,1
2012-08-09,110.01651000976562,110.23558751756396,109.65659013905194,109.7661288929511,90291700,103.08510166168213,1
2012-08-10,110.19645690917967,110.23558044852668,109.390562141709,109.57051609611162,99792700,103.16227436065674,1
2012-08-13,110.14165496826172,110.19641835312426,109.57047775906332,110.00864453208264,79426900,103.23435974121094,1
2012-08-14,110.15733337402344,110.61897203621083,109.8287171333865,110.54854488985237,102379400,103.28985061645508,1
2012-08-15,110.28253173828124,110.47031757716243,109.96956727897476,110.0399824914944,71085900,103.3460831451416,1
2012-08-16,111.09622955322266,111.229240010791,110.16514441141858,110.4389852574149,112014200,103.41832077026368,1
2012-08-17,111.244873046875,111.33877190555803,110.9945039476452,111.2839965764242,90813700,103.50477863311768,1
2012-08-20,111.2527084350586,111.27618016576552,110.78324994326915,111.08839438128469,78255700,103.5836128616333,1
2012-08-21,110.91626739501952,111.95689129771031,110.67371820319428,111.52655630955609,105581100,103.65206283569336,1
2012-08-22,110.96319580078124,111.1431496833806,110.37637876120566,110.63456775245449,133243500,103.72371250152588,1
2012-08-23,110.05559539794922,110.69717589441532,109.88346142452122,110.68935596428663,111466400,103.78782066345215,1
2012-08-24,110.72064971923828,110.9710307539906,109.71132952760206,109.78174471656682,99481200,103.84901607513427,1
2012-08-27,110.74411010742188,111.1666250755898,110.58762794613968,111.01796284378344,68785900,103.9285034942627,1
2012-08-28,110.6345672607422,110.97883516597484,110.29813122351597,110.46243330812588,75689600,104.00297653198243,1
2012-08-29,110.72064971923828,111.01797421330043,110.41550529489945,110.72848158833982,65421300,104.06886962890626,1
2012-08-30,109.92257690429688,110.27466475550176,109.68784769055236,110.24336115962984,96589900,104.13539291381836,1
2012-08-31,110.44683074951172,110.96323278175834,109.82088997759104,110.54853761853444,151970400,104.20215023040771,1
2012-09-04,110.34507751464844,110.68152549935223,109.64090182770336,110.35289744403282,120226200,104.2760998916626,1
2012-09-05,110.25121307373048,110.68936798501224,110.03213561808955,110.3920434642885,100660300,104.35716571807862,1
2012-09-06,112.48890686035156,112.49672678881488,110.90840977674748,110.9162297052108,158272500,104.4499207687378,1
2012-09-07,112.92709350585938,112.9740369675339,112.57500560447502,112.67671245849466,107272100,104.5537999343872,1
2012-09-10,112.2854995727539,113.01315903576698,112.24638798108168,112.81755332210464,86458500,104.65628086090088,1
2012-09-11,112.59845733642578,112.95836510455666,112.32460460686346,112.35590820163686,88760000,104.77045360565185,1
2012-09-12,112.97398376464844,113.0991742293748,112.5905924434814,112.97398376464844,87640900,104.88735103607178,1
2012-09-13,114.6953582763672,115.04744615747296,112.66106610840902,112.958378661499,225470200,104.99987888336182,1
2012-09-14,115.20397186279295,115.8846760821764,114.82840021039075,114.92229909290532,169777000,105.1136407470703,1
2012-09-17,114.812744140625,115.16483206858273,114.5232395404064,114.9692263376255,119427800,105.20642482757569,1
2012-09-18,114.71881103515624,114.86747325652982,114.42931846015895,114.61710420381338,98326600,105.29881618499756,1
2012-09-19,114.78145599365234,115.14919577247544,114.55455856827304,114.85187120096026,128318300,105.39194438934327,1
2012-09-20,114.78924560546876,114.85182891859506,113.94422761238066,114.25719193330652,154009800,105.4798747253418,1
2012-09-21,114.74122619628906,115.37050798275736,114.6940321627505,115.34691096598807,108737500,105.56741104125976,1
2012-09-24,114.56820678710938,114.8277860497578,114.08838063540566,114.17490705628846,95682000,105.65227249145508,1
2012-09-25,113.3489990234375,115.0323215664856,113.31752832026471,114.81207465450224,133165200,105.7417423248291,1
2012-09-26,112.71185302734376,113.35687046986766,112.444412040103,113.3254117665395,146502200,105.81994018554687,1
2012-09-27,113.77375030517578,114.03332957844114,112.88488903634796,113.18380068481515,111830300,105.91053283691406,1
2012-09-28,113.24669647216795,113.71078715515937,112.84553517031048,113.34108454259274,150696100,106.00295673370361,1
2012-10-01,113.5456314086914,114.59967175394787,113.278178483171,113.67935187017429,135911200,106.10191940307617,1
2012-10-02,113.66360473632812,114.17488950678506,113.13658461834152,113.99397501913076,113422200,106.1997777557373,1
2012-10-03,114.12771606445312,114.39515700795808,113.37258728249144,113.97039856842407,121283100,106.29925926208496,1
2012-10-04,114.94576263427734,115.1109417702802,114.40300718230458,114.56032464601547,124311600,106.40786838531494,1
2012-10-05,114.95367431640624,115.75600933370148,114.60756854413935,115.55935941787332,124842100,106.50241214752197,1
2012-10-08,114.56031799316406,114.9378822846546,114.30073879196668,114.52885930327002,78415400,106.5940590286255,1
2012-10-09,113.42767333984376,114.56824049428008,113.3883409546786,114.4738523719308,148872900,106.6757802581787,1
2012-10-10,112.7039794921875,113.52204972332372,112.55452366135168,113.41191426687097,124247500,106.74954319000244,1
2012-10-11,112.76692199707033,113.65578340843965,112.74332496867623,113.4905922071234,123601500,106.8232332611084,1
2012-10-12,112.3971939086914,113.2309873977033,112.1533500018168,112.84556135234212,124181900,106.90150714874268,1
2012-10-15,113.3332290649414,113.45121415942066,112.30278589797985,112.66461485608475,107689100,106.97946258544921,1
2012-10-16,114.48169708251952,114.56036184119225,113.7894976169393,113.868150373055,108815500,107.06556282043456,1
2012-10-17,115.00083923339844,115.09523933081364,114.38729261169829,114.56034545397834,128834100,107.1465087890625,1
2012-10-18,114.70191955566406,115.25253668372362,114.31648156474576,114.70191955566406,148108500,107.2251851272583,1
2012-10-19,112.79051208496094,114.4974317149253,112.5230711112464,114.48957004013026,185645200,107.29298698425293,1
2012-10-22,112.80618286132812,113.01069431193918,111.91732201348184,112.601659408167,125578600,107.36214584350586,1
2012-10-23,111.2409210205078,111.74434431621457,110.77683010779776,111.58702678678586,192056300,107.42227729797364,1
2012-10-24,110.92623901367188,111.77576771610556,110.75318620377504,111.6420352700055,120179400,107.47653415679932,1
2012-10-25,111.2487564086914,111.91737075397168,110.57229239224802,111.71285921429498,134457400,107.5321323776245,1
2012-10-26,111.1858367919922,111.571262839933,110.43069604067814,111.14650441907546,146023500,107.58621452331543,1
2012-10-31,111.1858367919922,111.72071865548357,110.65880459950708,111.5791365160494,103438500,107.6428929901123,1
2012-11-01,112.35000610351562,112.491588249867,111.3195626965507,111.4218124680637,100995600,107.70345485687255,1
2012-11-02,111.3510513305664,113.05010955889252,111.23306617688772,113.01863884953896,137702200,107.75348060607911,1
2012-11-05,111.5791244506836,111.83083000553394,110.85544247442368,111.185824769155,98378500,107.80197311401368,1
2012-11-06,112.45227813720705,112.89277196945189,111.79939906350242,111.91738419622632,107068100,107.85293277740479,1
2012-11-07,109.90371704101562,111.44544581570588,109.384558330074,111.42972246269036,264304500,107.89246700286866,1
2012-11-08,108.58220672607422,110.4464559951524,108.49568028740345,109.88796498144866,181517300,107.92597492218017,1
2012-11-09,108.67660522460938,109.68345176730224,108.19677898140748,108.25183471289228,201055300,107.95569248199463,1
2012-11-12,108.76312255859376,109.1878810322013,108.51927861980454,109.0148281719206,97677500,107.98847759246826,1
2012-11-13,108.38552856445312,109.53396899627415,108.04729657581652,108.18887870988172,123018300,108.01960704803467,1
2012-11-14,106.9224624633789,108.88896118008246,106.67861854291657,108.71592033536372,191505000,108.04516513824463,0
2012-11-15,106.74156188964844,107.36298228675642,106.33252674241156,106.96180881449357,178128400,108.07001243591309,0
2012-11-16,107.26854705810548,107.48093223844867,105.95492761404432,106.8988444118816,239483900,108.09303829193115,0
2012-11-19,109.43956756591795,109.45529091052764,107.30001644879376,108.47204175753134,151495800,108.12610561370849,1
2012-11-20,109.48677825927734,109.66769277023334,108.6136523985002,109.26653137570788,119807400,108.15220165252686,1
2012-11-21,109.6912841796875,109.78568426963976,109.36091387124048,109.58116074353848,81710800,108.17966884613037,1
2012-11-23,111.1858367919922,111.22515716235388,110.15538143281609,110.22618450508824,65409200,108.21329139709472,1
2012-11-26,110.94983673095705,111.19368060028576,110.27336083416448,110.63518980073194,100124400,108.24418399810791,1
2012-11-27,110.3834991455078,111.21729261858236,110.31270807761766,110.83972825394676,128646200,108.27158599853516,1
2012-11-28,111.2723388671875,111.33525624702312,109.33729936705043,109.93511049590823,177086500,108.30730716705322,1
2012-11-29,111.79153442382812,112.09830779626742,111.20158470740198,111.68928463472017,151085900,108.34174934387207,1
2012-11-30,111.81512451171876,112.0275097571652,111.429698402548,111.80726283690848,136568300,108.37696838378906,1
2012-12-03,111.26448822021484,112.42079035548088,111.17796180184274,112.32640226364036,124656300,108.41187553405761,1
2012-12-04,111.10716247558594,111.59485025059068,110.80825087023256,111.25661827826262,127512200,108.44022220611572,1
2012-12-05,111.30381774902344,111.8229762459924,110.4149565650512,111.20155598377224,147300500,108.468157081604,1
2012-12-06,111.68142700195312,111.72862106563828,111.03642146065698,111.201600683555,103220600,108.49774761199951,1
2012-12-07,112.0196533203125,112.2399002508678,111.4375652880978,112.1140414326769,108726400,108.53073421478271,1
2012-12-10,112.06682586669922,112.33426680210482,111.8151082786314,111.86231432831056,98840700,108.56163192749024,1
2012-12-11,112.82980346679688,113.35682354793563,112.47583618872488,112.53089189739926,152570400,108.59518188476562,1
2012-12-12,112.88489532470705,113.70296556527634,112.72757781769184,113.27033341906724,145880100,108.62811595916747,1
2012-12-13,112.19270324707033,113.13662035358756,111.9095269148594,112.81411164140567,135715000,108.65603927612305,1
2012-12-14,111.77574920654295,112.15331345536175,111.6026964253029,111.94880198778306,137701700,108.68397026062011,1
2012-12-17,113.08937072753906,113.15230010405824,112.03531867403196,112.0667893635672,143238200,108.71571792602539,1
2012-12-18,114.34793853759766,114.45020028932603,113.10511018006012,113.27030131727116,177762800,108.75538597106933,1
2012-12-19,113.49839782714844,114.51311755716893,113.45907746761652,114.47378519508528,150895400,108.79297630310059,1
2012-12-20,114.15129089355467,114.16702624086474,113.25456813773356,113.5692150711684,168487000,108.84158100128174,1
2012-12-21,113.11509704589844,114.14493091573328,112.44175296430927,112.62395052901252,245883800,108.88136226654052,1
2012-12-24,112.76658630371094,112.9329369782932,112.63983487414622,112.86956126351085,53874600,108.91416980743408,1
2012-12-26,112.2912826538086,113.0517791988274,111.9744161445322,112.99632091147863,106947700,108.94254703521729,1
2012-12-27,112.1407699584961,112.55270610218908,110.8415978939408,112.32296760202684,167920600,108.97013301849366,1
2012-12-28,110.92871856689452,112.02984584281124,110.80196714678078,111.4119477793576,148806700,108.98204887390136,1
2012-12-31,112.81411743164062,112.93293934454616,110.54055743403217,110.63562705203849,243935200,109.00397277832032,1
2013-01-02,115.7055892944336,115.77688245809256,114.65199044329624,114.9530221401025,192059000,109.03721549987793,1
2013-01-03,115.4441146850586,115.95110820117094,115.13516570004762,115.65008873351852,144761800,109.06839580535889,1
2013-01-04,115.95111846923828,116.14124558749673,115.39659615058444,115.6342520264875,116817700,109.09997055053711,1
2013-01-07,115.63428497314452,115.74518946847434,115.20650185709852,115.53922743077138,110002500,109.13155689239503,1
2013-01-08,115.30158233642578,115.58676707806302,114.85003479229826,115.4283337966389,121265100,109.16237476348877,1
2013-01-09,115.59465026855467,115.91152882521776,115.37284132273102,115.55503893801168,90745600,109.19858879089355,1
2013-01-10,116.51354217529295,116.5214596037622,115.63422410812736,116.23627503906856,130735400,109.23764583587646,1
2013-01-11,116.50569915771484,116.56906280129238,116.14129172487785,116.48192268176732,113917300,109.26903564453124,1
2013-01-14,116.42646026611328,116.5056829410852,115.99867716155784,116.36308454367236,89567200,109.30174179077149,1
2013-01-15,116.50569915771484,116.61660366550268,115.81649563504035,115.88778879982864,93172600,109.33756820678711,1
2013-01-16,116.48981475830078,116.672012372311,116.14125439224236,116.26800581402377,104849500,109.37424934387207,1
2013-01-17,117.2423858642578,117.57509929254005,116.56902948874868,117.00472996186156,133833500,109.41243618011475,1
2013-01-18,117.5038070678711,117.6305584951654,116.7908393551017,117.2186224002996,169906000,109.44792144775391,1
2013-01-22,118.13753509521484,118.13753509521484,117.22652294143872,117.50379013773572,111797300,109.4888325881958,1
2013-01-23,118.32771301269533,118.43070009823158,117.92370628031516,118.13759788578048,104596100,109.53614334106446,1
2013-01-24,118.3593521118164,118.93763883451348,118.0424735675656,118.15337803613323,146426400,109.58388492584228,1
2013-01-25,119.02484893798828,119.02484893798828,118.32772781824484,118.73174668886324,147211600,109.64106410980224,1
2013-01-28,118.8822021484375,119.08816415290636,118.43857215101912,119.05647025210718,113357700,109.70655944824219,1
2013-01-29,119.34960174560548,119.50011757702272,118.56534077080762,118.6445634466114,105694400,109.77011043548583,1
2013-01-30,118.8822021484375,119.57139339480152,118.7712855833218,119.33373748953348,137447700,109.82435802459717,1
2013-01-31,118.58914184570312,119.12782961492762,118.509931233076,118.73965772368771,108975800,109.88356204986572,1
2013-02-01,119.80904388427734,119.95163016838389,119.13568753106952,119.34164952622818,131173000,109.94921573638916,1
2013-02-04,118.4623565673828,119.83283394821132,118.37521645696992,119.08026686065465,159073600,110.00023559570313,1
2013-02-05,119.65856170654295,119.99919265052714,119.0564983262036,119.10403918861272,113912400,110.05906547546387,1
2013-02-06,119.74571990966795,119.82493051694556,119.15158596049842,119.23872608988408,138762800,110.12179515838623,1
2013-02-07,119.5872802734375,119.8962294271346,118.7158790257352,119.78532491267116,162490000,110.18283729553222,1
2013-02-08,120.25270080566406,120.32399397085771,119.79323581716352,119.79323581716352,103133700,110.251721534729,1
2013-02-11,120.22891998291016,120.33189495599684,119.9278883207725,120.20515559776068,73775000,110.3184627532959,1
2013-02-12,120.42696380615234,120.64877279123642,120.10216776096384,120.2368366385018,65392700,110.3788773727417,1
2013-02-13,120.52996063232422,120.89436808113908,120.18932966049938,120.67255905583797,82322600,110.43603187561035,1
2013-02-14,120.640869140625,120.78346756886164,120.03090034468728,120.16556925110284,80834300,110.49284564971924,1
2013-02-15,120.49821472167967,120.87845683600754,120.05459690701738,120.75170543533864,215226500,110.5509700012207,1
2013-02-19,121.40133666992188,121.42510105429452,120.53786513722862,120.70421582783707,95105400,110.61022369384766,1
2013-02-20,119.88827514648438,121.35381000922987,119.8248994244955,121.31419867202646,160574800,110.6635468673706,1
2013-02-21,119.15946197509766,119.95164029862924,118.77921976435344,119.5872450389066,183257000,110.71739044189454,1
2013-02-22,120.323974609375,120.323974609375,119.21492970364866,119.737758251958,106356600,110.78581329345702,1
2013-02-25,118.03459930419922,121.09240887035232,118.03459930419922,120.91021119557549,245824800,110.84240028381348,1
2013-02-26,118.8425750732422,118.98516134490578,117.82065844226696,118.60491919945632,186596200,110.90516761779786,1
2013-02-27,120.3397979736328,120.67251138013496,118.63660752435496,118.73959456244393,150781900,110.97857345581055,1
2013-02-28,120.1021728515625,121.1003133267476,119.94373958231331,120.33189927882128,126866000,111.04970169067383,1
2013-03-01,120.49821472167967,120.68041230534196,119.15151433068944,119.690189652014,170634800,111.12440559387207,1
2013-03-04,121.13996887207033,121.13996887207033,120.0309234949324,120.22103865233431,99010200,111.20815628051758,1
2013-03-05,122.22521209716795,122.55000817431213,121.71030092135156,121.726147875469,121431900,111.30033000946045,1
2013-03-06,122.39154052734376,122.724253944275,122.12220282140142,122.66087823328608,94469900,111.39532028198242,1
2013-03-07,122.61331176757812,122.7717449524908,122.40734983595938,122.54993607607764,86101400,111.4990863418579,1
2013-03-08,123.13619232177734,123.3025429895096,122.51829423769532,123.1520392717408,123477800,111.60982593536377,1
2013-03-11,123.60360717773438,123.61152461096228,122.89065138132524,123.04116722644557,83746800,111.71422351837158,1
2013-03-12,123.32633972167967,123.6590653197873,122.95402695748176,123.516466908072,105755800,111.81633975982666,1
2013-03-13,123.50060272216795,123.67488293012288,122.96984466618989,123.3896982341678,92550900,111.91905475616456,1
2013-03-14,124.15808868408205,124.21354696141138,123.50850883111724,123.82537528314684,126329900,112.02404529571533,1
2013-03-15,123.99420166015624,124.1612922237314,123.58043336222882,124.01011909431168,138601100,112.12988986968995,1
2013-03-18,123.3099136352539,123.84303240467796,122.69721982620688,122.80861759681122,126704300,112.22608600616455,1
2013-03-19,123.02346801757812,123.73959485221413,122.21184870126277,123.57250425680772,167567300,112.32840026855469,1
2013-03-20,123.88277435302734,124.08965238192008,123.54061637825028,123.74750654858497,113759300,112.43613975524903,1
2013-03-21,122.82451629638672,123.84301351266984,122.61763822295076,123.1427921234335,128605000,112.55147026062012,1
2013-03-22,123.81118774414062,123.81118774414062,123.11891901808592,123.21441147700904,111163600,112.6719677734375,1
2013-03-25,123.2939453125,124.34427712308202,122.81653169614204,124.13738696202968,151322300,112.78610382080078,1
2013-03-26,124.28062438964844,124.312447108736,123.66793080959653,123.80319861324192,86856600,112.89388648986817,1
2013-03-27,124.28062438964844,124.32041189458928,123.3337376226887,123.54061565036254,99950600,113.00135780334473,1
2013-03-28,124.66260528564452,124.80583792978756,123.93056105293144,124.20109676343372,102932800,113.10665256500243,1
2013-04-01,124.16924285888672,124.85354675223633,123.86687235162144,124.59891640055116,99194100,113.21605777740479,1
2013-04-02,124.78194427490234,125.09226744690515,124.42386880290783,124.61484157854196,101504300,113.32264987945557,1
2013-04-03,123.51679229736328,124.94905802691228,123.19056377290896,124.85357769209116,154167400,113.42622428894043,1
2013-04-04,124.01808166503906,124.2647472776856,123.40538788619568,123.6759235812631,131885000,113.5268564605713,1
2013-04-05,123.46109771728516,123.61228300622123,122.35507266945086,122.49829316963478,159666000,113.61939102172852,1
2013-04-08,124.296630859375,124.30458350948328,123.1349004466866,123.54866893987774,86571200,113.71508628845214,1
2013-04-09,124.72626495361328,125.17982083588446,124.11357112967468,124.52733949116733,101922200,113.80784370422363,1
2013-04-10,126.25399017333984,126.41312808869534,125.02861486951336,125.06043759600658,135711100,113.9091004562378,1
2013-04-11,126.66770935058594,127.08147748322598,126.15049614942588,126.27781128892128,110142500,114.02431854248047,1
2013-04-12,126.35743713378906,126.5483977784364,125.65721572622924,126.26194467002054,116359900,114.13399520874023,1
2013-04-15,123.42928314208984,125.82435379266016,123.41337784486254,125.72090865344134,217259000,114.23740283966065,1
2013-04-16,125.25138854980467,125.31504613314124,124.05783618049024,124.36019452453564,147507800,114.34733917236328,1
2013-04-17,123.42131042480467,124.38411497422544,122.7608764538121,124.36023274937124,226834800,114.44346965789795,1
2013-04-18,122.64942169189452,123.65996593855571,122.17996074775832,123.6281310811739,167583200,114.53722717285156,1
2013-04-19,123.71572875976562,123.77143372099692,122.6335736835704,122.9359442926602,149687600,114.62336700439454,1
2013-04-22,124.26470947265624,124.55911516057762,123.13481472984655,123.95438635414826,106553500,114.71064800262451,1
2013-04-23,125.54583740234376,125.66518782372202,124.2647569332812,124.88540340734164,166141300,114.80081371307374,1
2013-04-24,125.6253662109375,125.95955940925188,125.35481845297058,125.58557870463864,96781200,114.8938028717041,1
2013-04-25,126.13460540771484,126.7313815337941,125.80041223408342,125.99137282390632,131060600,114.99442352294922,1
2013-04-26,125.91177368164062,126.19822662528512,125.5059582623055,125.98338388219229,95918800,115.09459491729736,1
2013-04-29,126.75531768798828,127.03380607380952,126.05509611641908,126.25402159548328,88572800,115.20360057830811,1
2013-04-30,127.0575714111328,127.0894062607485,126.20617737619747,126.73134312191704,116010700,115.3140391921997,1
2013-05-01,125.94368743896484,126.84283441181697,125.8004669343229,126.77917680704944,138874200,115.42145126342774,1
2013-05-02,127.1133270263672,127.22472476157766,126.14257013034336,126.26192051041085,96407600,115.52594856262208,1
2013-05-03,128.40237426757812,128.8081898887433,127.13721152952606,128.21936628356,144202300,115.63814304351807,1
2013-05-06,128.72860717773438,128.91161515082334,128.44215410873102,128.49785905005206,66882100,115.748330078125,1
2013-05-07,129.381103515625,129.42087888815783,128.64109460826745,129.0071227388374,90359200,115.8578284072876,1
2013-05-08,129.9698944091797,130.00968191684962,129.16624017659498,129.23785040553523,97419200,115.96886253356934,1
2013-05-09,129.60394287109375,130.25641218357418,129.27770214412917,129.9142661587933,106738600,116.08299602508545,1
2013-05-10,130.0255889892578,130.1369867169931,129.3094503325809,129.69139580605196,103203000,116.20463642120362,1
2013-05-13,130.1290740966797,130.343916993952,129.55617993969778,129.85853838393473,81843200,116.33133247375488,1
2013-05-14,131.4738311767578,131.56932366794337,130.2325380643806,130.2325380643806,119000900,116.46463478088378,1
2013-05-15,132.18199157714844,132.44457465284708,131.2191991077005,131.2589866297361,120718500,116.59283214569092,1
2013-05-16,131.5613250732422,132.37294426180858,131.36239963477118,131.9114357875824,109913600,116.70810691833496,1
2013-05-17,132.83447265625,132.91403555870275,131.87166804742964,132.04672343085153,129801000,116.82974742889404,1
2013-05-20,132.8264617919922,133.34367511503513,132.57184359443983,132.70711140898996,85071200,116.9551424407959,1
2013-05-21,133.0175018310547,133.5187979761225,132.48438294823686,132.94589156503042,95804200,117.08196208953858,1
2013-05-22,132.0308074951172,134.5293230611955,131.42607843552236,133.1527500630478,244031800,117.20756500244141,1
2013-05-23,131.64886474609375,132.0148929284644,130.44735935918234,130.6224147323014,211064400,117.32065631866455,1
2013-05-24,131.5374298095703,131.5931347495714,130.4791452225359,130.86904337821477,151573900,117.43213428497315,1
2013-05-28,132.32518005371094,133.50281503586052,131.9352818942379,132.91399147406423,143679800,117.54481231689454,1
2013-05-29,131.46583557128906,131.92734401330043,130.76561419148638,131.62497348266848,160363400,117.6525286102295,1
2013-05-30,131.95130920410156,132.55603855981303,131.46593033259197,131.56937551320237,107793800,117.76220260620117,1
2013-05-31,130.0574493408203,132.3331568442796,129.8028310929395,131.58519525244088,176850100,117.86150756835937,1
2013-06-03,130.77354431152344,130.86107196079558,129.42880685517906,130.35977613846953,168390700,117.96466701507569,1
2013-06-04,130.14491271972656,131.37029961541108,129.48447913283363,130.84513380297486,157631500,118.0646049118042,1
2013-06-05,128.3227996826172,130.03355325605483,128.21140194492511,129.7709702726143,211737800,118.15480625152588,1
2013-06-06,129.48455810546875,129.49252289446108,127.5112209253861,128.26713525141264,200225500,118.24674789428711,1
2013-06-07,131.13162231445312,131.25097269442298,129.81075478272152,130.37570824461142,188337800,118.346181640625,1
2013-06-10,131.13162231445312,131.6090359757751,130.78946432280196,131.53742574779318,105667100,118.44557621002197,1
2013-06-11,129.77899169921875,130.92479229778678,129.49253851421471,129.93812965945477,159505400,118.53988983154296,1
2013-06-12,128.7047576904297,130.80540981869916,128.58540728485278,130.6701419785636,177361500,118.62859764099122,1
2013-06-13,130.66217041015625,130.8929185413375,128.34667574572174,128.63312881906873,163587800,118.73163051605225,1
2013-06-14,129.8426055908203,131.02820556790482,129.62777486040287,130.51895693413638,141197500,118.82724029541015,1
2013-06-17,130.8452606201172,131.46590731219467,129.87450304708295,130.7258980153632,136295600,118.92774604797363,1
2013-06-18,131.879638671875,132.07856414897913,130.90888137229103,130.91683402045408,114695600,119.03397140502929,1
2013-06-19,130.0574493408203,131.9989635643731,130.0017565315585,131.76821539781093,206149500,119.13065540313721,1
2013-06-20,126.83485412597656,130.07336607720146,126.5006608478642,128.79228577371484,321255900,119.2152167892456,1
2013-06-21,127.24205017089844,127.79397938234877,125.96218566141664,127.69799381613,271956800,119.29919288635254,1
2013-06-24,125.6341781616211,126.73005370796491,124.57029372512942,125.91415224700415,222329000,119.37563838958741,1
2013-06-25,126.8420181274414,128.0658821870661,125.9221122474999,126.77001679017476,162262200,119.45859241485596,1
2013-06-26,128.09791564941406,128.3858844766547,127.38599441063712,127.88193597756126,134848000,119.53663745880127,1
2013-06-27,128.84982299804688,129.4417622563527,128.74583053499214,128.8658246552141,129483700,119.61625110626221,1
2013-06-28,128.3219451904297,129.10585592145767,127.87399620127086,128.48993216421152,160402900,119.69643333435059,1
2013-07-01,129.07382202148438,129.96971970290468,128.8498476011293,128.99382592606165,131954800,119.77881015777588,1
2013-07-02,128.95379638671875,129.82569738519769,128.38585359532777,128.88179504296048,154863700,119.85870922088623,1
2013-07-03,129.0098114013672,129.40177269066032,128.16190660129817,128.3698793353394,75216400,119.93028148651123,1
2013-07-05,130.40167236328125,130.4496651357833,129.02582259166851,129.96171827252894,122416900,120.00626998901367,1
2013-07-08,131.1455535888672,131.4975167778442,130.44963414155433,131.07356444721833,108092500,120.08793403625488,1
2013-07-09,132.0894775390625,132.24945750406926,131.4015527044134,131.96948341104073,119298000,120.17478736877442,1
2013-07-10,132.1374969482422,132.58544582284767,131.6895480736367,131.9615152895484,121410100,120.26156757354737,1
2013-07-11,133.93724060058594,134.0732241488641,132.12943202841325,133.67326822839206,135592200,120.35730754852295,1
2013-07-12,133.99325561523438,134.32921719278147,133.68929735308524,133.89727008041766,104212700,120.45356769561768,1
2013-07-15,134.50521850585938,134.6972018092933,134.12925883185775,134.3612401825517,69450600,120.55325275421143,1
2013-07-16,134.0012664794922,134.67318965430542,133.64130850767717,134.59319356915145,88702100,120.6565140914917,1
2013-07-17,134.34523010253906,134.76918252440572,134.16924847017674,134.5132170082266,92873900,120.76468097686768,1
2013-07-18,135.08116149902344,135.40113368394051,134.54522182068956,134.63321264583038,103620100,120.87121803283691,1
2013-07-19,135.32110595703125,135.3690987221285,134.6331811773651,134.8011680608935,103831700,120.98159008026123,1
2013-07-22,135.58509826660156,135.77708156085038,135.19313695131058,135.51310910839192,79428600,121.09178741455078,1
2013-07-23,135.2970733642578,135.84901442653364,135.2250842358787,135.8250180504073,80829700,121.19995475769043,1
2013-07-24,134.80117797851562,135.87305716350846,134.52919861347436,135.81705746298297,112914000,121.30332206726074,1
2013-07-25,135.12911987304688,135.24911398897572,134.3372148540799,134.5611892236552,111088600,121.40423885345459,1
2013-07-26,135.2731170654297,135.31311510605207,134.00125993118095,134.5611958828293,107814600,121.50583606719971,1
2013-07-29,134.85719299316406,135.23315269839088,134.47323856009737,134.92918216079693,79695000,121.60732044219971,1
2013-07-30,134.85719299316406,135.40913435639882,134.5372329998904,135.26515602113307,85209600,121.71446804046631,1
2013-07-31,134.95314025878906,135.86503932466417,134.7771586666301,135.1371165757964,142388700,121.82571384429932,1
2013-08-01,136.51303100585938,136.63301296415116,135.90508986866746,135.97709124933513,110438400,121.94444438934326,1
2013-08-02,136.74493408203125,136.76093573729807,136.0250182689514,136.20899458461642,91116700,122.06618309020996,1
2013-08-05,136.5449981689453,136.75298313441627,136.26503624682044,136.4410178919003,54072700,122.18224193572998,1
2013-08-06,135.76907348632812,136.5769924961841,135.46511519676983,136.28101672766223,87495000,122.28867881774903,1
2013-08-07,135.32908630371094,135.52906427416022,134.82515011804568,135.33709323416838,84854700,122.39032005310058,1
2013-08-08,135.82504272460938,136.12900094598913,135.12911107346653,135.9690210075229,102181300,122.49593566894531,1
2013-08-09,135.43313598632812,136.0650734751804,134.96119070599508,135.64911570327564,91757700,122.60914878845215,1
2013-08-12,135.2731170654297,135.43309702223087,134.68918473054558,134.7531791544037,68593300,122.72148345947265,1
2013-08-13,135.67311096191406,135.90508013322545,134.71321874726308,135.51313096042085,80806000,122.84364440917969,1
2013-08-14,134.97714233398438,135.82504701978684,134.94513902186694,135.6090673828997,79829200,122.96389892578125,1
2013-08-15,133.08935546875,133.92925326004223,132.8573741657607,133.91326380897857,152931800,123.07310192108154,1
2013-08-16,132.6494140625,133.28934613083587,132.38544162659812,132.83339041272652,130868200,123.18041980743408,1
2013-08-19,131.80152893066406,132.95340438444745,131.7935219974881,132.49744859828704,96437600,123.28349826812745,1
2013-08-20,132.449462890625,132.94540454636964,131.87352513299635,132.0175034695578,89294400,123.38399555206298,1
2013-08-21,131.63348388671875,132.8093552094561,131.33752042646697,132.0814325419167,159530500,123.48540771484375,1
2013-08-22,132.83335876464844,133.02534200111512,131.89746337253476,131.90545809692193,101471400,123.59167888641358,1
2013-08-23,133.28128051757812,133.4492673412593,132.6013629114487,133.22529304680685,90888900,123.69582389831542,1
2013-08-26,132.78538513183594,133.82527311918668,132.69739432815962,133.41731020864745,89702100,123.81023223876953,1
2013-08-27,130.64962768554688,132.78539124878142,130.55364215191022,131.47353606443062,158619400,123.9205693435669,1
2013-08-28,131.11355590820312,131.57750625170755,130.42563122034295,130.59360587576657,108113000,124.03275409698486,1
2013-08-29,131.321533203125,132.0174526399439,130.70559763170306,130.82559173832868,119200500,124.14554615020752,1
2013-08-30,130.90560913085938,131.6095356784862,130.52165474383108,131.5935340190338,134928900,124.25814655303955,1
2013-09-03,131.4975128173828,132.44940990280486,130.94557166999112,132.16943586390897,142375100,124.38102180480956,1
2013-09-04,132.58546447753906,132.80943894635487,131.2896104500057,131.5295743768133,97389400,124.51024131774902,1
2013-09-05,132.75335693359375,133.10530784427846,132.5693684464198,132.66536615450147,63090500,124.63766536712646,1
2013-09-06,132.81739807128906,133.56931738890242,131.56953716362852,133.19335773009576,159756500,124.75455451965333,1
2013-09-09,134.0892791748047,134.16926306732344,133.14537647983252,133.14537647983252,87559300,124.87756702423096,1
2013-09-10,135.08116149902344,135.10515788718087,134.5932145970044,134.8971851212529,105847200,125.00451641082763,1
2013-09-11,135.505126953125,135.505126953125,134.66522887572364,134.8971980520448,94545900,125.1261128616333,1
2013-09-12,135.14512634277344,135.63307313794493,134.96115000528889,135.4570915261986,83209000,125.24708930969238,1
2013-09-13,135.44908142089844,135.5530738721284,134.97713633647854,135.28910148448165,72727800,125.37241722106934,1
2013-09-16,136.23304748535156,136.9769721928161,136.01706776954677,136.9129777508854,106299200,125.49722076416016,1
2013-09-17,136.84091186523438,136.87290296541906,136.35296519904492,136.35296519904492,82523300,125.62246765136719,1
2013-09-18,138.42478942871094,138.80074908695843,136.44900559262382,136.7929619321282,203460600,125.75551597595215,1
2013-09-19,138.19271850585938,138.86465350130197,138.05673500357557,138.80065911098924,146616900,125.89015712738038,1
2013-09-20,137.22666931152344,138.52080602525533,137.1141362175114,138.52080602525533,132867100,126.02075466156006,1
2013-09-23,136.59158325195312,137.17032809346452,136.1575307534102,137.0417276682696,104616500,126.14719348907471,1
2013-09-24,136.27012634277344,137.07393762882302,136.01291310913473,136.567532593752,106333100,126.2701369857788,1
2013-09-25,135.87619018554688,136.63177439979373,135.7556234556909,136.35848163533282,117306500,126.38941967010499,1
2013-09-26,136.398681640625,136.78450746116542,135.8842431248439,136.10127551491487,77146900,126.51107894897461,1
2013-09-27,135.771728515625,135.95660162439393,135.41804968828728,135.71545585437428,99141800,126.62578857421875,1
2013-09-30,135.0482635498047,135.47428234135134,134.35698569207565,134.62224475825806,143937000,126.73660541534424,1
2013-10-01,136.11740112304688,136.2460138732978,135.0161835788423,135.1528300265388,127160000,126.85622890472412,1
2013-10-02,135.9887237548828,136.1173364440207,134.90358638638224,135.32157149348984,113350000,126.97729377746582,1
2013-10-03,134.73475646972656,135.79579256653906,134.10778505440243,135.67521359271277,176698000,127.08552070617675,1
2013-10-04,135.75570678710938,135.892353253218,134.6625227930517,134.83936228217783,96878000,127.19255954742431,1
2013-10-07,134.58206176757812,135.4019523726345,134.43738168354676,134.57402807352585,96295000,127.29797786712646,1
2013-10-08,133.01466369628906,134.73481904118665,132.91821028457775,134.55797960959282,178015000,127.39229473114014,1
2013-10-09,133.11111450195312,133.59339377181377,132.25103079300098,133.27187425857335,168973000,127.49227481842041,1
2013-10-10,135.98074340820312,136.05308347478018,134.42134766988374,134.46957438093511,195955000,127.60834560394287,1
2013-10-11,136.85691833496094,136.90515731952922,135.65924725305825,135.77178035334148,105040000,127.73117378234863,1
2013-10-14,137.4034423828125,137.51597542244306,135.90835356190271,136.0128529076959,112106000,127.85748714447021,1
2013-10-15,136.40670776367188,137.57223111979434,136.2218346902629,137.05779263256602,155485000,127.9848770904541,1
2013-10-16,138.31175231933594,138.38409235923913,137.16229631397704,137.22660266006255,161676000,128.1123652648926,1
2013-10-17,139.2362060546875,139.31659209750993,137.72503675898025,137.74915011878934,129389000,128.23001834869385,1
2013-10-18,140.17660522460938,140.273058623484,139.4692475923743,139.75058635933587,138316000,128.3536808013916,1
2013-10-21,140.1846466064453,140.46598538883404,139.87116077772995,140.2248396132414,104104000,128.47484844207764,1
2013-10-22,140.9965362548828,141.41450927972554,140.2087923880611,140.594630624328,126663000,128.60165969848632,1
2013-10-23,140.32130432128906,140.57851748569115,139.83097907817705,140.51421112829473,105484000,128.72675830841064,1
2013-10-24,140.7874298095703,140.9642691329908,140.2729914864862,140.6025567951496,70350000,128.85272220611571,1
2013-10-25,141.43057250976562,141.47076552118932,140.8036007801479,141.07689363353305,93625000,128.97730735778808,1
2013-10-28,141.65560913085938,141.8485281863729,141.2295902819684,141.38231633443544,84979000,129.1030569076538,1
2013-10-29,142.41123962402344,142.4675122995768,141.7762341245847,141.9771869398128,87401000,129.23298080444337,1
2013-10-30,141.70382690429688,142.6844772439957,141.1974343463868,142.57999016087422,140002000,129.35897144317627,1
2013-10-31,141.30197143554688,142.18616869906742,141.09298493016297,141.5913439704094,133795000,129.4830322265625,1
2013-11-01,141.6395263671875,141.96104582629408,140.84374914790408,141.48680033129847,142805000,129.60501792907715,1
2013-11-04,142.1378936767578,142.19415406612185,141.454649453973,142.0253606328478,85677000,129.72818836212159,1
2013-11-05,141.6877899169922,142.07361582132182,141.1251245845981,141.58329054626745,85825000,129.84593963623047,1
2013-11-06,142.41123962402344,142.67649881194689,141.90483460478896,142.29870653810315,87348000,129.9663572692871,1
2013-11-07,140.6106414794922,142.78897451788,140.47399509187102,142.67644147718133,157000000,130.07761371612548,1
2013-11-08,142.5076446533203,142.52372430732996,140.54635614552575,140.5624235343531,136713000,130.19502769470216,1
2013-11-11,142.5317840576172,142.7005775129119,142.2022185770352,142.37101203232993,62614000,130.31327560424805,1
2013-11-12,142.24244689941406,142.5639664994487,141.76818893136115,142.22636723985636,83990000,130.4277398300171,1
2013-11-13,143.38385009765625,143.42403084671753,141.54311552573412,141.54311552573412,103844000,130.55024806976317,1
2013-11-14,144.09922790527344,144.21979467137365,143.27933710023774,143.5124369364264,103435000,130.67779850006104,1
2013-11-15,144.7261962890625,144.78245669021976,144.1474512947295,144.33232442022396,102818000,130.80238426208496,1
2013-11-18,144.21981811523438,145.08793576782827,143.89829850991222,144.96736898212916,104796000,130.93117156982422,1
2013-11-19,143.90631103515625,144.58150946610692,143.65713153791387,144.1474568362629,93891000,131.05241031646727,1
2013-11-20,143.45614624023438,144.62970339973802,143.0622744455066,144.19565086825168,124909000,131.17096244812012,1
2013-11-21,144.61366271972656,144.726195786835,143.7696585838211,143.85807829834803,92841000,131.29609436035156,1
2013-11-22,145.33706665039062,145.35314630483012,144.50110859727653,144.669902040752,81296000,131.4215161895752,1
2013-11-25,145.19241333007812,145.62646595852448,144.98341457937238,145.59431890890008,79486000,131.54633365631105,1
2013-11-26,145.2325897216797,145.6666546022975,145.01556954655533,145.26474903552486,86994000,131.67036178588867,1
2013-11-27,145.5862579345703,145.68272360386567,145.2084657482213,145.38530516588185,58800000,131.7956432723999,1
2013-11-29,145.48980712890625,146.09266544573873,145.329047364121,145.74703256470968,55870900,131.9198879623413,1
2013-12-02,145.11203002929688,145.83545517866767,144.88696388215106,145.5621623235885,99726000,132.0429570388794,1
2013-12-03,144.4850616455078,144.99950031736563,144.01884968270144,144.6377877342943,116563000,132.1583756637573,1
2013-12-04,144.4689483642578,145.07180661746474,143.3596975186812,143.96255577188813,123033000,132.2812790298462,1
2013-12-05,143.83399963378906,144.477051143142,143.6973531811445,144.2117919355894,106934000,132.40465171813966,1
2013-12-06,145.4415740966797,145.57822050405977,144.80655649541447,145.2245416778133,127728000,132.53023971557616,1
2013-12-09,145.81129455566406,146.0283269361919,145.618387786467,145.86756720680063,70124000,132.6691231918335,1
2013-12-10,145.28883361816406,145.7791588031397,145.2004139203756,145.47370670801917,80976000,132.80135448455812,1
2013-12-11,143.65711975097656,145.3692413066523,143.48028032902022,145.3451279550386,130591000,132.91794109344482,1
2013-12-12,143.182861328125,143.76963994015676,142.88544290954766,143.59280053403495,115565000,133.03334453582764,1
2013-12-13,143.16680908203125,143.60890768197348,142.89351622577067,143.48029495013844,107808000,133.1466875076294,1
2013-12-16,144.0590362548828,144.53328189293393,143.80181079786092,143.8420038086687,96195000,133.26128284454344,1
2013-12-17,143.60084533691406,144.21174961083918,143.27932580919415,144.1876362595194,89886000,133.3681610107422,1
2013-12-18,146.05242919921875,146.07654254353855,142.5317460115453,143.81783601426218,234906000,133.48646545410156,1
2013-12-19,145.8836669921875,146.05246043852952,145.2566953754086,145.63447527228266,136531200,133.60281723022462,1
2013-12-20,146.73228454589844,147.07980628780638,145.9321990054638,146.02917608144992,197087000,133.7207976913452,1
2013-12-23,147.51622009277344,147.60511985914326,147.1444664019725,147.4515645961613,85598000,133.84036075592041,1
2013-12-24,147.83941650390625,147.90407197045587,147.51615150292753,147.52422881183273,45368800,133.96292613983155,1
2013-12-26,148.59107971191406,148.67190215752396,148.1546705682325,148.1708251919354,63365000,134.08837852478027,1
2013-12-27,148.58297729492188,148.84966419047174,148.4294220732726,148.78502104303476,61814000,134.2105029678345,1
2013-12-30,148.5587615966797,148.72039415989448,148.36479512175748,148.5991604886528,56857000,134.3333257675171,1
2013-12-31,149.26182556152344,149.26182556152344,148.64760473981025,148.76076106530093,86119900,134.46308532714843,1
2014-01-02,147.83139038085938,148.76079916107253,147.47579135759685,148.68805402866076,119636900,134.58712493896485,1
2014-01-03,147.80711364746094,148.38092327837165,147.5969926034024,148.08189016625383,81390600,134.706746635437,1
2014-01-06,147.3788299560547,148.34863772963905,147.15254188661083,148.29207187816553,108028200,134.82951820373535,1
2014-01-07,148.28395080566406,148.53448309146515,147.855619027016,147.9687630377575,86144200,134.95188201904296,1
2014-01-08,148.31629943847656,148.5668317491522,147.80714517370117,148.25972126160218,96582300,135.07699378967285,1
2014-01-09,148.4132843017578,148.80929456536097,147.73442013424452,148.7931276094371,90683400,135.1976570892334,1
2014-01-10,148.81735229492188,148.8820077783354,147.90411054789303,148.66379706328632,102026400,135.32034072875976,1
2014-01-13,146.8373565673828,148.84970495739472,146.55449030984474,148.43754003779864,149892000,135.43121448516845,1
2014-01-14,148.4375457763672,148.51836823358124,147.0474833683593,147.32225999204616,105016100,135.55255599975587,1
2014-01-15,149.23760986328125,149.4638978940308,148.46984602096867,148.78503380178216,98525800,135.67483432769777,1
2014-01-16,149.0436553955078,149.2376218653665,148.56683503035077,148.9305113710337,72290600,135.8024686431885,1
2014-01-17,148.4132843017578,149.06790420127237,148.1546746658464,148.78505029736223,107848700,135.92444465637206,1
2014-01-21,148.8496551513672,149.32648774010377,147.93642585095887,149.26990957481752,88621200,136.05138744354247,1
2014-01-22,148.94664001464844,149.16485069563993,148.6314522895588,149.1001952223176,61270900,136.17463748931885,1
2014-01-23,147.72630310058594,148.21929034477975,146.94238469434842,148.1950460812761,132496900,136.28963768005372,1
2014-01-24,144.574462890625,146.8131116762594,144.52597435108655,146.76462313672093,208677100,136.38124004364013,1
2014-01-27,143.86322021484375,145.08357229698672,143.1439449935912,144.7118063893436,180843100,136.46721759796142,1
2014-01-28,144.71987915039062,144.90575591664492,143.95210316239934,143.96827011261226,110463200,136.55902980804444,1
2014-01-29,143.32980346679688,144.2996107452467,142.94996033020735,143.515680214989,216597300,136.65853240966797,1
2014-01-30,144.84918212890625,145.3179250450711,144.06525149880972,144.5259171055092,118938100,136.75652137756347,1
2014-01-31,144.00059509277344,144.8976697084112,142.98229917709142,143.05503195711796,194677900,136.85941780090332,1
2014-02-03,140.7598876953125,144.15422142081306,140.4851110584552,143.83095624001348,254837100,136.9499701309204,1
2014-02-04,141.74581909179688,142.10949539169636,140.7113560321052,141.39022010282054,165012400,137.04012058258056,1
2014-02-05,141.5680389404297,141.88322675431115,140.38811013226783,141.2528511265482,164230500,137.12663722991942,1
2014-02-06,143.43492126464844,143.43492126464844,141.60844987660428,141.89939342204065,132877600,137.21608264923097,1
2014-02-07,145.21290588378906,145.36646113627285,143.63696679840788,144.1057098679679,170787200,137.3140203475952,1
2014-02-10,145.47962951660156,145.5281303926947,144.83309915000862,145.22909714978036,92218800,137.41074546813965,1
2014-02-11,147.07167053222656,147.44343642657122,145.50380919255824,145.60079856990993,117814100,137.51654495239256,1
2014-02-12,147.1444549560547,147.75866362843,146.85351140981922,147.28992056328536,94717700,137.6184906387329,1
2014-02-13,147.9041290283203,148.0576842791424,146.14231312931213,146.15039044133337,100542200,137.72272342681885,1
2014-02-14,148.72039794921875,148.99517454686247,147.62935653911504,147.7667448379369,96498400,137.83660697937012,1
2014-02-18,148.89817810058594,149.10022186640924,148.42134544109558,148.84967723809916,80460900,137.94553123474122,1
2014-02-19,147.9122314453125,149.47200369251962,147.7909977638801,148.51027321265508,126524300,138.04308052062987,1
2014-02-20,148.78501892089844,149.12445093307412,147.57275644951176,148.11423220691856,104998100,138.1433625793457,1
2014-02-21,148.6153106689453,149.4234857255673,148.54257787347478,149.06788672757,118116400,138.2395336151123,1
2014-02-24,149.43968200683594,150.44181138137856,148.8658721780453,148.9305276750763,114063900,138.3368825531006,1
2014-02-25,149.383056640625,149.98918786060003,148.89006942177446,149.56085611835937,117085000,138.43577812194823,1
2014-02-26,149.39117431640625,149.99730565012425,148.97091980546517,149.60129540599002,98677200,138.53260604858397,1
2014-02-27,150.17510986328125,150.21550875470854,149.00324604931598,149.17296825405143,93880800,138.632836227417,1
2014-02-28,150.554931640625,151.24996270922085,149.5528024243518,150.15084409683143,150842000,138.72824172973634,1
2014-03-03,149.49620056152344,149.87604377904566,148.50214881419376,149.229501345065,167748500,138.8148127746582,1
2014-03-04,151.59747314453125,151.92073822283572,150.92668639186584,150.95900796698737,167545900,138.91499351501466,1
2014-03-05,151.73486328125,151.9934852124848,151.49240830366048,151.7267859703136,88376900,139.00949546813965,1
2014-03-06,152.08233642578125,152.42985802168093,151.75907142046157,152.10659301636124,82516500,139.1057748413086,1
2014-03-07,152.14695739746094,152.7126895261582,151.4761709483266,152.7126895261582,114513500,139.20142211914063,1
2014-03-10,152.0662384033203,152.1228042510075,151.1934077659862,151.91268315252438,74939200,139.30159927368163,1
2014-03-11,151.3146209716797,152.5107290021261,150.96711159689383,152.29251827157836,99009100,139.39992805480958,1
2014-03-12,151.35499572753906,151.4115738903279,150.23971040874633,150.57915472193838,104824400,139.49901588439943,1
2014-03-13,149.6578369140625,151.92881896711074,149.23759480323437,151.8075853210179,155014300,139.58567916870118,1
2014-03-14,149.23760986328125,150.1589289404109,149.05981036315336,149.39116509809833,153919600,139.67453804016114,1
2014-03-17,150.58731079101562,150.94290990947067,149.92460110084454,149.9892566070888,98359500,139.7677180480957,1
2014-03-18,151.66207885742188,151.864122548003,150.73267048168788,150.89431529956735,101804600,139.8757411956787,1
2014-03-19,150.8539581298828,151.8884212096537,149.8922278451491,151.67828780384946,176267300,139.9761432647705,1
2014-03-20,151.73486328125,151.8480072932221,150.25590148290368,150.5226007250749,117241000,140.0840930175781,1
2014-03-21,151.1463623046875,153.43548075642798,151.00836764703087,152.3721006873912,163128000,140.19821083068848,1
2014-03-24,150.5213165283203,151.85258532926431,149.86380747520056,151.66587574696592,121411000,140.30339462280273,1
2014-03-25,151.23561096191406,151.74701225336207,150.3914049499682,151.2843134875383,103852000,140.40391456604004,1
2014-03-26,150.14788818359375,152.07171236861137,150.1072986146116,151.8281873409161,119843000,140.49899589538575,1
2014-03-27,149.8313446044922,150.44826408505153,149.2793535861388,149.96933926253044,142383000,140.5992576599121,1
2014-03-28,150.5699920654297,151.3249059996926,150.17223412142852,150.26152621554317,101642000,140.7085838317871,1
2014-03-31,151.80386352539062,152.03927563633482,150.59437589993132,151.5278742243247,99745000,140.8142922973633,1
2014-04-01,152.8103790283203,152.8996711131074,151.79570187673784,152.29897778034012,89193000,140.92913116455077,1
2014-04-02,153.3218231201172,153.5247586071414,152.72112961949384,153.00524425580738,78774000,141.04151397705078,1
2014-04-03,153.11883544921875,153.59776006268754,152.64802379343428,153.55717050187604,77435000,141.1477099609375,1
2014-04-04,151.30870056152344,153.98745158062394,151.0651878757686,153.95498735125653,169381000,141.253966217041,1
2014-04-07,149.63650512695312,151.1950481537443,149.3280516146771,150.9434101360195,140803000,141.3679744720459,1
2014-04-08,150.25341796875,150.49693060924798,149.02767987598915,149.57154541676357,112660000,141.48303131103515,1
2014-04-09,151.86875915527344,151.91746167787932,150.22092441406286,150.65927188990767,100254000,141.61420421600343,1
2014-04-10,148.67864990234375,151.9337304738207,148.49194034662077,151.86067667525003,172959000,141.72338737487792,1
2014-04-11,147.3393096923828,148.88974013479307,147.17696374347432,147.8507111983364,167251000,141.81959434509278,1
2014-04-14,148.5000762939453,148.84911939172162,147.28246335271743,148.49195094716953,132382000,141.91784561157226,1
2014-04-15,149.5229034423828,149.6284338868012,147.33931504949496,148.80857876397292,157093000,142.02385040283204,1
2014-04-16,151.0895233154297,151.09763627537166,149.88813638930404,150.55377069049783,105197000,142.13392890930174,1
2014-04-17,151.3006134033203,151.72272277428078,150.6268659566994,150.88662938073716,105255000,142.24566299438476,1
2014-04-21,151.82821655273438,151.87693147660414,151.15448160003348,151.34117878983494,68329000,142.3597550201416,1
2014-04-22,152.51820373535156,152.93218769591462,151.90128427498706,151.98245104318767,85790000,142.47033767700196,1
2014-04-23,152.1610107421875,152.54253041120086,152.03925441641638,152.4613636560861,73869000,142.57541496276855,1
2014-04-24,152.469482421875,152.92405590366147,151.7389072808338,152.907817597541,88170000,142.67731498718263,1
2014-04-25,151.2194061279297,152.06362471292636,150.87847598690394,151.9743326007863,100380000,142.77272453308106,1
2014-04-28,151.69833374023438,152.3558427126329,150.1397907425715,151.8363283800786,135121000,142.8615299987793,1
2014-04-29,152.404541015625,152.639940715602,151.86067543150023,152.18536723550957,84098000,142.95358642578125,1
2014-04-30,152.859130859375,153.0133638179596,151.94185845486646,152.15291929764524,101508000,143.04535598754882,1
2014-05-01,152.8753662109375,153.28935015529095,152.3883160760045,152.7860740990731,93019000,143.13972648620606,1
2014-05-02,152.65615844726562,153.53284106337304,152.42887173785223,152.85909389397025,98122000,143.2312811279297,1
2014-05-05,152.9484100341797,153.05394044664166,151.48727211093134,151.90938137458056,75883000,143.32061737060548,1
2014-05-06,151.61717224121094,152.7130289135588,151.58470801060955,152.60749848825412,85454000,143.40209770202637,1
2014-05-07,152.51007080078125,152.58312459845425,150.99210503845188,152.12855112022453,106500000,143.48672256469726,1
2014-05-08,152.34768676757812,153.45978139552375,151.8606491458657,152.37205041555015,93618000,143.57197563171385,1
2014-05-09,152.5749969482422,152.63992539356784,151.6577247340042,152.37206149455747,83679000,143.6608447265625,1
2014-05-12,154.06053161621094,154.1335978205771,152.60751867028964,153.2569148439993,86940000,143.7555017852783,1
2014-05-13,154.1985321044922,154.57192652777465,154.04429912636198,154.26346057151423,66454000,143.85012886047363,1
2014-05-14,153.4678955078125,154.13352969787874,153.24872176398625,154.0604635258058,72367000,143.94318237304688,1
2014-05-15,152.12045288085938,153.19195831579083,151.37365169266494,153.15948169801686,154956000,144.02949867248535,1
2014-05-16,152.64805603027344,152.7129968640473,151.56843789290323,152.20970849884918,97458000,144.11797325134276,1
2014-05-19,153.20814514160156,153.32990145183842,152.21781919768722,152.35581381135444,63839000,144.2014488220215,1
2014-05-20,152.2422332763672,153.15138046444906,151.8526005366466,153.1351421543186,111644000,144.27893531799316,1
2014-05-21,153.5247344970703,153.5977882882386,152.65616480363437,152.68051606735713,89093000,144.36383399963378,1
2014-05-22,153.8981475830078,154.2147264362424,153.30557944976331,153.5653304232436,61549000,144.45447937011718,1
2014-05-23,154.51510620117188,154.6206242464411,153.89817430790146,154.0361689718696,61092800,144.5504094696045,1
2014-05-27,155.4647979736328,155.51350050139808,155.00209918746793,155.0913912837701,72010000,144.6486082458496,1
2014-05-28,155.3511199951172,155.7082883007346,155.09135672332468,155.46476332997776,66723000,144.74819816589354,1
2014-05-29,156.15476989746094,156.17912116115698,155.31056385487076,155.7083218055684,64377000,144.8526064300537,1
2014-05-30,156.40640258789062,156.503820025576,155.87877537739828,156.0086570368476,76316000,144.9562728881836,1
2014-06-02,156.5850067138672,156.65807289798525,155.83009269630014,156.62559628588872,64656000,145.06431221008302,1
2014-06-03,156.50387573242188,156.58504250882106,156.05741511052216,156.2035227397614,65047000,145.18138481140136,1
2014-06-04,156.82041931152344,156.90971141578277,156.0736182514448,156.23596415386217,55529000,145.30223983764648,1
2014-06-05,157.8432159423828,158.00556185127792,156.42266756370276,156.99900978440905,92103000,145.43244827270507,1
2014-06-06,158.59811401367188,158.6386911939893,158.11106398789596,158.18411777590333,78696000,145.56319152832032,1
2014-06-09,158.7604217529297,159.141941291352,158.42760472814533,158.57372465525293,65119000,145.69882621765137,1
2014-06-10,158.77671813964844,158.8091823652192,158.22472721535954,158.56565732174462,57129000,145.82854301452636,1
2014-06-11,158.22470092773438,158.38704680101236,157.86753257480513,158.20846262454774,68772000,145.95326011657716,1
2014-06-12,157.10450744628906,158.12731007351337,156.75546440672332,158.03801797726675,106350000,146.0748557281494,1
2014-06-13,157.58348083496094,157.73771379911304,156.90973347830712,157.41300956242438,82017000,146.20952499389648,1
2014-06-16,157.71336364746094,158.04618087373885,157.2019745584644,157.38867176917103,87424000,146.34252403259276,1
2014-06-17,158.15170288085938,158.2653462708255,157.32372253327753,157.49419381132694,84834000,146.47667488098145,1
2014-06-18,159.31248474121094,159.40177685905795,157.8026440851981,158.15169959540015,105267000,146.6187092590332,1
2014-06-19,159.4910125732422,159.588430004024,158.9390341389942,159.4504230092661,85929000,146.7586767578125,1
2014-06-20,159.8148651123047,159.9453691612935,159.61910903882145,159.88826897277923,100587000,146.89482376098633,1
2014-06-23,159.76596069335938,159.90461660565583,159.47233274803938,159.8556806890281,70611000,147.02988677978516,1
2014-06-24,158.8035125732422,160.27165233565668,158.6240725775274,159.48048847606535,96237000,147.1598173522949,1
2014-06-25,159.52120971679688,159.68433352712808,158.4364183320485,158.46903811589516,82782000,147.28697700500487,1
2014-06-26,159.4070587158203,159.56203072746095,158.33858319836355,159.54571460898512,84312000,147.40860649108888,1
2014-06-27,159.7169647216797,159.7659006199071,158.95842096250846,159.03182480984955,71445100,147.52966567993164,1
2014-06-30,159.6354217529297,160.0024534930285,159.48044975375333,159.61910563576618,70201200,147.65211715698243,1
2014-07-01,160.7039337158203,161.1933177775665,159.9698700687547,160.026957823478,90470000,147.77839141845703,1
2014-07-02,160.86703491210938,161.0709428348352,160.64682331636286,160.72022718161168,52475000,147.90156135559081,1
2014-07-03,161.658203125,161.7316069922817,161.20145135673283,161.32379113553574,52938800,148.02564781188966,1
2014-07-07,161.09539794921875,161.47874580903132,160.85887025375294,161.34825420750755,61696000,148.1390008544922,1
2014-07-08,160.05953979492188,160.8588552288809,159.66802769026663,160.80175504653752,108143000,148.2483349609375,1
2014-07-09,160.77731323242188,160.92413340692283,160.11665356104706,160.4592173741469,72992000,148.366088180542,1
2014-07-10,160.14111328125,160.5652452189913,159.09710577723396,159.22760982662376,99040000,148.48383583068846,1
2014-07-11,160.36126708984375,160.47545497167138,159.68429163131353,160.04317138721348,64243000,148.60429153442382,1
2014-07-14,161.16879272460938,161.38085243861477,161.03828869496792,161.17694455938098,58658000,148.73075454711915,1
2014-07-15,160.86703491210938,161.57664294617058,160.15743932360007,161.2666989210507,111307000,148.85309631347656,1
2014-07-16,161.4624481201172,161.70712766050988,161.02200005630752,161.58478789031352,79986400,148.98154991149903,1
2014-07-17,159.62730407714844,161.57666356939652,159.39891572463685,160.96493972314016,145398000,149.10444511413573,1
2014-07-18,161.258544921875,161.4216687687576,160.05956535668267,160.14928533930086,124330000,149.23015083312987,1
2014-07-21,160.95675659179688,161.0872606506489,160.21452875832216,160.75284866692263,67592000,149.35499099731445,1
2014-07-22,161.658203125,161.9518310396792,161.38904316608136,161.50323110814816,67678000,149.48960823059082,1
2014-07-23,162.01707458496094,162.18836271186643,161.57663895878505,161.90288664887447,65612000,149.62091506958006,1
2014-07-24,162.02525329589844,162.35966532331653,161.86212942379686,162.1720734926774,56888000,149.75813102722168,1
2014-07-25,161.2666778564453,161.7071134359607,160.94858203636468,161.56845756008457,76837000,149.89939109802245,1
2014-07-28,161.33193969726562,161.56846739508748,160.36948789744145,161.29930746239643,69259000,150.04049522399902,1
2014-07-29,160.63865661621094,161.8621041341494,160.6141886614963,161.63372825977837,80466000,150.16378479003907,1
2014-07-30,160.6631622314453,161.42170634206187,159.99435056988526,161.20963409075495,104222000,150.2828160095215,1
2014-07-31,157.4902801513672,159.6843308331207,157.39240835592946,159.54567497440098,183479000,150.38325019836427,1
2014-08-01,157.0090789794922,158.03677028877806,156.25054758478004,157.058014882951,189261000,150.48626205444336,1
2014-08-04,158.1427764892578,158.47718836042625,156.6420176542479,157.31082895103688,91340000,150.58541717529297,1
2014-08-05,156.60943603515625,157.90629987854592,156.03849634229232,157.49848403427856,152690000,150.6722833251953,1
2014-08-06,156.65835571289062,157.32716710336967,155.8508760086596,155.8753439591924,94818000,150.75469207763672,1
2014-08-07,155.81008911132812,157.52292029079712,155.41858946436784,157.36794830987236,135733000,150.83281929016113,1
2014-08-08,157.6126708984375,157.718694554249,155.74486737491634,156.16084749838663,117014000,150.9158999633789,1
2014-08-11,158.06936645507812,158.77080995089142,157.9959626166383,158.2080222984247,74544000,151.00464027404786,1
2014-08-12,157.84918212890625,158.3548697369735,157.3679624731293,157.91443415019725,73632000,151.08994903564454,1
2014-08-13,158.91766357421875,159.09710352820534,158.19991620382342,158.4690636892523,69047000,151.1773844909668,1
2014-08-14,159.6680450439453,159.6680450439453,159.03185336167263,159.1786735282631,57371000,151.26744667053222,1
2014-08-15,159.6354217529297,160.39395318609715,158.48537818114272,160.24714546827798,139951000,151.35356758117675,1
2014-08-18,160.97303771972656,161.04644156979296,160.42656609331675,160.51628605858102,75424000,151.4499136352539,1
2014-08-19,161.8131561279297,161.93549589235698,161.03830858027155,161.36455624911156,59135000,151.5524695587158,1
2014-08-20,162.24542236328125,162.44117841076942,161.56029486539677,161.59291465053673,72763000,151.6554990386963,1
2014-08-21,162.71849060058594,162.93055031846455,162.25357465357763,162.38407868560273,67791000,151.75840202331543,1
2014-08-22,162.4656219482422,162.87343765173372,162.09859030420932,162.58796168107062,76107000,151.86229118347168,1
2014-08-25,163.2893829345703,163.60747864211928,162.43296758484743,163.2404470481083,63855000,151.9666819000244,1
2014-08-26,163.39552307128906,163.79518714123137,163.35473899140862,163.39552307128906,47298000,152.0806063079834,1
2014-08-27,163.33023071289062,163.59123880325,163.07738690382422,163.4770384295547,47874000,152.18471923828125,1
2014-08-28,163.24050903320312,163.3465451244984,162.6287853290547,162.79190916105082,58330000,152.2882628631592,1
2014-08-29,163.7053680419922,163.72167170763163,162.97945666355628,163.4932959332167,65907000,152.39557746887206,1
2014-09-02,163.6238555908203,163.94195141664252,163.01213189150448,163.91748346431393,72426000,152.4967774963379,1
2014-09-03,163.53411865234375,164.27634631744831,163.30574282393454,164.25187836765798,57462000,152.59395195007323,1
2014-09-04,163.29757690429688,164.41498800017266,162.84897712091853,163.81141625112284,85236000,152.68680885314942,1
2014-09-05,164.03164672851562,164.0968987400982,162.64507570764485,163.26495114935628,102177000,152.7858679962158,1
2014-09-08,163.60752868652344,164.11322870758858,163.12630906172328,163.87668858994124,64146000,152.88437408447265,1
2014-09-09,162.5717315673828,163.5749551671153,162.23731955228757,163.4607672162966,88591000,152.9799520111084,1
2014-09-10,163.18341064453125,163.28943428335768,162.12308713741825,162.661394503325,67251000,153.07280075073243,1
2014-09-11,163.37103271484375,163.3955006703068,162.40858083294015,162.53093305580742,66774400,153.16297058105468,1
2014-09-12,162.41677856445312,163.22424615213325,161.95186242380302,163.2079424755016,117409300,153.24909240722656,1
2014-09-15,162.29432678222656,162.57165090709407,161.80495542675757,162.4411469007502,76401000,153.3344010925293,1
2014-09-16,163.51780700683594,163.81143485789502,161.9028600487858,161.99258001565246,116201000,153.4240588378906,1
2014-09-17,163.73800659179688,164.49653783402547,162.92237517664472,163.75432270485328,151266000,153.51529983520507,1
2014-09-18,164.61074829101562,164.6352162393293,164.02349264039032,164.23555234095838,94990000,153.61279342651366,1
2014-09-19,164.4625244140625,165.44585540757507,164.12654913596168,165.13447497026414,121649000,153.71268074035643,1
2014-09-22,163.19227600097656,164.20020117555342,162.84811100370294,164.17561885458557,125553000,153.80629737854005,1
2014-09-23,162.25816345214844,163.28246884047158,162.20899879410538,162.60232856217766,111393000,153.89841819763183,1
2014-09-24,163.52825927734375,163.63479100937406,161.85659884890134,162.28270076957378,107276000,153.98885162353517,1
2014-09-25,160.88967895507812,163.1103783453839,160.83232436026083,163.10217590060518,150300000,154.06424354553224,1
2014-09-26,162.16799926757812,162.569531419712,160.95522537439086,161.18466874597425,103547000,154.1486393737793,1
2014-09-29,161.87298583984375,162.15979628311524,160.65202210435788,160.77493372077427,95112000,154.23971870422363,1
2014-09-30,161.4468994140625,162.49578698735422,161.11092429194022,161.99592552635377,131302000,154.33103889465332,1
2014-10-01,159.2589874267578,161.24204091714753,158.89842997328216,161.1846738205826,177798000,154.41149978637696,1
2014-10-02,159.28358459472656,159.84080070839985,157.62011369151168,159.11968573425557,157285000,154.48762252807617,1
2014-10-03,161.0371856689453,161.3813507495612,159.857183961847,160.34884300398676,121569000,154.57480422973632,1
2014-10-06,160.8487091064453,161.92219159559983,160.26691068099296,161.70912808453798,104778000,154.64878562927245,1
2014-10-07,158.36570739746094,160.38154468669515,158.33293514645402,160.02098740701746,147913000,154.71119583129882,1
2014-10-08,161.13551330566406,161.364956690362,157.6282929924508,158.45592716555933,186461000,154.78321197509766,1
2014-10-09,157.9397430419922,161.10279942450578,157.8086289164391,160.88154590060137,210705000,154.83532958984375,1
2014-10-10,156.1368865966797,158.68535846465582,156.09592439117432,157.89869906381168,221909000,154.8768169403076,1
2014-10-13,153.57199096679688,156.63670328346106,153.48185163373486,156.07129747104167,230939000,154.90172149658204,0
2014-10-14,153.80967712402344,155.54690736765764,153.268840939579,154.39967796092162,215847000,154.92785499572753,0
2014-10-15,152.7689666748047,153.8014743047838,149.0732780646754,151.7282816084033,380715000,154.94890602111818,0
2014-10-16,152.63792419433594,153.71139444427976,149.8681978978541,150.00750195663693,270391000,154.96578651428223,0
2014-10-17,154.44065856933594,155.48954620748617,153.74412595637554,154.39968385615117,214625000,154.9988328552246,0
2014-10-20,155.94021606445312,156.06312767901449,154.11285920686723,154.16202385269176,130011000,155.03949836730956,1
2014-10-21,159.02952575683594,159.13604498949212,156.9071559913906,157.07104231401354,154949000,155.09775184631349,1
2014-10-22,157.89871215820312,159.7178793661399,157.8331551187419,159.30815724730238,151822000,155.14582565307617,1
2014-10-23,159.73431396484375,160.77501200422336,159.1852876379809,159.4802881647448,154944000,155.202915725708,1
2014-10-24,160.96343994140625,161.01261710317735,159.37372848185478,159.99650165661532,117927000,155.26566650390626,1
2014-10-27,160.7421417236328,160.979774987439,159.81616598122653,160.38977429362376,82954000,155.3252904510498,1
2014-10-28,162.58595275878906,162.59414270075914,161.2092797803963,161.28303927303975,106736000,155.40403343200683,1
2014-10-29,162.34007263183594,163.16770667904382,161.26660285164087,162.7006300397205,142557000,155.47354606628417,1
2014-10-30,163.38079833984375,163.84787505975865,161.75828972440817,161.90579619114183,113330000,155.544262008667,1
2014-10-31,165.24911499023438,165.38022905885788,164.51981017613906,165.3474442898391,146903000,155.62528930664064,1
2014-11-03,165.33929443359375,165.8965106047441,164.9623445208465,165.46220608789784,93600000,155.7099193572998,1
2014-11-04,164.76565551757812,165.1999599544082,163.93800885198658,164.89675709010544,93343000,155.78949935913087,1
2014-11-05,165.80628967285156,166.0111506650846,165.07698504065078,165.97017596589347,91709000,155.87379760742186,1
2014-11-06,166.4700927734375,166.56023214021343,165.2327364692653,165.84731965081193,107089000,155.96751655578612,1
2014-11-07,166.62576293945312,166.83882641122077,166.02757223799557,166.48645894068764,89540000,156.07777305603028,1
2014-11-10,167.15023803710938,167.19940269251993,166.45371791258117,166.65857897927663,66319000,156.1942081451416,1
2014-11-11,167.31411743164062,167.42064918308463,166.87981298860583,167.21578812490873,54499400,156.30717933654785,1
2014-11-12,167.13388061523438,167.3633240404695,166.60123426800862,166.634019045173,90120300,156.42619972229005,1
2014-11-13,167.32228088378906,167.84672457035467,166.51922922392507,167.2976985628347,85357900,156.53856521606446,1
2014-11-14,167.36328125,167.56814229184863,166.93716678191166,167.2485595667138,80417500,156.65537864685058,1
2014-11-17,167.46983337402344,167.64192218460738,166.87983245734725,167.0437313259903,80441000,156.78892837524415,1
2014-11-18,168.4368133544922,168.74000380727992,167.52722949239865,167.52722949239865,76068100,156.9223833465576,1
2014-11-19,168.16636657714844,168.43678470677602,167.41247929321466,168.2401135660301,82373000,157.0553749847412,1
2014-11-20,168.4613037109375,168.56783543509508,167.31407457676116,167.37963159903325,72840300,157.18050689697264,1
2014-11-21,169.36268615722656,170.31324423313694,168.7890778368405,170.1493579278443,142327300,157.30125579833984,1
2014-11-24,169.8380126953125,169.94454445022305,169.55121470676988,169.76426571286387,65880800,157.4230477142334,1
2014-11-25,169.71502685546875,170.27224270642543,169.46100124672546,170.06738173115227,79108300,157.53626449584962,1
2014-11-26,170.1493377685547,170.2476670393355,169.64947646921533,169.86252739048115,62167800,157.6512889099121,1
2014-11-28,169.78884887695312,170.3378750329878,169.55121554220537,170.02649471542804,57890100,157.76071250915527,1
2014-12-01,168.6088409423828,169.24800644405835,168.2974606362631,169.1332847515455,103968400,157.8601547241211,1
2014-12-02,169.6986846923828,169.90354572827698,168.62521486489354,168.6497971889028,74507200,157.96415725708007,1
2014-12-03,170.3542022705078,170.5672531961742,169.70684705162606,169.87073334088657,68952000,158.07636711120605,1
2014-12-04,170.16574096679688,170.66560229791563,169.37906923937018,170.0673991860417,91316600,158.18327072143555,1
2014-12-05,170.44442749023438,170.82956734111156,170.07568002765987,170.33789572185978,91025500,158.292416305542,1
2014-12-08,169.3053741455078,170.54273044085798,168.7481455629405,170.0510714013622,108588200,158.39174476623535,1
2014-12-09,169.19065856933594,169.29719032508848,167.0928832493688,167.46982060957035,125180100,158.4907827758789,1
2014-12-10,166.47833251953125,168.78915929797455,166.28985129894235,168.73180469011723,159856400,158.57621856689454,1
2014-12-11,167.32228088378906,168.96116896727202,166.9289512447958,167.068255231445,159012800,158.66195442199708,1
2014-12-12,164.61814880371094,167.01912686949117,164.58537653656094,166.05217618825847,202330200,158.7322705078125,1
2014-12-15,163.4873046875,165.96202962481365,162.88911393408057,165.51133282276095,189965800,158.8022260284424,1
2014-12-16,162.17620849609375,165.85550503958038,162.13523378436992,162.7252346227588,259543800,158.8551197052002,1
2014-12-17,165.3556365966797,165.8063333991944,162.48758194905534,162.61050607904625,253910100,158.92322357177736,1
2014-12-18,169.44471740722656,174.5170804047407,167.10110584872783,167.77305627983506,257633900,159.01003547668458,1
2014-12-19,170.1656494140625,170.8330605981145,169.41583651008966,170.09148283703885,245084600,159.1001289367676,1
2014-12-22,170.9484100341797,170.9484100341797,170.11620800944846,170.35515287325197,148318900,159.19453979492187,1
2014-12-23,171.17916870117188,171.57466939729824,170.8907751808824,171.525233381875,122167900,159.29386253356932,1
2014-12-24,171.19561767578125,171.6652723020745,171.1544168135041,171.40160941442906,42963400,159.39306564331054,1
2014-12-26,171.74761962890625,172.08544899074485,171.5910639454818,171.64049993546132,57326700,159.50351455688477,1
2014-12-29,171.97837829589844,172.18437002799178,171.5004759687134,171.5663948317118,79643900,159.61721839904786,1
2014-12-30,171.05552673339844,171.68997216904498,170.9813601600387,171.55814702551612,73540800,159.71955947875978,1
2014-12-31,169.35813903808594,171.54165871129243,169.23454904097866,171.37686785757063,130333800,159.8080397796631,1
2015-01-02,169.26748657226562,170.46224844022055,168.23752811557006,170.05026505754233,121465900,159.900107421875,1
2015-01-05,166.2105712890625,168.3940781142746,165.90570761947222,168.22928728132675,169632600,159.97248596191406,1
2015-01-06,164.64512634277344,167.03462611245976,163.85411232565295,166.5155227708263,209151400,160.0399797821045,1
2015-01-07,166.6967315673828,167.03456099365474,165.518465005697,165.96340157310811,125346700,160.1208568572998,1
2015-01-08,169.65481567382812,169.86905515983162,168.0810481162275,168.097518405351,147217800,160.21295288085938,1
2015-01-09,168.29525756835938,170.0832644264525,167.68551747007763,170.06678156629934,158567300,160.3036897277832,1
2015-01-12,166.9768524169922,168.58359759494226,166.375360225857,168.42704190496892,144396100,160.3894172668457,1
2015-01-13,166.5072479248047,169.30873061252777,165.21361373830064,168.18813502289086,214553300,160.46910354614258,1
2015-01-14,165.50205993652344,165.69981659984134,163.6151804934082,164.50505404648302,192991100,160.53759452819824,1
2015-01-15,163.9859619140625,166.44961588940052,163.87060700457587,166.1365168909323,176613900,160.59347244262696,1
2015-01-16,166.13641357421875,166.29296926246528,163.5985945709863,163.77986825498394,211879600,160.65754539489745,1
2015-01-20,166.4907684326172,167.0345896649275,164.9334713202657,166.77091419250849,130991100,160.72440505981444,1
2015-01-21,167.33123779296875,167.8091402128895,165.56794872699774,166.02936828478605,122942700,160.80451774597168,1
2015-01-22,169.819580078125,169.95140522448418,166.71322140038436,168.0810094473482,174356000,160.90543312072754,1
2015-01-23,168.88848876953125,169.81957534719535,168.75665105410798,169.56413505878655,117516800,160.99860847473144,1
2015-01-26,169.2839813232422,169.3746181767097,167.96564194967536,168.6742539205843,92009700,161.0856845855713,1
2015-01-27,167.05104064941406,168.1881063322217,166.2270738144371,167.24054950109263,134044600,161.17754653930663,1
2015-01-28,164.90875244140625,168.32821041180577,164.7192435545721,168.2293383965425,168514300,161.26539375305177,1
2015-01-29,166.43312072753906,166.68854851946722,163.70577903803246,165.10653318029964,173585400,161.35505897521972,1
2015-01-30,164.34019470214844,166.5813856624894,164.07653183355734,165.26304617405987,197729700,161.42914543151855,1
2015-02-02,166.37539672851562,166.46603359139985,163.0300930901773,164.83458263222118,163107000,161.50557479858398,1
2015-02-03,168.78140258789062,168.78965030470357,166.8945236303613,167.26530627751242,124212900,161.59297874450684,1
2015-02-04,168.13873291015625,169.22637557202845,167.68554846770948,168.02337801323714,134306700,161.67453132629396,1
2015-02-05,169.83604431152344,169.9843648834055,168.72369659972196,168.79785059929478,97953200,161.7611205291748,1
2015-02-06,169.36642456054688,170.75893084490582,168.84732131134493,170.1986267298921,125672000,161.8471475982666,1
2015-02-09,168.6083221435547,169.44052404507613,168.20457390491867,168.72367698706,87219000,161.927841796875,1
2015-02-10,170.4045867919922,170.66001451068226,168.64953333130174,169.63830363592191,96164200,162.02376770019532,1
2015-02-11,170.50344848632812,170.93191475424672,169.59709252553162,170.23978564104155,91087800,162.11779327392577,1
2015-02-12,172.14315795898438,172.20084167512883,170.53642506781642,171.29447308383575,97545900,162.21648635864258,1
2015-02-13,172.851806640625,172.90124265195735,172.0113567297566,172.26679707620616,93670400,162.31644973754882,1
2015-02-17,173.1237335205078,173.2967721491473,172.29153124859926,172.53871132845487,76968200,162.4176915740967,1
2015-02-18,173.14013671875,173.2142907085872,172.48919594733073,172.75287134150938,80652900,162.5201114654541,1
2015-02-19,173.0166015625,173.37914908436056,172.40687397822512,172.54694687117313,91462500,162.6204524230957,1
2015-02-20,174.05479431152344,174.12894832436666,171.9866290865897,172.60460433909398,140896400,162.73264053344727,1
2015-02-23,174.03009033203125,174.03009033203125,173.42858531874762,173.80761570283403,74411100,162.8402406311035,1
2015-02-24,174.5244140625,174.722170629938,173.65924636747098,173.9558749322599,72472300,162.95112426757814,1
2015-02-25,174.37611389160156,174.87873418858408,174.0382844551776,174.4008318920485,73061700,163.06012985229492,1
2015-02-26,174.17010498046875,174.44201553128175,173.56860016833596,174.2854598287468,72697900,163.16067771911622,1
2015-02-27,173.57687377929688,174.33492183432463,173.52743777590726,174.07124638593027,108076000,163.25756942749024,1
2015-03-02,174.67276000976562,174.73043115902072,173.62631845239653,173.67575445825463,87491400,163.36359375,1
2015-03-03,173.95591735839844,174.72221324296856,173.0989971693117,174.24431085132318,110325800,163.4727710723877,1
2015-03-04,173.22256469726562,173.43680414626542,172.25852489497942,173.36263756706063,114497200,163.57564361572267,1
2015-03-05,173.41212463378906,173.6922704355588,172.90950419050083,173.54394981696635,76873000,163.6766635131836,1
2015-03-06,170.97312927246094,172.98361049096536,170.6435475463317,172.55514418880782,188128000,163.77031799316407,1
2015-03-09,171.68173217773438,172.03603188586268,171.01432104550287,171.17087675755448,89818900,163.86110298156737,1
2015-03-10,168.89674377441406,170.40460481846046,168.85554291190695,170.32221566618426,157121300,163.9360959625244,1
2015-03-11,168.501220703125,169.32518755252903,168.41881898909006,169.15214898215018,110145700,164.00602653503418,1
2015-03-12,170.64358520507812,170.70949150665908,169.07804022862712,169.12747624118268,93993500,164.0819204711914,1
2015-03-13,169.5971221923828,171.32744527807324,168.56716348444633,170.37165315238914,162410900,164.15315048217772,1
2015-03-16,171.86300659179688,171.95364344794794,169.62181576036696,170.32219260996493,136099200,164.2316916656494,1
2015-03-17,171.3521270751953,171.73114473108768,170.54463062567154,171.12965253724616,94510400,164.30642028808595,1
2015-03-18,173.41212463378906,174.0795359856042,170.24808135546706,170.882539554673,228808500,164.39055587768556,1
2015-03-19,172.62106323242188,173.4203121205103,172.23379778880226,173.00009353333743,117917300,164.47114181518555,1
2015-03-20,174.144775390625,174.64963931072836,173.38334355895196,173.56542645661938,177715100,164.55776359558106,1
2015-03-23,173.80540466308594,174.72409087860223,173.80540466308594,174.15301395694925,71784500,164.63757453918458,1
2015-03-24,172.8288116455078,174.13647945569306,172.7625985389774,173.68128487019175,77805300,164.70872802734374,1
2015-03-25,170.29623413085938,173.26748933946288,170.25486198310298,173.03574974503988,159521700,164.7664070892334,1
2015-03-26,169.89065551757812,170.8010572410851,168.93885639849546,169.63408764432745,153067200,164.82197677612305,1
2015-03-27,170.27964782714844,170.45344616516104,169.58441658852533,169.77478398768255,118939000,164.8822515106201,1
2015-03-30,172.35702514648438,172.6549777719399,171.28936893876872,171.3059127415639,96180400,164.9585140991211,1
2015-03-31,170.85069274902344,172.23287053884064,170.79276418587915,171.53763937911597,126768700,165.0248501586914,1
2015-04-01,170.24652099609375,170.84242622096593,169.26162173196178,170.81759788900095,137303600,165.08751594543457,1
2015-04-02,170.85899353027344,171.3059161629543,169.9982358711629,170.1803187364033,86900900,165.15105239868163,1
2015-04-06,172.00946044921875,172.5225963037585,169.8410346083079,169.9734482092837,114368200,165.21453727722167,1
2015-04-07,171.55421447753906,172.77912525505417,171.52111424197705,172.03424998076227,81236300,165.27485328674317,1
2015-04-08,172.13357543945312,172.57222620747424,171.3887001127006,171.77769420945268,89351900,165.33644683837892,1
2015-04-09,172.89501953125,173.12675909960657,171.47975378370523,171.9680612578237,85548900,165.40209213256836,1
2015-04-10,173.8385009765625,173.87988574060594,172.94465574328012,173.14328240451758,72722900,165.47726707458497,1
2015-04-13,173.05221557617188,174.32679540004014,173.00255891815064,173.69777738815787,74436600,165.54492210388185,1
2015-04-14,173.38336181640625,173.56544473324718,172.23293573028985,172.8536695025583,75099900,165.61480361938476,1
2015-04-15,174.1613006591797,174.66616452554595,173.764034665126,173.84680420211387,99529300,165.68702529907227,1
2015-04-16,174.11167907714844,174.61654304525962,173.63164344936558,173.8302828008532,68934900,165.75940658569337,1
2015-04-17,172.10873413085938,173.1681184676077,171.33074599599726,172.9281070316124,191113200,165.81643058776856,1
2015-04-20,173.68130493164062,174.0123578736731,172.94470140108723,173.02745832216522,92189500,165.8805019378662,1
2015-04-21,173.474365234375,174.51719319671872,173.17641258386848,174.3599386549433,72559800,165.93958274841307,1
2015-04-22,174.3268585205078,174.50894141841778,172.89502367522857,173.81371006782535,78264600,166.00574005126953,1
2015-04-23,174.76551818847656,175.41108026692928,173.8137188777299,173.92958867055833,102585900,166.0792699432373,1
2015-04-24,175.17103576660156,175.43588819302647,174.72411308308304,175.1793202979641,61327400,166.1512385559082,1
2015-04-27,174.44271850585938,175.8579842078044,174.25235108673922,175.73384252477726,79358100,166.22274658203125,1
2015-04-28,174.99725341796875,175.04691009525052,173.25092203668677,174.41790446824817,86863500,166.29592651367187,1
2015-04-29,174.2772216796875,174.87311448837966,173.47440498267443,174.1116825690308,125684900,166.36146865844728,1
2015-04-30,172.5308380126953,174.0950861564033,171.83560679304722,173.70609209584856,161304900,166.4197876739502,1
2015-05-01,174.40130615234375,174.4426909164271,173.20949566834142,173.308808999056,103399700,166.48448196411132,1
2015-05-04,174.89794921875,175.47729819879763,174.7158663066121,174.82345157006768,70927200,166.56083518981933,1
2015-05-05,172.89501953125,175.01380114443174,172.75432140966632,174.6579072601889,113326200,166.61901756286622,1
2015-05-06,172.18321228027344,173.74746038938503,171.12382798568237,173.44123586592173,135060200,166.67514984130858,1
2015-05-07,172.87020874023438,173.29231577668872,171.75289555700596,172.0839485085861,88244900,166.73120986938477,1
2015-05-08,175.1461944580078,175.34483376311425,174.45097583342212,174.53374536776423,155877300,166.79685546875,1
2015-05-11,174.31027221679688,175.3696565528199,174.23578721555873,175.10481678324288,75708100,166.8582805633545,1
2015-05-12,173.78883361816406,174.32681025991366,172.66323630126692,173.48260911502678,119727600,166.9208913421631,1
2015-05-13,173.82199096679688,174.81516235263751,173.59025139772936,174.1944286578797,94667900,166.98334159851075,1
2015-05-14,175.63450622558594,175.72554765752776,174.5585654741439,174.8316897699693,95934000,167.05832084655762,1
2015-05-15,175.82484436035156,175.96554244570677,175.34480891268657,175.82484436035156,76510100,167.13412925720215,1
2015-05-18,176.37112426757812,176.61940762185802,175.59313608054563,175.6593491846397,74549700,167.2285334777832,1
2015-05-19,176.31320190429688,176.76013724747122,176.0318056534743,176.48701289972237,72114600,167.3250540924072,1
2015-05-20,176.18907165527344,176.9339471037886,175.87456251401304,176.4125267125117,76857500,167.4152855682373,1
2015-05-21,176.70217895507812,176.90909017165316,175.88280599105198,176.04834506739874,64764600,167.5157492828369,1
2015-05-22,176.28013610839844,176.7353308147322,176.21392298429157,176.32150826071086,57433500,167.61385818481446,1
2015-05-26,174.38478088378906,176.21388170073925,173.97095842671845,175.79177471205736,124308600,167.70673164367676,1
2015-05-27,176.04006958007812,176.27180914423877,174.43443643635138,174.8399869880621,93214000,167.79886863708495,1
2015-05-28,175.84144592285156,175.94903117523288,175.15449912119854,175.73384804161094,74974600,167.88772903442384,1
2015-05-29,174.7489471435547,175.81660352901272,174.48410733731347,175.7752313862801,124919600,167.97222785949708,1
2015-06-01,175.1048583984375,175.74213595451732,174.31858554675645,175.41108300665405,93338800,168.05316383361816,1
2015-06-02,174.93099975585938,175.61794643302778,174.0288699840633,174.64960356391774,91531000,168.12947860717773,1
2015-06-03,175.39450073242188,176.01523438986766,174.90619328615722,175.46071383801245,87820900,168.2082740020752,1
2015-06-04,173.91297912597656,175.34480087375275,173.59847010909817,174.69096713897747,151882800,168.27297370910645,1
2015-06-05,173.61508178710938,174.28547216475346,172.96123521540898,173.7640518137594,121704700,168.33198333740233,1
2015-06-08,172.5474090576172,173.65646284624262,172.47292404588495,173.50748019391892,89063300,168.38349327087403,1
2015-06-09,172.52264404296875,173.06062101472065,171.89363822048352,172.52264404296875,105034700,168.43251403808594,1
2015-06-10,174.59164428710938,174.97236640002265,173.2260356043959,173.28396416551087,134551300,168.49314414978028,1
2015-06-11,175.15447998046875,175.53518953133928,174.7985861354119,175.03032567825258,73876400,168.55246963500977,1
2015-06-12,173.81370544433594,175.03034448943524,173.54058110473616,174.33512578619542,135382400,168.604560546875,1
2015-06-15,173.0688018798828,173.35019807648044,171.9763046994113,172.67980781976254,124384200,168.65325340270996,1
2015-06-16,174.0124053955078,174.09517496804995,172.7461092345678,172.91990765649714,85308200,168.70711288452148,1
2015-06-17,174.2937469482422,174.8979368543779,173.27574719606432,174.2937469482422,126708600,168.76005477905272,1
2015-06-18,176.10626220703125,176.5697412814498,174.32683091156198,174.88962332225375,165867900,168.8224668121338,1
2015-06-19,175.32455444335938,175.9399955271655,174.95030504643736,175.86514818583947,130478700,168.88141899108888,1
2015-06-22,176.2227020263672,176.80486897140835,176.0147843538319,176.23933899345053,70696000,168.94604461669923,1
2015-06-23,176.3474578857422,176.6801337954622,175.95658431353976,176.4306300357443,68476800,169.00762367248535,1
2015-06-24,175.0666961669922,176.4555848227745,175.04174705924612,176.08133551629476,92307300,169.0649195098877,1
2015-06-25,174.534423828125,175.6904456611954,174.45957650641196,175.565700125007,97107400,169.1247329711914,1
2015-06-26,174.5011749267578,175.1332401719745,173.9522691481202,174.89204853122945,104174800,169.18132179260255,1
2015-06-29,170.84182739257812,174.50949894918622,170.76698006047354,173.02912582620755,202621300,169.2186757659912,1
2015-06-30,171.1993408203125,172.42189720859298,170.7252826455465,172.3719863294476,182925100,169.26258857727052,1
2015-07-01,172.5716552734375,173.01243969096117,171.78988285283728,172.7629359645567,135979900,169.31397521972656,1
2015-07-02,172.4136505126953,173.21205996715375,171.99781516335582,173.0457283654755,104373700,169.35845443725586,1
2015-07-06,171.9229736328125,172.69642131727892,170.93328343762698,171.13288898053196,117975400,169.39937927246095,1
2015-07-07,173.00411987304688,173.128865385568,169.75228481694515,172.12255107713486,173820200,169.4413461303711,1
2015-07-08,170.10166931152344,171.95629209583822,169.868802445793,171.67352700035016,164020100,169.4695418548584,1
2015-07-09,170.40933227539062,172.4469357732105,170.30122370685766,172.18910717984457,144113100,169.50562713623046,1
2015-07-10,172.55502319335938,172.97085851904532,170.45089746061146,172.39700373915278,129456900,169.55711143493653,1
2015-07-13,174.45957946777344,174.5676880375423,173.76929121180714,173.81087728800534,106069400,169.61176803588867,1
2015-07-14,175.2164306640625,175.52415754673356,174.35981059585094,174.41803365402632,81709600,169.6834017944336,1
2015-07-15,175.15817260742188,175.7153904725882,174.68411420091857,175.2579690339328,97914100,169.7483526611328,1
2015-07-16,176.5636444091797,176.5636444091797,175.96484065185987,176.20601950592385,106683300,169.8218059539795,1
2015-07-17,176.71340942382812,176.771632471626,176.14787936670868,176.5553899401361,89030000,169.8981385040283,1
2015-07-20,176.80490112304688,177.29558387379078,176.48887483272011,176.93797150333708,70446800,169.98586807250976,1
2015-07-21,176.1062774658203,176.92963605883963,175.8068754947486,176.671807472129,77965000,170.06998153686524,1
2015-07-22,175.79022216796875,176.12289804391676,175.3910238071182,175.42428504956945,88667900,170.14374671936037,1
2015-07-23,174.800537109375,176.0230940219481,174.44292480897113,175.92329760142377,90509100,170.213505859375,1
2015-07-24,172.98753356933594,174.95858938613225,172.65487031166467,174.9003790266702,117755000,170.28661499023437,1
2015-07-27,171.9811553955078,172.61323316448957,171.54037099886844,172.10591359794236,132361100,170.3408432006836,1
2015-07-28,174.09365844726562,174.23504096722047,171.98953223744314,172.8128782471972,123544800,170.42161277770995,1
2015-07-29,175.29122924804688,175.51577119011958,174.07698449596467,174.21836698588396,105791300,170.5173844909668,1
2015-07-30,175.33285522460938,175.49918685706012,174.1685084168741,174.7839494162609,91304400,170.62618881225586,1
2015-07-31,175.0666961669922,175.8567808562914,174.78393115234425,175.83183174854534,103266900,170.7324739074707,1
2015-08-03,174.47621154785156,175.09165250835423,173.52810734346542,175.0334421513048,113965700,170.84101013183593,1
2015-08-04,174.13522338867188,174.8587728706928,173.6528528372285,174.40135142619573,81820800,170.94849662780763,1
2015-08-05,174.70904541015625,175.7403088109863,174.42626776740303,175.02507160220773,85786800,171.04983856201173,1
2015-08-06,173.27862548828125,175.00017753705393,172.69644574503167,174.89205626640072,116030800,171.13653060913086,1
2015-08-07,172.94590759277344,173.27025863578,172.0477017759198,173.12056401144787,117858000,171.20611251831053,1
2015-08-10,175.12493896484375,175.2080984366142,174.05207644959614,174.05207644959614,80270700,171.29224365234376,1
2015-08-11,173.5447235107422,174.21006260904733,172.78790012779152,173.7942272588926,126081400,171.36129570007324,1
2015-08-12,173.75267028808594,173.9356388880229,170.79192412952753,172.24734809884168,172123700,171.42524185180665,1
2015-08-13,173.53643798828125,174.2766245174708,172.99584433599424,173.59464834728124,89383300,171.4892133331299,1
2015-08-14,174.16848754882812,174.2433348709196,173.2037464297985,173.34512893495634,72786500,171.54712600708007,1
2015-08-17,175.1415557861328,175.1415557861328,173.12060177508673,173.5780232663594,79072600,171.61113342285157,1
2015-08-18,174.6342010498047,175.21636797180136,174.40133428100603,174.86706781860337,71692700,171.66740043640138,1
2015-08-19,173.25364685058594,174.65915967808638,172.44692525387063,173.89402415455712,172946000,171.70742309570312,1
2015-08-20,169.63592529296875,173.22873721085713,169.5777022349207,171.7483639297899,194327900,171.72890625,0
2015-08-21,164.52943420410156,169.61094324774174,164.27161828918466,167.7729452148127,346588500,171.72772514343262,0
2015-08-24,157.60159301757812,164.23832145522258,151.69672614502622,155.92993952821706,507244300,171.68670166015625,0
2015-08-25,155.74696350097656,162.55002320967176,155.45587370236657,162.53338624367746,369833100,171.63308601379396,0
2015-08-26,161.72666931152344,162.00110944012312,156.6617857488648,159.74728923668474,339257000,171.6085905456543,0
2015-08-27,165.72705078125,165.85179633033704,162.35046922286938,163.85579140320547,274143900,171.601474609375,0
2015-08-28,165.73533630371094,166.20106986589136,164.604263642578,165.08663417206137,160414400,171.59358070373534,0
2015-08-31,164.39639282226562,165.61063797570014,163.84748695741337,164.76233006550046,163298800,171.5798932647705,0
2015-09-01,159.4895477294922,161.98456067483625,158.62460280187602,160.61229594072176,256000400,171.54072959899904,0
2015-09-02,162.5167694091797,162.5583554809262,160.03006952607157,161.8597424703319,160269300,171.51649703979493,0
2015-09-03,162.6332550048828,164.71243235679825,162.14257219550072,163.22373426626356,152087800,171.49231414794923,0
2015-09-04,160.17141723632812,161.22764231594945,159.35638370628908,160.3876596863377,207081000,171.4509871673584,0
2015-09-08,164.1967315673828,164.3464388844528,162.31716045281516,162.95755041138966,116025700,171.43113899230957,0
2015-09-09,162.0011444091797,165.8933702286587,161.63521992863076,165.76862468873168,149347700,171.39883819580078,0
2015-09-10,162.88270568847656,164.02209044473517,161.55202754123692,161.80984341832135,158611100,171.36643829345704,0
2015-09-11,163.62286376953125,163.68939893441123,161.78486632429176,162.49179134714197,119691200,171.33536254882813,0
2015-09-14,163.0158233642578,163.8474943398854,162.53345267555878,163.79759611179446,79452000,171.30186653137207,0
2015-09-15,165.05335998535156,165.49414440715805,162.97418339559007,163.51476423281335,113806200,171.27638664245606,0
2015-09-16,166.48388671875,166.6751801766029,165.01183825623033,165.35282639557673,99581600,171.25986183166503,0
2015-09-17,166.10964965820312,168.7377331331944,165.73540023638998,166.35084136112877,276046600,171.24736587524413,0
2015-09-18,163.39512634277344,166.0953850699589,162.98549719208262,163.61249308192924,223657500,171.2158480834961,0
2015-09-21,164.23951721191406,165.2594189656685,163.1945238824885,164.22279374688873,105726200,171.18527465820313,0
2015-09-22,162.10769653320312,162.56749605938978,160.97909885585986,162.08261771870784,153890900,171.14498443603514,0
2015-09-23,161.8485107421875,162.74301806055584,161.2716726015401,162.27486326706273,92790600,171.10200485229493,0
2015-09-24,161.26333618164062,161.72313571426344,159.30711208604234,160.6363402979542,159378800,171.0617946624756,0
2015-09-25,161.2215576171875,163.01894083672755,160.35211612255,162.7179822818553,155054800,171.02194915771486,0
2015-09-28,157.17530822753906,160.43569415903292,156.86599437037327,160.32701080110434,178515900,170.97543403625488,0
2015-09-29,157.2672882080078,158.6216080321177,156.2724526680415,157.39269504230808,159045600,170.92515907287597,0
2015-09-30,160.2015838623047,160.36878016277768,158.3707543949144,159.1482229324308,163452000,170.90307624816896,0
2015-10-01,160.61959838867188,160.92055686462473,158.68845348308335,160.5777961199609,131079000,170.8887377166748,0
2015-10-02,163.0189208984375,163.0439997119208,158.10326935549577,158.64667341224848,211003300,170.89295127868652,0
2015-10-05,165.91978454589844,166.14550657158318,164.13075731017037,164.2394406477705,126320800,170.8957720184326,0
2015-10-06,165.35134887695312,166.3461843870021,164.6909188253841,165.7860695948451,110274500,170.87530517578125,0
2015-10-07,166.70567321777344,167.05678939157835,165.09219713262496,166.27930784108844,124307300,170.8580052947998,0
2015-10-08,168.21046447753906,168.49469955536287,166.02015014140514,166.32110868153157,153055200,170.8443155670166,0
2015-10-09,168.3107452392578,168.78725538896435,167.68374947220184,168.35254750831385,107069200,170.82997344970704,0
2015-10-12,168.46961975097656,168.67025027237352,167.95966258198578,168.38601519621844,56395600,170.816343460083,0
2015-10-13,167.40789794921875,169.00465049927638,167.2407016011464,167.7422906453634,88038700,170.79464485168458,0
2015-10-14,166.60528564453125,167.9261580678837,166.3126953157488,167.34932000416384,99106200,170.76777938842773,0
2015-10-15,169.1634979248047,169.17185327783363,166.89794714007698,167.26578677357645,134142200,170.75831924438478,0
2015-10-16,169.93258666992188,169.94929737355176,168.80398911805145,169.56474708986744,114580100,170.76119148254395,0
2015-10-19,170.01622009277344,170.01622009277344,168.97959493831587,169.28890886262784,76523900,170.76493515014647,0
2015-10-20,169.79885864257812,170.40913111058862,169.33070372156925,169.58150464532827,78448500,170.78287658691406,0
2015-10-21,168.7454833984375,170.3673019023697,168.57827430485062,170.21682902565695,102038000,170.80337837219238,0
2015-10-22,171.59620666503906,171.80520526590783,168.74547544394838,169.69014044561686,174911700,170.82787574768065,1
2015-10-23,173.4772491455078,173.84508884081438,172.46570273968103,173.2598951238568,144442300,170.84698791503905,1
2015-10-26,173.0508575439453,173.3601714198698,172.68301793135217,173.3016584394646,69033000,170.870765914917,1
2015-10-27,172.71644592285156,173.05083857604924,172.03927975229385,172.3820405133918,77905800,170.8994638824463,1
2015-10-28,174.68104553222656,174.70612434633904,172.39042880152962,173.05085883359754,135906700,170.9403328704834,1
2015-10-29,174.5807342529297,174.94857387664396,174.0624217411126,174.17946046172494,90525500,170.98572624206543,1
2015-10-30,173.82827758789062,175.09063706437448,173.6694493962809,174.77295516863524,131076900,171.03493782043458,1
2015-11-02,175.88491821289062,176.07719341534738,174.0290090239147,174.1544158782471,86270800,171.08368034362792,1
2015-11-03,176.39486694335938,176.94662646070492,175.30807137302392,175.5337934948954,95246100,171.13320083618163,1
2015-11-04,175.8598175048828,176.81285080036469,175.32478149261692,176.68745671790575,96224500,171.17584373474122,1
2015-11-05,175.68421936035156,176.37809624824874,174.7980673307819,175.9182967735865,78408700,171.20516693115235,1
2015-11-06,175.59225463867188,175.82634480173434,174.27139473869553,175.34146652871556,110471500,171.23868576049804,1
2015-11-09,173.9537353515625,175.1324906462806,173.00905749400297,174.98200500452802,131008700,171.26203453063965,1
2015-11-10,174.35501098632812,174.3884579098564,173.2097026026275,173.47721420953502,75874600,171.29855438232423,1
2015-11-11,173.66946411132812,174.67265474108532,173.6025830351762,174.6224971230366,67846000,171.34235794067382,1
2015-11-12,171.24513244628906,173.10104149660526,171.22842173863964,172.63288655711386,121315200,171.36641799926758,0
2015-11-13,169.3223419189453,171.1030145120716,169.2387501120885,170.8355028713583,153577100,171.39132873535155,0
2015-11-16,171.8971710205078,171.95569675375208,169.02134813351492,169.13839960000348,117645200,171.4189376068115,1
2015-11-17,171.77182006835938,173.0843250227058,171.2785862912092,172.20654085384277,121123700,171.43388969421386,1
2015-11-18,174.4971160888672,174.63923361307806,172.2064994846576,172.2482890016951,121342500,171.46568161010742,1
2015-11-19,174.34664916992188,174.76464640468254,174.0540460030841,174.3800833359469,88220500,171.48823463439942,1
2015-11-20,174.98199462890625,175.6591480859818,174.6057996812268,175.0990333405457,94011500,171.5163124847412,1
2015-11-23,174.7813720703125,175.54211735241194,174.32157255502375,175.04052831813067,64931200,171.547177734375,1
2015-11-24,175.01551818847656,175.41679212463285,173.39368621966477,173.77823668790293,98874400,171.57023239135742,1
2015-11-25,174.99034118652344,175.34145727820032,174.73117222613837,175.1408140445587,51980100,171.5926668548584,1
2015-11-27,175.19102478027344,175.39166807474834,174.60583111671977,175.08234140123307,37317800,171.60790618896485,1
2015-11-30,174.4636688232422,175.466859525805,174.35498547207507,175.34982082311038,112822700,171.61596549987792,1
2015-12-01,176.12733459472656,176.24438608367103,174.81482971798422,175.0907094642138,97858400,171.63098350524902,1
2015-12-02,174.32992553710938,176.3948328952947,174.0791246452473,176.0771509151852,108441300,171.63693244934083,1
2015-12-03,171.88882446289062,174.84823929073755,171.16986870435804,174.5807276920756,166224200,171.63129356384277,1
2015-12-04,175.2411651611328,175.53376834223343,171.8888317671986,171.8888317671986,192913900,171.63722541809082,1
2015-12-07,174.17945861816406,175.33312235019997,173.21805729249317,174.9151251015423,102027100,171.6379722595215,1
2015-12-08,173.0090789794922,174.12930867590688,172.03096683355412,172.62452860908843,103372400,171.63039558410645,1
2015-12-09,171.6630859375,174.45530415415365,170.6933293781942,172.37368627546385,162401500,171.61683044433593,1
2015-12-10,172.10618591308594,173.41033530936133,171.4959134917548,171.7299909343548,116128900,171.60651084899902,1
2015-12-11,168.7705841064453,170.6599272002176,168.46125744818977,169.9994971174157,211173300,171.58247940063475,0
2015-12-14,169.62326049804688,169.74866731316496,167.1570795425392,168.9293963640286,182385200,171.55723190307617,0
2015-12-15,171.40399169921875,172.30686750269817,169.59824009225994,171.12811191846671,154069600,171.54447227478028,0
2015-12-16,173.91192626953125,174.21288478499454,171.21166773895928,172.5241724062137,197017000,171.5479190826416,1
2015-12-17,171.26185607910156,174.28815248113082,171.24513261517026,174.22127138167102,173092500,171.53716773986815,0
2015-12-18,168.21080017089844,170.65801278641152,168.05101383942815,170.52346735712578,251393500,171.52335609436034,0
2015-12-21,169.59841918945312,169.7750285364776,168.26968504309372,169.37977160797016,99094300,171.51293952941896,0
2015-12-22,171.1373748779297,171.43171947619464,169.49748613718208,170.48141938163064,111026200,171.52414268493652,0
2015-12-23,173.25660705566406,173.29865811337848,172.0456084537032,172.13811564780246,110987200,171.54791961669923,1
2015-12-24,172.9706268310547,173.51726478825648,172.75197934748087,173.00427280217568,48539600,171.5595548248291,1
2015-12-28,172.57545471191406,172.61749294503812,171.50741924758302,172.2811100869447,65899900,171.57444648742677,1
2015-12-29,174.4171600341797,174.745137796761,173.63506415117155,173.66869730253606,92640700,171.58721725463866,1
2015-12-30,173.18087768554688,174.2573306668984,173.0379143817544,174.17322856717166,63317700,171.59636100769043,1
2015-12-31,171.448486328125,173.14724869230074,171.448486328125,172.50811634847636,114877900,171.5865428161621,0
2016-01-04,169.0517578125,169.06016289116468,167.0081944650401,168.6060448318298,222353500,171.5686962890625,0
2016-01-05,169.3376922607422,169.79181034096098,168.23602379249098,169.3713254091288,110845800,171.54466087341308,0
2016-01-06,167.20164489746094,168.24443938094666,166.17566057312766,166.79797009851558,152112600,171.51164207458496,0
2016-01-07,163.19021606445312,166.0411035890853,162.8033642538553,164.26665653892186,213436100,171.46344909667968,0
2016-01-08,161.3989715576172,164.70399054940853,161.11304481839016,164.1489472328963,209817200,171.41896278381347,0
2016-01-11,161.55873107910156,162.65199453635876,159.6329156175855,162.31559887064284,187941300,171.3773031616211,0
2016-01-12,162.8621826171875,163.61064507915776,160.74293554367355,162.9967408385296,172330500,171.34021583557129,0
2016-01-13,158.80030822753906,163.87135443565572,158.42187443317707,163.52655378276137,221168900,171.27243225097655,0
2016-01-14,161.40733337402344,162.52582478821185,157.81640143772412,159.4058339037432,240795600,171.22521545410157,0
2016-01-15,157.94256591796875,158.74148481243708,156.01675035836897,157.06796280692814,324846400,171.16369567871095,0
2016-01-19,158.1527862548828,159.87677699547342,156.5885818372409,159.75063665218838,195244400,171.100164642334,0
2016-01-20,156.1260528564453,157.68185226499943,152.232371043732,155.60465563792062,286547800,171.02074760437011,0
2016-01-21,157.00059509277344,158.83390240928583,155.2766050833513,156.59693333327846,195772900,170.9479795074463,0
2016-01-22,160.2216033935547,160.42342797516326,158.84241314643424,159.5992809918334,168319600,170.8884196472168,0
2016-01-25,157.79959106445312,159.9104208877375,157.60617158102588,159.71700140431025,130371700,170.8129425048828,0
2016-01-26,159.9525146484375,160.23003632857797,158.11920594180657,158.45558885775432,141036800,170.74351257324219,0
2016-01-27,158.2116241455078,161.09614388163698,157.3117804617866,159.43102756991277,185681700,170.66930961608887,0
2016-01-28,159.0358123779297,159.95246645505898,157.39592370045483,159.75064189917398,143798800,170.5975718688965,0
2016-01-29,162.91268920898438,163.0472474720097,159.68336788946976,159.80110316157138,210529300,170.5413288116455,0
2016-02-01,162.85379028320312,163.63589883942228,161.33163705774058,161.91190825024958,136061600,170.48503936767577,0
2016-02-02,159.91888427734375,161.44103817164716,159.39747406669437,161.43263308986695,182564900,170.4240901184082,0
2016-02-03,160.8775177001953,161.28117959209968,157.34544727362672,160.97002488710882,205054900,170.36007118225098,0
2016-02-04,161.1298370361328,162.09694728263753,159.75064692143812,160.38137434277135,139531800,170.29834854125977,0
2016-02-05,158.06027221679688,161.18868091665482,157.42954486331232,160.61682760894226,180788300,170.21701560974122,0
2016-02-08,155.93264770507812,156.5213241078544,153.7293105266084,156.22699232255783,191526700,170.1228512573242,0
2016-02-09,155.9410858154297,157.21095893059064,154.06572600929394,154.20028431048206,184513100,170.02670150756836,0
2016-02-10,155.80648803710938,158.3882588094194,155.68033486002952,156.76519315488096,148214100,169.9335203552246,0
2016-02-11,153.77980041503906,154.82260800891328,152.29127967324595,153.34249234893878,219058900,169.82743309020995,0
2016-02-12,156.9501953125,156.9670054690548,154.70480752309757,155.5457773093388,127632400,169.74079795837403,0
2016-02-16,159.59918212890625,159.62441018597994,157.7911029336898,158.74980759901618,120250700,169.67613967895508,0
2016-02-17,162.2062530517578,162.57628180304022,160.63363085880755,160.75978402338853,136009500,169.61516441345213,0
2016-02-18,161.5418701171875,162.5342210575681,161.23071542769725,162.47534701783775,102343000,169.54838401794433,0
2016-02-19,161.46620178222656,161.61757018695062,160.1626960243193,160.76819530757712,114793000,169.49123992919922,0
2016-02-22,163.80416870117188,163.9471320902227,162.97160361320778,163.03888276667635,103640300,169.44934471130372,0
2016-02-23,161.73533630371094,163.41727609306477,161.61758819956123,163.14815956732068,111455300,169.3936703491211,0
2016-02-24,162.4754180908203,162.75293975913436,159.2124628821816,160.31413164197713,150812200,169.33031646728514,0
2016-02-25,164.44325256347656,164.45167047527613,162.16423126556654,162.92109906093668,110728300,169.28098136901855,0
2016-02-26,164.06478881835938,165.40192766860665,163.9050025094279,165.30943331309925,129833700,169.23236114501952,0
2016-02-29,162.77810668945312,165.02349443633847,162.58468723529066,164.0816123998809,125918100,169.17714172363281,0
2016-03-01,166.6045379638672,166.6886400819756,163.52658522451452,163.99752628868575,141799700,169.13199188232423,0
2016-03-02,167.3529815673828,167.4034376996312,165.88128449329778,166.29336429362644,102415000,169.08963256835938,0
2016-03-03,168.00897216796875,168.0257951596379,166.6045539198895,167.17640731481302,95172200,169.04782180786134,0
2016-03-04,168.5555877685547,169.3292913545124,167.3782350632835,168.20238195697334,129293600,169.00903373718262,0
2016-03-07,168.690185546875,169.09386042511684,167.56328871753294,167.6389729451339,100219000,168.97153930664064,0
2016-03-08,166.8484649658203,168.12674312813678,166.6886914236931,167.62216876061737,123974900,168.92227073669434,0
2016-03-09,167.67257690429688,168.01736479878008,166.87364526149202,167.65575391387418,94801200,168.87923294067383,0
2016-03-10,167.80715942382812,169.0938554158522,165.990673854292,168.1603781398722,156838700,168.84634483337402,0
2016-03-11,170.51502990722656,170.5570809631396,167.79029600171765,169.25357522291893,137964500,168.81871963500976,1
2016-03-14,170.29638671875,170.75050477050704,169.6824823497622,170.0104600627481,73612000,168.79099433898926,1
2016-03-15,170.0189208984375,170.321670642955,169.07703850757648,169.33773718131943,93169100,168.76734420776367,1
2016-03-16,171.0028533935547,171.40652827208655,169.49752259294144,169.53957366347828,129303200,168.74683418273926,1
2016-03-17,172.08767700195312,172.5922512492663,170.5234724541356,170.91872933889795,134278500,168.73261756896972,1
2016-03-18,172.76388549804688,173.102003210549,172.27360578606408,172.58636531504672,138372400,168.71946449279784,1
2016-03-21,173.00904846191406,173.23728505094533,172.27363521748302,172.5018718065143,72926700,168.71494483947754,1
2016-03-22,172.91604614257812,173.4824004429276,172.07920023384244,172.23979777406544,97471900,168.71144966125487,1
2016-03-23,171.77487182617188,172.72161170779452,171.60580007728484,172.53564310270957,81052500,168.70758697509766,1
2016-03-24,171.6988067626953,171.73262627622688,170.53229151316006,170.7520667576545,84360900,168.7034677886963,1
2016-03-28,171.80023193359375,172.32431824559737,171.3522201704235,172.11299145548446,62408200,168.68951072692872,1
2016-03-29,173.38941955566406,173.4993136259978,171.0901827963273,171.39449392325025,92922900,168.6806854248047,1
2016-03-30,174.15017700195312,174.86868031711376,173.78668823210228,174.3868619644017,86365300,168.68236778259276,1
2016-03-31,173.72755432128906,174.4798772781633,173.566943875715,174.05722364175384,94584100,168.6856615447998,1
2016-04-01,174.91098022460938,175.09694885743517,172.42577476626963,172.738547229676,114423500,168.69015441894533,1
2016-04-04,174.3446502685547,175.03780852386896,174.04033909033305,174.8349301055988,63497000,168.69040893554688,1
2016-04-05,172.60328674316406,174.3530660161623,172.34969199245515,173.0090306052794,99662200,168.67289405822754,1
2016-04-06,174.48826599121094,174.54744367127088,172.42571488767473,172.6032350294936,91839800,168.6687126159668,1
2016-04-07,172.40045166015625,173.7613971691095,171.67348673801288,173.40636958830012,113859000,168.64960136413575,1
2016-04-08,172.8653564453125,174.00652654940822,172.33280867695223,173.5754115375483,95040600,168.6321908569336,1
2016-04-11,172.45960998535156,174.19249264083268,172.3666256604711,173.49933441929358,83757500,168.6191554260254,1
2016-04-12,174.065673828125,174.3446267787749,172.18909063165515,172.62865402950032,115350600,168.61681167602538,1
2016-04-13,175.82394409179688,175.90847999349575,174.84338438490744,174.97863666827865,96336400,168.62342552185058,1
2016-04-14,175.83238220214844,176.33112335551004,175.48581598160706,175.8831114792108,65212900,168.64837829589842,1
2016-04-15,175.63790893554688,175.96757818998148,175.3166881087368,175.8323259578127,75761600,168.67057113647462,1
2016-04-18,176.87203979492188,176.9058463993508,174.97854748787498,175.63788591030823,82531000,168.69207305908202,1
2016-04-19,177.4300079345703,177.68360271971372,176.61852010015124,177.29476856107817,88316100,168.71715484619142,1
2016-04-20,177.59901428222656,178.2921593479521,176.99884060848356,177.47221048719598,81100300,168.74553504943847,1
2016-04-21,176.64390563964844,177.72589818531617,176.3734010540472,177.6160040851196,85695000,168.7637339782715,1
2016-04-22,176.64390563964844,176.91439732688107,175.74788177198937,176.28887804482324,99251700,168.7964451599121,1
2016-04-25,176.33956909179688,176.38183703951964,175.4350840243229,176.0437063561041,66166500,168.82609634399415,1
2016-04-26,176.60159301757812,177.10878253811143,176.1282230108752,176.70302576233863,75864200,168.84632919311522,1
2016-04-27,176.96510314941406,177.35393731670564,175.8662009882404,176.221228535998,77329400,168.85885681152342,1
2016-04-28,175.35902404785156,177.31168215046404,174.9448316614597,176.2127928084411,97216200,168.8595697784424,1
2016-04-29,174.4122772216797,175.08852572070128,173.3133750230655,174.74194659142722,142424100,168.85584030151367,1
2016-05-02,175.798583984375,175.9760913182927,174.47990648180178,174.9110086196838,62188000,168.85201499938964,1
2016-05-03,174.26858520507812,174.80958145160974,173.52471052920916,174.57289639990017,106422100,168.8397908782959,1
2016-05-04,173.2964630126953,174.00653102154735,172.79773474926188,173.27956615175552,92243800,168.82224868774415,1
2016-05-05,173.2626190185547,174.1163746530698,172.8399654156209,173.76134717440914,67619200,168.8080303955078,1
2016-05-06,173.89662170410156,173.93888964948354,172.34125934162606,172.493408466962,89315000,168.7985623931885,1
2016-05-09,174.04029846191406,174.47140048943743,173.59228667889047,173.769806865732,74374900,168.79476119995118,1
2016-05-10,176.20431518554688,176.22122494415262,174.67431094007443,174.74193707613085,77472200,168.81084510803223,1
2016-05-11,174.5559539794922,176.28037516192643,174.5559539794922,175.747840344403,81727000,168.82371910095216,1
2016-05-12,174.60667419433594,175.39281669215237,173.6007564414654,175.2237449131014,89586300,168.8262841796875,1
2016-05-13,173.0851287841797,174.86027938305523,172.76392076124944,174.31083476350005,96474600,168.81525367736816,1
2016-05-16,174.79263305664062,175.26600305543033,173.1950028615428,173.25418056057407,77486800,168.81255256652832,1
2016-05-17,173.1612091064453,174.8095557954899,172.6371097988359,174.52215440321876,114924900,168.80302513122558,1
2016-05-18,173.21194458007812,174.38692136473108,172.1299521265143,172.81464906527623,120062100,168.7967037963867,1
2016-05-19,172.6117401123047,172.89914148543002,171.41140534951788,172.4933976117022,115430500,168.78908638000487,1
2016-05-20,173.7021942138672,174.2178321605185,173.1696465104042,173.22036288247395,104990400,168.78405212402345,1
2016-05-23,173.46554565429688,173.9980805712717,173.2795769853952,173.7191275679192,58682600,168.78498672485352,1
2016-05-24,175.7140350341797,176.02680752513348,174.2516569275828,174.27701511625924,93537800,168.79882736206054,1
2016-05-25,176.90594482421875,177.32015012450003,175.71405820578408,176.39030675585562,76621400,168.80773239135743,1
2016-05-26,176.95663452148438,177.2694070065147,176.64387493482036,177.04117041438258,55280700,168.82479194641112,1
2016-05-27,177.71742248535156,177.72587091546708,177.0665322121922,177.1172485896185,64211200,168.84461570739745,1
2016-05-31,177.37930297851562,178.09781943295886,176.82139699495033,177.98792534270186,109879400,168.86383003234863,1
2016-06-01,177.74273681640625,177.92024409359868,176.5762088299738,176.7706258615914,69936200,168.88170127868653,1
2016-06-02,178.28379821777344,178.30069508002828,176.87213631740534,177.34550642790384,63044700,168.89741249084472,1
2016-06-03,177.751220703125,178.09779979697967,176.5508858667569,177.72586251561034,101757100,168.91299758911134,1
2016-06-06,178.6557159423828,179.01074348626975,177.94564795624228,178.10625841860303,64887000,168.9400079345703,1
2016-06-07,178.93466186523438,179.49256783743573,178.78251272647063,178.8078709162646,60974800,168.98650161743163,1
2016-06-08,179.5178680419922,179.64467184837082,178.94306539450398,179.0698563025196,66170900,169.06144378662108,1
2016-06-09,179.2727813720703,179.39112388317923,178.52045835894236,178.79094999932,73786900,169.16979972839354,1
2016-06-10,177.5736846923828,178.2414716862888,177.03267571719513,177.9033539751604,113829200,169.2789333343506,1
2016-06-13,176.20431518554688,177.82730375580104,176.11979218925129,176.97354797252618,117751200,169.35132156372072,1
2016-06-14,175.8577117919922,176.4494371761863,174.9109718146653,175.82390517781542,125059300,169.4019748687744,1
2016-06-15,175.6125946044922,176.97353989690447,175.42662596341478,175.85772805044004,109124500,169.4513611602783,1
2016-06-16,176.13673400878906,176.30580584126935,173.78677999905565,175.61264744353582,149533100,169.51006286621094,1
2016-06-17,175.48074340820312,176.05853547574927,174.82646818370392,176.0330454119131,117055700,169.5900188446045,1
2016-06-20,176.61082458496094,178.10629762797106,176.52584907431972,177.43503776949882,82789600,169.6604891204834,1
2016-06-21,177.11212158203125,177.51997545201309,176.55131440740573,176.99316366305985,72461700,169.73288345336914,1
2016-06-22,176.82327270507812,178.01285221148314,176.6788117256736,177.29059917623738,95560500,169.8161427307129,1
2016-06-23,179.12591552734375,179.1768956408914,177.81737840633824,178.2762123937077,102731400,169.8907886505127,1
2016-06-24,172.6936492919922,179.15988989913535,172.2518000840038,173.02503295662362,333444400,169.94425117492676,1
2016-06-27,169.6007843017578,171.30019090612234,168.7935557923299,171.2916855752167,230775800,169.97784156799315,0
2016-06-28,172.65966796875,172.6851580246095,170.89228395832714,171.19817759408187,159382400,170.02302558898927,1
2016-06-29,175.5996856689453,175.8290962229699,173.95125920581162,174.0532194520448,137328600,170.0859449005127,1
2016-06-30,177.99581909179688,178.04679920829113,175.51468735402474,176.06700220207614,165021900,170.15065719604493,1
2016-07-01,178.36968994140625,178.85402697728696,177.83437278921002,177.99581846783693,106055300,170.21008621215822,1
2016-07-05,177.08663940429688,177.6559389679489,176.49184978297694,177.54547340776045,109803700,170.26497116088868,1
2016-07-06,178.14877319335938,178.26773112085175,175.93953972228192,176.59381480621082,96021500,170.3387393951416,1
2016-07-07,178.038330078125,178.98999361805443,177.27360230003077,178.3272260862545,85593800,170.40773345947267,1
2016-07-08,180.68939208984372,180.9358132945784,179.10045115105365,179.32987466035493,133971000,170.50064193725586,1
2016-07-11,181.32669067382807,181.89600333096453,180.9443267573715,181.14826023002237,73633900,170.59803283691406,1
2016-07-12,182.64370727539065,182.941108593012,181.3521547313655,182.28683347351048,101275600,170.7049346923828,1
2016-07-13,182.6182556152344,183.0685973860235,182.1339314127864,183.0601050194701,87324100,170.81191818237303,1
2016-07-14,183.6378631591797,184.10520254210476,183.24700692287345,183.87577903313377,91230900,170.94423095703124,1
2016-07-15,183.39146423339844,184.394107900916,182.94961488842705,184.1986797728385,107155400,171.0748518371582,1
2016-07-18,183.88429260253903,184.0457383025507,183.25550749866315,183.51042107944764,58725900,171.19326538085937,1
2016-07-19,183.69737243652344,183.73135486630625,183.2215406268984,183.4679488977955,54345700,171.30865425109863,1
2016-07-20,184.46214294433597,184.70005890417823,183.6974149256209,183.6974149256209,58159500,171.41587036132813,1
2016-07-21,183.76531982421875,184.57253529366417,183.3234705175606,184.35161712305623,67777300,171.50509803771973,1
2016-07-22,184.5895233154297,184.6405034317106,183.6208622097674,183.88426812084657,62787500,171.6012889099121,1
2016-07-25,184.08822631835935,184.43660780494187,183.51043426149064,184.3856276782116,55873100,171.68820167541503,1
2016-07-26,184.1731719970703,184.5300457917998,183.3319611459951,183.98623625238693,70080500,171.7680152130127,1
2016-07-27,183.97775268554688,184.61503012777584,183.2130119756065,184.5470523114183,84083900,171.84635025024414,1
2016-07-28,184.19017028808597,184.47906627064395,183.32346937496968,183.78230340812408,65035700,171.9249530029297,1
2016-07-29,184.4875640869141,184.8444378933448,183.64636617369976,183.92676979991876,79519400,172.01035133361816,1
2016-08-01,184.3346405029297,184.93792260009536,183.88429878010672,184.54706633314595,73311400,172.09899810791015,1
2016-08-02,183.1535186767578,184.24113768399988,182.3208132105284,184.0881843732158,92295500,172.1689482116699,1
2016-08-03,183.6888427734375,183.74832822448332,182.7966647312913,183.0940530901925,53993600,172.2377294921875,1
2016-08-04,183.88429260253903,184.19867867175537,182.04893037942287,183.79931708712985,46585500,172.30706985473634,1
2016-08-05,185.3882751464844,185.4307629080969,183.8843095158664,183.8843095158664,71892200,172.38501693725587,1
2016-08-08,185.2777862548828,185.67714779806195,185.01438033607144,185.57517459706517,39906500,172.4676784515381,1
2016-08-09,185.3882751464844,185.88110465721232,185.0653966822067,185.3458003503163,51251700,172.53663879394531,1
2016-08-10,184.9293670654297,185.57513670114244,184.58098571117023,185.4986665400921,57941100,172.5938993835449,1
2016-08-11,185.78762817382807,186.0340494005156,185.1928384350989,185.45624439329012,72504300,172.65758323669434,1
2016-08-12,185.62619018554688,185.83861601233525,185.22682859394925,185.4817292137405,61313500,172.72213195800782,1
2016-08-15,186.16151428222656,186.50989578697508,185.9830838293665,185.99157619578295,49813500,172.77953430175782,1
2016-08-16,185.2013092041016,185.81308356016547,185.2013092041016,185.74511871594615,53213600,172.83263717651369,1
2016-08-17,185.5497131347656,185.68566878008664,184.40262141165985,185.23532704972425,75134300,172.89124435424804,1
2016-08-18,185.9660797119141,186.0000621418518,185.4137777086756,185.5242303300566,52989300,172.94165016174315,1
2016-08-19,185.69415283203125,185.8725962292064,185.0144005667477,185.4987247040344,75443000,172.98814659118653,1
2016-08-22,185.6856689453125,185.91509247631535,185.0908792033087,185.4562454143096,61368800,173.03727584838867,1
2016-08-23,186.0595245361328,186.5948417407639,186.00003908431032,186.2974404125371,53399200,173.08915237426757,1
2016-08-24,185.10784912109372,186.00853244745392,184.6914898814524,185.9150645759198,71728900,173.13673034667968,1
2016-08-25,184.98040771484372,185.3967670036753,184.57255375698327,184.7254941291396,69224800,173.1918637084961,1
2016-08-26,184.63201904296875,186.18697759310797,183.7483333411749,185.1673362555172,122506300,173.2432487487793,1
2016-08-29,185.54119873046875,185.8046046585885,184.72547792087752,184.7594733108918,70502200,173.302607421875,1
2016-08-30,185.23532104492188,185.73664288466728,184.6830190811947,185.45623923732404,58114500,173.37255836486815,1
2016-08-31,184.7084503173828,185.0228362921073,183.9352174420685,184.90387838555432,85269500,173.44948890686035,1
2016-09-01,184.7169647216797,185.00586067700408,183.56136793494116,184.69996702858973,97844200,173.5135878753662,1
2016-09-02,185.5497131347656,185.97456480231085,184.98041345610827,185.5667108317917,79293900,173.58247734069823,1
2016-09-06,186.11050415039065,186.18697433214592,185.11635289124345,185.83010051851176,56702100,173.64054428100587,1
2016-09-07,186.09347534179688,186.2719187015013,185.4901933882222,185.9490273674841,76554900,173.69927841186524,1
2016-09-08,185.66864013671875,186.03401925193893,185.36274646845328,185.7621080066177,74102900,173.7527116394043,1
2016-09-09,181.2247314453125,184.4111190428817,181.19924138176748,184.36013891579165,221589100,173.7849284362793,1
2016-09-12,183.8247985839844,184.22416015000303,180.40049551271636,180.4684733287879,168110900,173.82897483825684,1
2016-09-13,181.1821746826172,182.81360295540415,180.56189509684285,182.55019708879203,182828800,173.8599340057373,1
2016-09-14,181.11422729492188,182.4312698145676,180.56192541512283,181.2331852212836,134185500,173.88955001831056,1
2016-09-15,182.9240875244141,183.3064513371822,180.77433965761284,180.95278301847304,134427900,173.9318521118164,1
2016-09-16,182.2169952392578,182.49028002347347,181.53380934059012,182.31093525496496,155236400,173.96230041503907,1
2016-09-19,182.25115966796875,183.50653393622773,181.9266372492272,182.86603739246036,80250500,174.00190658569335,1
2016-09-20,182.2597503662109,183.2589237146808,182.2255962737668,183.1052107522729,69665300,174.05376121520996,1
2016-09-21,184.30929565429688,184.4886273930857,182.2767824084513,182.9599813426876,110284400,174.09910186767578,1
2016-09-22,185.47071838378903,185.76962199207247,185.06935252631516,185.31700546359937,76678700,174.1555581665039,1
2016-09-23,184.45452880859372,185.2145844309949,184.36058876398508,185.07794199684776,73630900,174.21278541564942,1
2016-09-26,182.96002197265625,183.80546927656675,182.76359360244743,183.6261374979537,89827300,174.2692700958252,1
2016-09-27,184.0957946777344,184.18972166205904,182.43049322257983,182.7977180207559,78494800,174.32921813964845,1
2016-09-28,185.0095672607422,185.1632932124232,183.36136235505225,184.31783305551744,87411000,174.41041305541992,1
2016-09-29,183.33572387695312,185.2059758640299,182.78916734916712,184.8045969886785,128070600,174.47897537231447,1
2016-09-30,184.7191925048828,185.4194618994715,183.91643480964768,184.16408772176283,117202900,174.5455513763428,1
2016-10-03,184.27513122558597,184.49716534430016,183.6431699217955,184.3092983398103,83512100,174.59736740112305,1
2016-10-04,183.33572387695312,184.6081816978476,182.74647800446056,184.38614758781864,119948100,174.6577367401123,1
2016-10-05,184.1470489501953,184.57404668886872,183.8908477008039,183.95916890270405,72816000,174.7374179840088,1
2016-10-06,184.27513122558597,184.49716534430016,183.3869817197929,183.9249899749344,62927400,174.81080154418945,1
2016-10-07,183.64312744140625,184.71916976465076,182.9172393187516,184.5483733258457,89788300,174.87333030700682,1
2016-10-10,184.59967041015625,185.0608222465507,184.45449273886655,184.59967041015625,51855000,174.9300456237793,1
2016-10-11,182.2682342529297,184.24097459765528,181.54234597238792,184.1726534010862,130367400,174.97653366088866,1
2016-10-12,182.50738525390625,183.0283230336126,181.90957797517575,182.4048969321865,73866100,175.02619331359864,1
2016-10-13,181.90956115722656,182.40488006844396,180.3723798138563,181.18367286306528,101357000,175.06365531921386,1
2016-10-14,182.0034942626953,183.3442732865908,181.92663780463312,182.88310847634645,93346200,175.10776840209962,1
2016-10-17,181.37158203125,182.23411285965253,181.19223722921797,181.9779115842945,58275700,175.15738388061524,1
2016-10-18,182.50738525390625,183.01977473875587,182.13162514645416,182.9600018294452,76869700,175.22466201782225,1
2016-10-19,182.9941253662109,183.30156421817043,182.4134147741403,182.7720912629372,66519200,175.29294418334962,1
2016-10-20,182.65252685546875,183.2076186121692,181.9949467972882,182.64397856230016,73639800,175.37019859313966,1
2016-10-21,182.73789978027344,182.8233045175692,181.6960245337456,182.65250807391104,89089100,175.46793701171876,1
2016-10-24,183.5150909423828,183.88231578040572,183.1649496628797,183.6090309678364,60146600,175.57851760864258,1
2016-10-25,182.9002227783203,183.5919570790314,182.73796154117812,183.33575581148787,66542300,175.68522506713867,1
2016-10-26,182.5330047607422,183.11371545193572,181.841257452556,182.08038818350684,75705500,175.78357917785644,1
2016-10-27,182.0461883544922,183.2844790136868,181.9693318999274,183.2503249330808,77220200,175.89980857849122,1
2016-10-28,181.50816345214844,182.69521645104,180.7993587886465,182.02056586745567,140623200,176.00031272888182,1
2016-10-31,181.5166778564453,182.06323424962892,181.35441668752745,181.8411871633488,61272500,176.11818328857422,1
2016-11-01,180.2015686035156,181.8924889147664,178.99744496669493,181.8412382436597,122781800,176.22842720031738,1
2016-11-02,179.1169891357422,180.2784233312652,178.68144316808676,179.89411499958456,103330800,176.34338188171387,1
2016-11-03,178.2971649169922,179.54400397899198,178.02389315535012,179.3305051213913,88939300,176.44986473083497,1
2016-11-04,178.10076904296875,179.2451199171035,177.9555913676774,178.408207952685,109122100,176.53926055908204,1
2016-11-07,182.0290985107422,182.06326562110291,178.10072783000038,178.10072783000038,109794900,176.6604080963135,1
2016-11-08,182.84896850585935,183.41260863701984,181.37156000836592,181.6362965160798,106772100,176.77489036560058,1
2016-11-09,184.78756713867188,185.4024449966452,181.33741770993944,181.3630365347768,258429000,176.9077700805664,1
2016-11-10,185.24868774414065,186.43574087465456,183.7968981143729,185.57321017854775,172113300,177.03883445739746,1
2016-11-11,184.8216857910156,185.06080346427555,183.8822986549048,184.53133047790516,100552700,177.14837944030762,1
2016-11-14,184.9668426513672,185.5475662432321,184.223870895196,185.3426026759384,94580000,177.25894470214843,1
2016-11-15,186.4101104736328,186.4101104736328,185.1462009601001,185.35115151146812,91652600,177.3914008331299,1
2016-11-16,186.0600128173828,186.2905952726117,185.6757174126269,185.79527627257184,65617700,177.5173133087158,1
2016-11-17,187.0164794921875,187.076252401182,186.10269805108652,186.21372163613847,69797200,177.6467465209961,1
2016-11-18,186.59799194335935,187.255572039602,186.4186471785894,187.08477556849544,86265800,177.7894351196289,1
2016-11-21,188.00711059570312,188.0327294191116,187.0250209492125,187.17019862550617,72402600,177.94980743408203,1
2016-11-22,188.3743438720703,188.5536756439477,187.64844242720747,188.31455792748568,67429000,178.11197372436524,1
2016-11-23,188.47674560546875,188.5279832345779,187.66545273906328,187.86186799429277,56620200,178.27532501220702,1
2016-11-25,189.1770477294922,189.21120180882448,188.7415017746651,188.81837125729808,37872300,178.4523112487793,1
2016-11-28,188.28890991210935,189.1429053473451,188.18643462978068,188.8696335841565,76572500,178.60900482177735,1
2016-11-29,188.65611267089844,189.10872915618629,188.0241514315651,188.32305501132936,69886700,178.7542894744873,1
2016-11-30,188.2035217285156,189.4332772633448,188.1437357920748,189.27101604264695,113291800,178.8842758178711,1
2016-12-01,187.5117645263672,188.50238922501077,187.153075013537,188.50238922501077,79040500,179.014125289917,1
2016-12-02,187.6057281494141,188.09251184695532,187.2470515974593,187.59719288541655,74840300,179.14482292175293,1
2016-12-05,188.73297119140625,189.0745641169353,188.23765232773476,188.4340676083672,67837800,179.2694669342041,1
2016-12-06,189.3307647705078,189.36493188152127,188.4426153481797,188.92085065488985,59877400,179.4074440765381,1
2016-12-07,191.80740356445312,191.86717647618667,189.0575368822021,189.177095736607,110738100,179.55410400390625,1
2016-12-08,192.2770538330078,192.7467538963344,191.51699846905584,191.78174798179285,99714400,179.6932730102539,1
2016-12-09,193.4384765625,193.45556011767823,192.46492241229177,192.4990895226483,88005800,179.8401414489746,1
2016-12-12,193.2164459228516,193.82278834864064,192.79798351457825,193.34454001164195,102016100,179.9923331451416,1
2016-12-13,194.5059814453125,195.0013003253188,193.85694965302932,193.87403320914964,110477500,180.13184036254881,1
2016-12-14,192.90049743652344,194.90737893607985,192.46495141491968,194.20710943946173,142501800,180.25957794189452,1
2016-12-15,193.6947021484375,194.54869758176667,192.90902791348705,193.139610329148,124972600,180.38800659179688,1
2016-12-16,193.3158416748047,194.20923899620848,192.9980052029393,194.14910068653683,156420200,180.51180786132812,1
2016-12-19,193.73678588867188,194.15771476654723,193.3502255069753,193.4962588463833,90341100,180.6370408630371,1
2016-12-20,194.4841766357422,194.6302231127799,194.0374909559279,194.2694193677665,89838800,180.7752194213867,1
2016-12-21,193.9429931640625,194.5271266289824,193.9429931640625,194.35532343975555,67909000,180.90657150268555,1
2016-12-22,193.60791015625,193.91716104060143,193.2127511510136,193.79689753600584,56219100,181.03557525634767,1
2016-12-23,193.89141845703125,193.90000402723,193.4619040077609,193.6508783063184,36697800,181.1524571990967,1
2016-12-27,194.3724670410156,194.7676129828244,194.1405255748076,194.15770982245945,42672500,181.27283760070802,1
2016-12-28,192.7660675048828,194.64734277198784,192.65440266833653,194.6301716326668,64095000,181.38657333374024,1
2016-12-29,192.72314453125,193.1870143832582,192.28503139062656,192.83480937821537,48696100,181.49517478942872,1
2016-12-30,192.0187225341797,193.1354626883079,191.3314968156592,193.04955455809025,108998300,181.59483001708983,1
2017-01-03,193.4877014160156,193.9945253925662,192.3194214231025,193.31588512561515,91366500,181.6984490966797,1
2017-01-04,194.63877868652344,194.78481203331077,193.80551956658192,193.8141051371901,78744400,181.80659774780273,1
2017-01-05,194.4841766357422,194.6388086847113,193.69387146252063,194.37251176966032,78379000,181.91443840026855,1
2017-01-06,195.17996215820312,195.64383199684897,194.0546232885752,194.59581569011263,71559900,182.03146385192872,1
2017-01-09,194.53575134277344,195.0597596600753,194.50138283568276,194.92231184720217,46939700,182.1456485748291,1
2017-01-10,194.53575134277344,195.3861818309677,194.1491777305998,194.5529224885739,63771900,182.259326171875,1
2017-01-11,195.0854339599609,195.0854339599609,193.788292161222,194.44974796750495,74650000,182.3678062438965,1
2017-01-12,194.5958251953125,194.7848126111841,193.24715657231025,194.5700553756701,72113200,182.47003448486328,1
2017-01-13,195.04254150390625,195.34319379609323,194.7332905325688,194.76764592594293,62717900,182.57660942077638,1
2017-01-17,194.35525512695312,194.8105393168635,193.9686948101268,194.4067947548315,61240800,182.6738307952881,1
2017-01-18,194.78482055664065,194.82777462704385,194.0546406830118,194.6044187040439,54793300,182.7760316467285,1
2017-01-19,194.0631561279297,194.9994941655109,193.6336418236004,194.8620464422688,66608800,182.88333099365235,1
2017-01-20,194.7762451171875,195.26588484357595,194.11478910024897,194.74187661598043,129168600,182.98477088928223,1
2017-01-23,194.26942443847656,194.8363867865895,193.5134877487364,194.7762615660135,75061600,183.09411575317384,1
2017-01-24,195.51502990722656,195.9273602082304,194.37251962250775,194.48418449310105,95555300,183.2073641204834,1
2017-01-25,197.20726013183597,197.20726013183597,196.2966785368915,196.45989611624705,84437700,183.33110237121582,1
2017-01-26,197.00108337402344,197.32751852426009,196.7261878564053,197.0612085761651,59970700,183.4457794189453,1
2017-01-27,196.69186401367188,197.2244577797934,196.5114621628368,197.07842442804207,59711100,183.55011901855468,1
2017-01-30,195.4720458984375,196.0304094891354,194.49275339116883,196.00463966850268,79737300,183.64831733703613,1
2017-01-31,195.45489501953125,195.51503334976985,194.41547712256977,194.9824263810287,75880800,183.74740226745607,1
2017-02-01,195.53216552734372,196.3654246579865,194.9480321326928,195.4548560676532,79117700,183.84070289611816,1
2017-02-02,195.66102600097656,195.9445071250719,194.84495112674284,195.53216379489243,69657600,183.93185798645018,1
2017-02-03,197.00965881347656,197.1900606261048,196.25372239437576,196.56297328192488,80563200,184.02891120910644,1
2017-02-06,196.657470703125,197.00109011190025,196.3224499719068,196.60593106874376,57790100,184.12897903442382,1
2017-02-07,196.6660919189453,197.2845938178819,196.4771044993957,197.0440667580445,57931200,184.22908996582032,1
2017-02-08,196.9238128662109,197.05266197323664,196.12490907942455,196.6661015444172,51566200,184.3320111846924,1
2017-02-09,198.0921173095703,198.39276963236225,196.9238371997861,196.9238371997861,65955200,184.43946380615233,1
2017-02-10,198.8738250732422,199.09718103140025,198.10928968759168,198.4357249447494,66015900,184.54900741577148,1
2017-02-13,199.9561309814453,200.2138422346612,199.3376292168228,199.36339903137048,55182100,184.67199295043946,1
2017-02-14,200.7550506591797,200.763649337106,199.4321519248641,199.7757582406565,71109000,184.80370681762696,1
2017-02-15,201.80307006835935,201.9920574772761,200.48875688400076,200.5402965213888,86785800,184.9337292480469,1
2017-02-16,201.6313323974609,202.0093073380603,200.88398119711368,201.8289054408669,84722400,185.0705429840088,1
2017-02-17,201.9491424560547,201.9491424560547,200.95266558141915,200.96984983311796,77204100,185.2138063812256,1
2017-02-21,203.1517791748047,203.3235823585384,202.30992129134685,202.31851997056623,88946100,185.36325218200685,1
2017-02-22,202.97134399414065,203.1946867855585,202.58478361725787,202.74800120272272,62115200,185.50862579345704,1
2017-02-23,203.10882568359372,203.50397169653863,202.35287594370925,203.486800553536,74615900,185.65396842956542,1
2017-02-24,203.3665313720703,203.40947233612843,202.2240212224374,202.26697529423788,82381600,185.78977951049805,1
2017-02-27,203.68435668945312,203.8561598594489,203.03149940037244,203.28061203070507,56515400,185.93542152404785,1
2017-02-28,203.13465881347656,203.54698920567108,202.74809825156,203.30646205124535,96961900,186.07806144714357,1
2017-03-01,205.97799682617188,206.4418798811318,204.7667626476857,204.7839468998771,149158200,186.24252578735351,1
2017-03-02,204.6808319091797,205.79757216748763,204.62929226933716,205.78897348901947,70246000,186.39196678161622,1
2017-03-03,204.8096923828125,204.97290998987253,204.21696027622275,204.59493513304764,81974300,186.55020919799804,1
2017-03-06,204.1997985839844,204.5519905280137,203.59846777062,204.0193967184265,55391500,186.70514846801757,1
2017-03-07,203.58985900878903,204.2513149635,203.38368734417045,203.89910995184624,65103700,186.8600390625,1
2017-03-08,203.2118988037109,204.13965169965755,203.0744510174057,203.8819403772709,78168800,187.00758758544922,1
2017-03-09,203.4696044921875,203.79603969868805,202.50749623017575,203.3321567096881,90683900,187.15760787963868,1
2017-03-10,204.1826019287109,204.46608306722703,203.23766480032396,204.4231289963473,81991700,187.29995071411133,1
2017-03-13,204.28567504882807,204.3286291184119,203.79603535725005,204.12245744905488,57256800,187.43684936523437,1
2017-03-14,203.5039825439453,203.7960623912149,202.8940792412728,203.74450963623076,59880800,187.56958610534667,1
2017-03-15,205.2649078369141,205.68583662401795,203.83891703104004,204.0708584531371,96081800,187.70732353210448,1
2017-03-16,204.8611602783203,205.4796619896486,204.53473828626315,205.402352552667,78344000,187.84473281860352,1
2017-03-17,204.50148010253903,205.3124824716804,204.50148010253903,205.1226728463593,89002100,187.97852653503418,1
2017-03-20,204.27713012695312,204.78615895879372,203.8888880207148,204.50144457028145,52537000,188.1084931945801,1
2017-03-21,201.6543426513672,205.0018797601246,201.5249329857266,204.88109301727087,131809300,188.2280088043213,1
2017-03-22,202.1288146972656,202.41352905319252,201.0676162177301,201.68880878252267,97569200,188.3453742980957,1
2017-03-23,201.91314697265625,203.04336844409931,201.5421638730748,202.12883849513824,100410300,188.4602667236328,1
2017-03-24,201.7665252685547,202.7845831724859,200.9900408728366,202.21516742585143,112504900,188.57151000976563,1
2017-03-27,201.55943298339844,201.81826547320847,199.82527768177548,200.10135601674352,87454500,188.68294326782225,1
2017-03-28,203.02615356445312,203.4489005875409,201.1453163558855,201.2574801774073,93483900,188.8102056121826,1
2017-03-29,203.2159118652344,203.44886238743723,202.5170734633912,202.7414010643144,61950400,188.94526359558105,1
2017-03-30,203.8629608154297,204.06140646283444,202.9829490238404,203.1554995811267,56737900,189.08528984069824,1
2017-03-31,203.3885040283203,204.0528245083396,203.33672699911187,203.526536611908,73733100,189.22416938781737,1
2017-04-03,203.0347137451172,203.63864728059067,201.8095876689385,203.44021479709875,85546500,189.35865928649903,1
2017-04-04,203.16416931152344,203.25045119242827,202.3704260333124,202.75004524566697,56466200,189.49707641601563,1
2017-04-05,202.5601959228516,204.8120156593725,202.3531273481406,203.8370858883256,108800600,189.62682327270508,1
2017-04-06,203.129638671875,203.647290397291,202.25823654556245,202.69825565164584,69135800,189.7569108581543,1
2017-04-07,202.92259216308597,203.6128077035088,202.4394452342199,202.8794512234158,74412300,189.88740745544433,1
2017-04-10,203.04342651367188,203.83716996364103,202.51713852170903,203.06068552654088,67615300,190.006995010376,1
2017-04-11,202.80181884765625,202.90534657790053,201.317859945241,202.6637730974857,88045300,190.1575358581543,1
2017-04-12,201.91314697265625,202.71552628196744,201.68883252859067,202.52571668900205,81864400,190.31909767150879,1
2017-04-13,200.60174560546875,202.3100319998575,200.60174560546875,201.57667553274217,92880400,190.4588080596924,1
2017-04-17,202.37905883789065,202.37905883789065,200.92098196170755,201.11941448685027,68405400,190.5927049255371,1
2017-04-18,201.7751007080078,202.31002463439688,201.0935212912544,201.6456910607653,83225800,190.71160133361818,1
2017-04-19,201.40411376953125,202.70688579774216,201.17978616556684,202.33590270620948,68699900,190.8267734527588,1
2017-04-20,203.04342651367188,203.4834457708289,201.6975131348212,202.0167324666649,92572200,190.95655738830567,1
2017-04-21,202.3963165283203,203.017509235772,201.99945145480615,202.96574537094557,110389800,191.07779510498048,1
2017-04-24,204.62225341796875,204.8293220405731,202.3704331606191,204.63087634045624,119209900,191.2107147216797,1
2017-04-25,205.81285095214844,206.15795211813352,205.17439931383385,205.2606811877129,76698300,191.33633201599122,1
2017-04-26,205.68344116210935,206.6583711066453,205.64031338720525,205.77834596347805,84702500,191.4581157684326,1
2017-04-27,205.85597229003903,206.1579324903357,205.32104841949567,206.00264092985705,57410300,191.57417709350585,1
2017-04-28,205.4073486328125,206.140691897407,205.27792582275544,206.1148099683487,63532800,191.68812255859376,1
2017-05-01,205.9249725341797,206.34773259291015,205.5108485604779,205.9249725341797,66882500,191.79955810546875,1
2017-05-02,206.0026092529297,206.18378271229585,205.5971082432366,206.0629960177976,57375700,191.9126138305664,1
2017-05-03,205.75247192382807,206.0975862896624,205.07951536641,206.00268148465383,73137700,192.02195472717284,1
2017-05-04,205.9940185546875,206.13206428303263,205.1485115069127,206.05441849762545,61462700,192.13343795776368,1
2017-05-05,206.80496215820312,206.82222116054757,205.92493734529904,206.36495633413185,62001300,192.245152053833,1
2017-05-08,206.7704925537109,206.99480696336735,206.34773249518068,206.84813833035005,48385700,192.36017791748046,1
2017-05-09,206.5807037353516,207.2277782685196,206.23558941880293,207.02934576448223,51363200,192.47013381958007,1
2017-05-10,206.9517364501953,206.9517364501953,206.33054369618716,206.53761233577927,54293800,192.58445137023926,1
2017-05-11,206.5289459228516,206.69287358241365,205.450488336012,206.50306399394864,62358300,192.69623023986816,1
2017-05-12,206.18380737304688,206.57204942574407,205.91635202929467,206.27871215612964,53912700,192.80726051330566,1
2017-05-15,207.32264709472656,207.44343379337383,206.58929081844892,206.60654982247365,61918900,192.92292289733888,1
2017-05-16,207.13287353515625,207.64190234184755,206.7446314480996,207.6160204136948,51241800,193.03614944458008,1
2017-05-17,203.4574737548828,207.13285198256173,203.3970738189677,207.13285198256173,172174100,193.13176361083984,1
2017-05-18,204.27713012695312,205.1226372061691,203.12101356502765,203.37984602410845,107047700,193.23738166809082,1
2017-05-19,205.6057891845703,206.2701227741668,204.70851822433957,204.7602820844805,115011400,193.34696640014647,1
2017-05-22,206.6497344970703,206.8136621581008,206.04580087598345,206.1148105771657,61010600,193.46079360961915,1
2017-05-23,207.10696411132807,207.27089174437592,206.64106313690144,207.0206822524304,48341700,193.56938705444335,1
2017-05-24,207.5901641845703,207.6936919099978,207.00347635602543,207.33996779319827,46927700,193.6809489440918,1
2017-05-25,208.58233642578125,208.8584279085556,207.89213404837835,208.09918949569263,64071700,193.7969192504883,1
2017-05-26,208.53921508789065,208.70312960048523,208.3148874600204,208.39253325516,46629900,193.9149684906006,1
2017-05-30,208.3580322265625,208.60822862597263,208.0646948852493,208.2199864783797,35201900,194.02782051086425,1
2017-05-31,208.3062286376953,208.68584779042027,207.616013193174,208.65132977757364,91796000,194.141220703125,1
2017-06-01,209.96275329589844,209.98001230359503,208.4787945883648,208.7635089739136,68962000,194.26022689819337,1
2017-06-02,210.6616058349609,210.8169105851104,209.7211939063202,210.014531232999,88666100,194.38752838134766,1
2017-06-05,210.50631713867188,210.7737725381242,210.3078714460481,210.4890581295814,44698800,194.51231140136719,1
2017-06-06,209.8333282470703,210.49764859982017,209.75566930051903,209.9454788769517,50375400,194.63164764404297,1
2017-06-07,210.22154235839844,210.44585675308895,209.50544508161036,210.1697785107593,54144300,194.7542845916748,1
2017-06-08,210.3251495361328,210.7996735934203,209.79886161164447,210.3165266131886,65950700,194.8774819946289,1
2017-06-09,210.00587463378903,211.3862923310801,208.74623048480615,210.5925491930658,132256400,194.9972137451172,1
2017-06-12,209.96275329589844,210.01451715422263,209.1172462254832,209.76432078406708,86108100,195.12148826599122,1
2017-06-13,210.9894256591797,211.04118951225956,210.1525415950174,210.49764272539255,60067000,195.2515333557129,1
2017-06-14,210.72201538085935,211.26554911922136,209.9023769825641,211.25692619678503,78602300,195.38198333740235,1
2017-06-15,210.3164978027344,210.43728453124615,209.0999944310873,209.37607273992884,66464900,195.50585983276366,1
2017-06-16,210.36241149902344,210.52713855089232,209.48677318467617,210.475122266926,84553100,195.6314952850342,1
2017-06-19,212.1137237548828,212.1744050162633,211.09068822265212,211.18605582964847,65123800,195.7685216522217,1
2017-06-20,210.6831970214844,211.76691375013704,210.66586707868,211.75824877873487,56906400,195.8983528137207,1
2017-06-21,210.6311798095703,211.1860422430437,210.1630200055937,211.0733446994545,55977600,196.02376014709472,1
2017-06-22,210.5358123779297,211.1340261266323,210.36242034776063,210.63985817920224,44148100,196.14588668823242,1
2017-06-23,210.7872772216797,211.11671816525637,210.215071520621,210.59654198799345,66986800,196.26935569763182,1
2017-06-26,210.92599487304688,211.87100612216315,210.71792968194868,211.45484928203297,56700500,196.39564247131347,1
2017-06-27,209.22674560546875,211.00404417483944,209.20940242893263,210.70926308959665,82247700,196.53565254211426,1
2017-06-28,211.09942626953125,211.29882651197488,210.00703096534323,210.24111756323617,70042600,196.672025680542,1
2017-06-29,209.24407958984372,211.29880274868893,208.0389868383951,211.24678645033345,106949700,196.8123352050781,1
2017-06-30,209.63417053222656,210.42311950029895,209.44343532612197,210.0503140596529,86820700,196.95493492126465,1
2017-07-03,209.9896545410156,211.0040119354262,209.9896545410156,210.57052519103027,39153800,197.09026275634767,1
2017-07-05,210.4751739501953,210.683239137152,209.54750589512463,210.3537981814817,54427600,197.23155364990234,1
2017-07-06,208.55044555664065,209.8335624324853,208.36837532928143,209.71218669056708,65400800,197.3630500793457,1
2017-07-07,209.90293884277344,210.0503227392236,208.5591273729497,209.1226680429866,57972300,197.50126602172853,1
2017-07-10,210.1283416748047,210.50114712110005,209.5994873642213,209.90293335006723,36663300,197.63036125183106,1
2017-07-11,209.9723052978516,210.28441627395364,208.81056403140252,210.12835417142,50354600,197.75286918640137,1
2017-07-12,211.5502777099609,211.7150048529056,210.934733704081,210.934733704081,59610400,197.8883479309082,1
2017-07-13,211.9056396484375,212.0183504251996,211.33343402190397,211.55885557542803,39471600,198.0330760192871,1
2017-07-14,212.8940277099609,213.24949004857524,211.810310747576,211.90567836942452,60262700,198.17706718444825,1
2017-07-17,212.86795043945312,213.19740452230835,212.69455842756813,212.81593415878388,33531900,198.3163591003418,1
2017-07-18,212.9807281494141,213.03274444643432,212.12241956167983,212.46053872127817,42742500,198.4645841217041,1
2017-07-19,214.1337890625,214.14245403505356,213.2841455094894,213.29282371100865,51034300,198.6116571044922,1
2017-07-20,214.22911071777344,214.5065352985929,213.6829132978663,214.38515956405385,47135200,198.76142700195314,1
2017-07-21,214.03836059570312,214.06436873493507,213.4314687363925,213.656890248352,82340800,198.91494018554687,1
2017-07-24,213.98638916015625,214.1250948554731,213.51821609794712,213.9603677865093,46622300,199.06413688659669,1
2017-07-25,214.5066070556641,214.83606125774935,214.28119868153416,214.732015429794,54915600,199.21529426574708,1
2017-07-26,214.5152587890625,214.82736979573008,214.25517730764497,214.7926966745299,47575400,199.36965492248535,1
2017-07-27,214.3158416748047,215.00942310480684,212.9980382806972,214.9747499863412,70766600,199.5182357788086,1
2017-07-28,214.064453125,214.1944938724253,213.38821478045384,213.83903152417315,50088400,199.67721687316896,1
2017-07-31,213.9430389404297,214.5585826730198,213.73496055293967,214.4632150657075,65838700,199.83439514160156,1
2017-08-01,214.4198455810547,214.57589442709948,213.8996563029796,214.5412213154105,55050400,199.9969465637207,1
2017-08-02,214.5239105224609,214.66262944807903,213.5962425899752,214.5499186673937,47211200,200.15954864501953,1
2017-08-03,214.10775756835935,214.4371984660233,213.8303197293116,214.4111903222331,40856000,200.32322952270508,1
2017-08-04,214.49790954589844,214.8273504690451,214.11643910218257,214.5932771568274,60191800,200.48318214416503,1
2017-08-07,214.89669799804688,214.89669799804688,214.46321128680444,214.56725709319852,31995000,200.64269500732422,1
2017-08-08,214.36788940429688,215.798403793894,213.99509710301749,214.58463280614788,61719400,200.80127182006837,1
2017-08-09,214.3592071533203,214.41122344893725,213.32750652702967,213.68296885236728,62632600,200.9593783569336,1
2017-08-10,211.33346557617188,213.6569615449433,211.2814492803503,213.52690757642304,120479500,201.09847023010255,1
2017-08-11,211.64556884765625,212.2351177130164,211.32479288249857,211.55887943410963,74869900,201.2421969604492,1
2017-08-14,213.74362182617188,213.96036518186156,212.88532660417812,212.91999972034407,73291900,201.39825004577636,1
2017-08-15,213.71762084960935,214.1424426034363,213.41418807884588,214.1250994302894,55242700,201.55660720825196,1
2017-08-16,214.0904235839844,214.63662108494745,213.66560183557257,214.237807481442,56715500,201.71951850891114,1
2017-08-17,210.7525634765625,213.7956486181864,210.7525634765625,213.4835376608138,128490400,201.86569793701173,1
2017-08-18,210.42308044433597,211.70619713264117,209.9809156263603,210.58779424725049,136748000,202.01680549621582,1
2017-08-21,210.5878753662109,210.84797008362776,209.66022052315,210.36246699989863,65469700,202.17415992736815,1
2017-08-22,212.79000854492188,212.94605744745016,211.15142892353683,211.1687721001403,63140100,202.3466241455078,1
2017-08-23,212.0270538330078,212.4518756440756,211.68026969713355,211.8276536163285,50203800,202.516255569458,1
2017-08-24,211.53286743164065,212.5645547765264,211.32478903078268,212.4085058976072,50741700,202.6637744140625,1
2017-08-25,212.0270538330078,212.93737872588625,211.8796699138129,212.3218216713976,64445900,202.80966484069825,1
2017-08-28,212.03570556640625,212.58188985077865,211.61954878054664,212.55588170528304,40565600,202.94590553283692,1
2017-08-29,212.2784576416016,212.53853909724916,210.6138569516661,210.72656773509016,51135700,203.08105438232423,1
2017-08-30,213.28411865234372,213.552891515247,212.07902617086643,212.2610964032894,62030800,203.22336654663087,1
2017-08-31,214.5672607421875,214.8100122462944,213.31881687594364,213.8996874914112,103803900,203.37136863708497,1
2017-09-01,214.87071228027344,215.29553406405796,214.72332837054392,214.9400717487872,62007000,203.51367164611815,1
2017-09-05,213.3274688720703,214.59325583417635,212.3651278861229,214.36783428767083,91398800,203.6500089263916,1
2017-09-06,214.05567932128903,214.38513337291587,213.47480886060472,214.00366304555035,57916900,203.7852049255371,1
2017-09-07,214.0297088623047,214.37650614321683,213.6222303253352,214.35916297193032,58034700,203.92236351013185,1
2017-09-08,213.77833557128903,214.23783048592747,213.5355840401203,213.7436492217128,63832800,204.05121963500977,1
2017-09-11,216.0584716796875,216.13649611970823,215.02677109841616,215.04410104355472,71364800,204.18964027404786,1
2017-09-12,216.78672790527344,216.82140102478192,216.24053036301223,216.42260062008796,56896000,204.3311901855469,1
2017-09-13,216.8907165527344,216.9254028941816,216.38787043345516,216.50058119971385,59228000,204.4697585296631,1
2017-09-14,216.8213653564453,217.0207787549535,216.39655687476187,216.56994890171208,95446300,204.61242080688476,1
2017-09-15,217.11322021484372,217.2003398186717,216.5730334694236,216.67758231186264,95432400,204.7547063446045,1
2017-09-18,217.57504272460935,217.92354780506648,217.1916791593366,217.4792018332912,46235200,204.90156394958495,1
2017-09-19,217.7928771972656,217.8800101208788,217.4705093102084,217.81901441542607,47108100,205.05296951293946,1
2017-09-20,217.8712921142578,217.9845622577276,216.8780379254347,217.8800133835203,59574100,205.20429733276367,1
2017-09-21,217.2875061035156,217.80155571731012,217.1132535744719,217.71443610009615,48211400,205.34707000732422,1
2017-09-22,217.3311309814453,217.49667558165336,216.96519658369985,216.99133380535173,51214000,205.4870718383789,1
2017-09-25,216.88673400878903,217.4269341833508,216.14615736606112,217.078415797405,57064400,205.61246849060058,1
2017-09-26,217.01742553710935,217.55761239750964,216.78217729693455,217.31365618348264,54082000,205.7361703491211,1
2017-09-27,217.8625640869141,218.24592764987884,216.83445150490712,217.7144487638807,81001400,205.85829078674317,1
2017-09-28,218.1239318847656,218.20234352685608,217.496612158811,217.58373177403968,44778800,205.98282821655275,1
2017-09-29,218.8907165527344,218.96914151484216,217.93232070710147,218.1152812645735,85578000,206.10475189208984,1
2017-10-02,219.84036254882807,219.84036254882807,218.94293605473237,219.117201887134,59023000,206.23945121765138,1
2017-10-03,220.31082153320312,220.33695874626935,219.76191346958169,219.84033840339544,66810200,206.37253181457518,1
2017-10-04,220.572265625,220.81622187491448,220.0494946354012,220.16276478522528,55953600,206.50881393432618,1
2017-10-05,221.87913513183597,221.89655107859585,220.60706640372368,220.90329703403205,63522800,206.64952568054198,1
2017-10-06,221.6265411376953,221.91406390291792,221.173487048212,221.4348592942136,80646000,206.78523750305175,1
2017-10-09,221.26052856445312,221.91398553794207,220.9991431161343,221.85300313361688,35803100,206.9218251800537,1
2017-10-10,221.8443298339844,222.2189854929956,221.2867136278205,221.8269138830492,43057400,207.06300727844237,1
2017-10-11,222.19281005859372,222.19281005859372,221.58291951527696,221.74845078840696,47674300,207.2045142364502,1
2017-10-12,221.8617706298828,222.22770503785824,221.62652233382013,221.8791998763444,47065100,207.34196075439453,1
2017-10-13,222.13185119628903,222.41066594496905,221.86175771764215,222.2973957914904,54800400,207.48878967285157,1
2017-10-16,222.42807006835935,222.6197518742296,222.01858253176565,222.3583796795141,38221700,207.6373143005371,1
2017-10-17,222.5849151611328,222.6284816267849,222.15798506913276,222.37580410277425,31561000,207.7901452636719,1
2017-10-18,222.80267333984372,223.00306307356743,222.6109915790245,222.9594966198149,40888300,207.93672012329102,1
2017-10-19,222.86370849609372,222.89856698519364,221.60908207548192,222.02729088235253,61903800,208.07784477233886,1
2017-10-20,224.01370239257807,224.03986619156092,222.8462093360362,223.65650272231875,89176400,208.22549240112303,1
2017-10-23,223.1424865722656,224.3622942599157,223.06407492192815,224.33615704313652,63915300,208.36530502319337,1
2017-10-24,223.5345458984375,223.7697808225996,223.1773195837413,223.5694043799088,66935900,208.51029899597168,1
2017-10-25,222.42807006835935,223.31677541424685,221.3041297472279,223.2035052667913,103715300,208.64976058959962,1
2017-10-26,222.71556091308597,223.3080221958349,222.5935828081308,223.03794206480885,69798000,208.78791122436525,1
2017-10-27,224.53656005859372,224.6934099670488,222.7243174394092,223.45618618499736,85562500,208.93761489868163,1
2017-10-30,223.70013427734372,224.440724265632,223.40390359987563,223.4561780377091,54285700,209.08090286254884,1
2017-10-31,224.0486602783203,224.30133781089364,223.75242957323772,224.07479749967356,60304800,209.22936988830565,1
2017-11-01,224.3448638916016,225.16386551408445,223.97894283684508,224.82408167752484,54202700,209.37717010498048,1
2017-11-02,224.4320373535156,224.57144473882465,223.21225596861152,224.275214016008,56449500,209.5290145111084,1
2017-11-03,225.1812744140625,225.2248275748061,224.17928582464648,224.58878657471536,59589700,209.68103965759278,1
2017-11-06,225.52980041503903,225.6604864986394,224.9808922746839,225.0505826561929,49652600,209.8373415374756,1
2017-11-07,225.37294006347656,225.96540127122017,224.86758517099048,225.63431218770776,57502200,209.98663108825684,1
2017-11-08,225.75628662109372,225.8521407968905,224.9198691986144,225.19868386918432,50469600,210.12937622070314,1
2017-11-09,224.9373321533203,225.129013933084,223.36029816253628,224.553968593793,95085500,210.2690574645996,1
2017-11-10,224.8675994873047,225.04186530737312,224.24027975998183,224.5539529182588,59984700,210.40993614196776,1
2017-11-13,225.07676696777344,225.3033072862376,224.15321633144316,224.18807482410824,50228600,210.55795974731444,1
2017-11-14,224.5540313720703,224.65858026494584,223.49976799401475,224.27521659824205,61315200,210.70345542907714,1
2017-11-15,223.4300537109375,224.1096480312214,222.7243221702288,223.58687703348667,80811500,210.8429448699951,1
2017-11-16,225.32940673828125,225.6953543768257,224.32744460333475,224.3709977699362,67777000,210.99128677368165,1
2017-11-17,224.66726684570312,225.30330804008256,224.58885517887376,224.9809401022599,75756800,211.12957481384277,1
2017-11-20,225.05059814453125,225.24227994341484,224.6672345467641,224.9112173719209,48075500,211.27154045104982,1
2017-11-21,226.52310180664065,226.7060889618413,225.01581092404592,225.81737017726883,69176800,211.4208255004883,1
2017-11-22,226.32261657714844,226.66240032214944,226.15707204343093,226.53171426637985,45033400,211.56781951904296,1
2017-11-24,226.8453826904297,226.94995813436475,226.6711434623324,226.8105507983486,27856500,211.71158584594727,1
2017-11-27,226.73220825195312,227.1852622901469,226.53180515987808,226.8890315818004,52274900,211.85087776184082,1
2017-11-28,229.0323486328125,229.0584858527543,227.0981145894076,227.19396878868557,98971700,211.99625885009766,1
2017-11-29,228.89288330078125,229.6944688247394,228.44855067428887,229.16297670152983,77512100,212.13694801330567,1
2017-11-30,230.8968811035156,231.80298907710585,229.72937435393013,229.807786009958,127894400,212.28241706848144,1
2017-12-01,230.41766357421875,231.1582535565381,227.1939580471164,230.67906235051507,164390900,212.42634872436523,1
2017-12-04,230.13888549804688,232.45645656258975,230.08658446911275,232.02953977531664,94040600,212.56729743957519,1
2017-12-05,229.31114196777344,231.01883555279517,229.1804558802626,229.3111419677734,77994500,212.69809425354003,1
2017-12-06,229.35470581054688,229.7816491686028,228.8929305536896,229.40698024798465,75898600,212.83001106262208,1
2017-12-07,230.07786560058597,230.39151220579575,229.09331944106492,230.07786560058597,77218600,212.96485626220704,1
2017-12-08,231.33251953125,231.34121421133287,230.04302136617727,231.0275675866922,76563900,213.10468620300293,1
2017-12-11,232.029541015625,232.09053672534347,231.30639353645628,232.029541015625,83077500,213.2464121246338,1
2017-12-12,232.4389495849609,232.90944594721776,232.064307384102,232.81359178581988,85195800,213.3929335784912,1
2017-12-13,232.412841796875,233.11857313498672,232.32570889072653,232.6829351934743,102905400,213.52510780334472,1
2017-12-14,231.4632110595703,232.82239964339811,231.4109366209028,232.70912949653976,100666700,213.6590196990967,1
2017-12-15,233.39073181152344,233.85486748533205,232.40991881971271,232.46246046390615,144610300,213.80192489624022,1
2017-12-18,234.8706817626953,235.22096824626072,234.6780201879625,234.7831034605176,83653600,213.9552793121338,1
2017-12-19,233.96864318847656,235.15962238325565,233.8985698681124,235.115846601884,82382900,214.10717323303223,1
2017-12-20,233.84603881835935,234.9844764369328,233.54829400619624,234.93193480685355,76751500,214.26034393310547,1
2017-12-21,234.32774353027344,235.03710918096,234.08254028101567,234.467863490585,67032300,214.4146346282959,1
2017-12-22,234.2665252685547,234.3803744370068,233.732316107008,234.34533775629305,78720900,214.5650542449951,1
2017-12-26,233.9862518310547,234.20518428520063,233.7235435761408,233.86363682865945,45244400,214.71355712890625,1
2017-12-27,234.10003662109372,234.4590889541957,233.82856259060253,234.15257825763103,57751000,214.86653739929199,1
2017-12-28,234.5816802978516,234.6254828123087,234.21388883723003,234.59921199369285,45116100,215.01312126159667,1
2017-12-29,233.6971740722656,235.17715914463068,233.50453922807463,235.1596541747437,96007400,215.1573013305664,1
2018-01-02,235.36984252929688,235.40487919746303,234.1700972147933,234.5554203891788,86655700,215.3116431427002,1
2018-01-03,236.8585662841797,237.007452062863,235.53620614609844,235.53620614609844,90070400,215.47455032348634,1
2018-01-04,237.8568572998047,238.3385245206717,236.9198471222083,237.497831752164,80636400,215.65556289672853,1
2018-01-05,239.4420166015625,239.56460485750245,238.15469292587647,238.6450993999332,83524000,215.84212890625,1
2018-01-08,239.8798828125,240.03750773896385,239.05669478521304,239.34567381706336,57319200,216.0319625854492,1
2018-01-09,240.4227600097656,241.04452040861585,240.0199052385527,240.3001450641424,57254000,216.22524375915526,1
2018-01-10,240.0549774169922,240.317712314285,239.00411800325503,239.6696542810785,69574300,216.41772148132324,1
2018-01-11,241.80653381347656,241.80653381347656,240.440397318215,240.60678813592105,62361500,216.61162338256835,1
2018-01-12,243.3827667236328,243.5491307499253,241.77140084390925,242.0691724071142,90816100,216.81245765686035,1
2018-01-16,242.55081176757807,245.2830836564088,241.858977947924,244.6350523488423,106555100,217.0058969116211,1
2018-01-17,244.8627014160156,245.24802451632235,242.5507895393176,243.47906062865408,113258800,217.21326789855956,1
2018-01-18,244.4511260986328,245.1692039206553,243.96069303034096,244.7488708980356,100728000,217.42034996032714,1
2018-01-19,245.5633850097656,245.5633850097656,244.45121783652075,245.0291759595195,140920100,217.63234603881835,1
2018-01-22,247.55999755859372,247.55999755859375,245.3006002720016,245.35316863403145,91322400,217.85734504699707,1
2018-01-23,248.0854949951172,248.3744740612789,247.27981184450425,247.60382758464527,97084700,218.08212432861328,1
2018-01-24,247.9889678955078,249.32009327330687,246.81549407174896,248.7245771555448,134816100,218.30745620727538,1
2018-01-25,248.0941619873047,248.94362068955093,247.30601076540927,248.8473032705516,84587300,218.53270988464357,1
2018-01-26,250.9665069580078,251.0103094608693,248.6721003224566,248.92606931860865,107743100,218.7735333251953,1
2018-01-29,249.3027191162109,250.8352460576116,249.14509418770265,250.3973812172114,90118300,219.01048118591308,1
2018-01-30,246.7455291748047,249.3551857343141,246.272627806415,247.48113867833263,131796400,219.24120010375975,1
2018-01-31,246.8681182861328,248.09413412976596,245.7997273241509,247.59498867120385,108364800,219.46364540100097,1
2018-02-01,246.58790588378903,247.88399519129385,245.7997546627316,246.14130200277145,90102500,219.68770942687988,1
2018-02-02,241.2197265625,245.40571293902065,241.18468989581447,245.2743321202365,173174800,219.88678749084474,1
2018-02-05,231.1312713623047,241.56997834773023,230.58832336984216,239.46823297604132,294681800,220.0272267150879,1
2018-02-06,235.6850433349609,236.1842154765742,226.5511926636276,227.63708850140625,355026800,220.1936703491211,1
2018-02-07,234.4065093994141,238.5136558584724,234.32767023221564,235.13335307070076,167376100,220.34259162902833,1
2018-02-08,225.6142120361328,234.84440913137536,225.5791753705031,234.7042891940019,246449500,220.44159843444825,1
2018-02-09,229.0032958984375,230.85107257073287,221.48953414652104,228.39027447366007,283565300,220.55819770812988,1
2018-02-12,232.36602783203125,233.82850763901305,229.14335016441967,231.04366793126812,143736000,220.69074798583983,1
2018-02-13,232.9440460205078,233.48699403220184,230.58833153740176,231.16631621198863,81223600,220.82843147277833,1
2018-02-14,236.0879364013672,236.4469887394335,231.4553193982092,231.46408524613523,120735700,220.97924629211425,1
2018-02-15,239.1004180908203,239.109183937638,235.36980196590403,237.82186053714875,111200300,221.1447353363037,1
2018-02-16,239.1705322265625,241.1059141597869,238.43492246501148,238.478724986326,160420100,221.31182563781738,1
2018-02-20,237.6730194091797,239.66094279990676,236.8848680766897,238.22473335946697,86369700,221.47022064208986,1
2018-02-21,236.49075317382807,240.58042191213403,236.3944357518513,238.1108581787282,98883700,221.61864959716797,1
2018-02-22,236.79725646972656,239.11793434884385,236.13172020872972,237.41027782276612,110511300,221.76878341674805,1
2018-02-23,240.5717315673828,240.5717315673828,237.54171387072904,238.0146154569616,92766400,221.9387385559082,1
2018-02-26,243.3652191162109,243.4615632568648,241.0533071673779,241.64003095764556,86491400,222.1208059692383,1
2018-02-27,240.3264312744141,244.25847475531668,240.26512379767468,243.5491092997396,99099200,222.2897933959961,1
2018-02-28,237.8919219970703,241.86774155496124,237.5766721936537,241.4211109416433,121907800,222.44833396911622,1
2018-03-01,234.43276977539065,239.2230106359419,232.94401911355612,237.68171834840885,176855100,222.58388458251954,1
2018-03-02,235.6413116455078,236.2017914238493,231.91072168086612,232.76891959437472,139083200,222.7264267730713,1
2018-03-05,238.3648223876953,238.97784374741312,234.3539661829814,234.4590761754729,97307400,222.90096351623535,1
2018-03-06,238.96910095214844,239.41573160660244,237.480349920733,239.33689242334253,79213200,223.07442337036133,1
2018-03-07,238.88150024414065,239.23178671128736,236.62212981467155,236.81479138037392,87063500,223.24080192565918,1
2018-03-08,240.0374755859375,240.16006382616132,238.5662563523812,239.55580829717485,66901200,223.4077406311035,1
2018-03-09,244.2147216796875,244.2147216796875,241.1233971036844,241.43867367277355,113625300,223.59327941894531,1
2018-03-12,243.9081573486328,245.12543411497415,243.5228342517436,244.50367368709735,71924800,223.77486938476562,1
2018-03-13,242.3319091796875,245.56335371770083,241.7276535847648,245.0641814044781,91968900,223.94361724853516,1
2018-03-14,241.0883026123047,243.47028774299733,240.536615517724,243.28639204480373,105895100,224.10636268615724,1
2018-03-15,240.82557678222656,242.2354882400483,240.3264046272263,241.59622290395205,83433000,224.26870040893556,1
2018-03-16,241.0867462158203,242.13304017575965,241.0339941533173,241.3505065283352,100343700,224.43260299682618,1
2018-03-19,237.8247528076172,241.2625719062548,236.18058428917692,240.33938400160284,109208400,224.57191299438477,1
2018-03-20,238.2292633056641,238.8623149855297,237.5522336788099,238.2204623498299,59757300,224.70975128173828,1
2018-03-21,237.77200317382807,240.2690324847603,237.5609949265369,238.18524554622545,78709600,224.84607971191406,1
2018-03-22,231.82846069335935,236.400477567891,231.55587250353724,235.55641745496297,148785900,224.9560553741455,1
2018-03-23,226.88706970214844,232.59333538854,226.69363651223375,232.2680220309973,183534800,225.03938301086427,1
2018-03-26,233.0944976806641,233.375859947702,228.0828631059416,230.47438871139855,141956100,225.1532297515869,1
2018-03-27,229.129150390625,234.5540272479464,227.58168480032617,234.02650655323708,129941400,225.2488461303711,1
2018-03-28,228.45211791992188,230.9227983594075,227.35307176606125,229.26102769532312,146452300,225.3412929534912,1
2018-03-29,231.37115478515625,233.2263583556725,228.4608831711309,229.58630518351373,111601600,225.4432015991211,1
2018-04-02,226.37713623046875,231.35362053546532,223.91527011290827,230.84364808375824,186286300,225.52147720336913,1
2018-04-03,229.2785797119141,229.75337511563475,225.8231853914652,227.60803509251616,119956900,225.61628761291504,1
2018-04-04,231.73162841796875,232.4350070630453,225.6121483428415,225.74402848477143,123715300,225.72313369750975,1
2018-04-05,233.56056213378903,234.43979925641491,232.39996269219787,233.48140718042765,82652600,225.8303678894043,1
2018-04-06,228.35536193847656,233.09443390544112,226.84307370714197,231.60854853458864,179521200,225.91872871398925,1
2018-04-09,229.4808654785156,232.8571324633948,228.5488763706566,229.80617888738536,105442900,226.012977142334,1
2018-04-10,233.1296539306641,233.91218763520737,231.22172492246017,232.3559211812397,103529000,226.12594635009765,1
2018-04-11,231.90756225585935,233.5605321271813,231.58224885543237,231.6525760100446,91140200,226.23154777526855,1
2018-04-12,233.81546020507807,234.75625011906135,233.05052840233344,233.226386513572,68890500,226.3459951019287,1
2018-04-13,233.1296539306641,235.23104295840423,232.12733783776812,235.11673787057836,85079200,226.4655096435547,1
2018-04-16,235.04640197753903,235.8113606628776,233.9385816667049,234.7562655902731,63405300,226.58524452209474,1
2018-04-17,237.56109619140625,238.1589710350388,236.2949925036025,236.80493826265624,64682000,226.72682960510255,1
2018-04-18,237.73687744140625,238.5369594052971,237.27965708240495,238.00063777761412,57303900,226.86734313964843,1
2018-04-19,236.41798400878903,237.2884198102276,235.3892651989447,237.08618569692788,77655900,226.9994847869873,1
2018-04-20,234.4133453369141,236.56748655112685,233.53410840575484,236.34767731833705,99953100,227.1191756439209,1
2018-04-23,234.3781890869141,235.5387882456017,233.3055189854932,234.98486470021984,65558000,227.24831436157226,1
2018-04-24,231.22178649902344,235.61797208042572,229.7270726684717,235.3981628013556,112885500,227.3549085998535,1
2018-04-25,231.7932586669922,232.23287717469967,229.348980837426,231.16020694260604,103840900,227.46323318481444,1
2018-04-26,234.14962768554688,234.9761126981133,232.37357842034385,232.813196966084,67731900,227.58411979675293,1
2018-04-27,234.36936950683597,235.0551731675286,233.43738060466845,234.75623586232197,57053600,227.6982152557373,1
2018-04-30,232.56695556640625,235.53878051205507,232.49660159003037,234.9848569848604,82182300,227.80152183532715,1
2018-05-01,232.98020935058597,233.08571348812197,230.45677684433647,232.00424241401504,74203400,227.90195274353027,1
2018-05-02,231.4151153564453,233.5956052486953,231.0282490532057,232.7867224925946,86368900,227.99468856811524,1
2018-05-03,230.9051818847656,231.5558085805169,227.7662998275908,230.58866949186387,136311500,228.08431083679199,1
2018-05-04,233.89459228515625,234.5716218759817,229.61271284222937,229.93802620459337,91222100,228.18311485290528,1
2018-05-07,234.6859436035156,235.6530828038007,233.97373697292065,234.65956756772937,55304900,228.285399017334,1
2018-05-08,234.6859436035156,235.0464071485337,233.1296769955772,234.316652270325,67499200,228.38863693237306,1
2018-05-09,236.9543609619141,237.27967434429692,234.83539666628883,235.3541432533565,59666100,228.50347679138184,1
2018-05-10,239.1699981689453,239.49533834232832,237.5873825725348,237.69288670133824,72063900,228.62679374694824,1
2018-05-11,239.8997802734375,240.1635405959885,238.78313229955305,239.2931046993908,59871500,228.7537163543701,1
2018-05-14,240.01409912109372,240.9812382473619,239.46894970292732,240.3306115263057,54790600,228.88220764160155,1
2018-05-15,238.36119079589844,238.8095834853447,237.42040062910027,238.79200840237016,87036100,229.00369132995604,1
2018-05-16,239.36346435546875,239.8206847529032,238.3699222852691,238.39632515329,53942600,229.13079345703125,1
2018-05-17,239.1612548828125,240.2339250509189,238.3875220622528,239.099701855681,56536400,229.25450050354004,1
2018-05-18,238.5633087158203,239.17878520760263,238.211619362878,238.81829490037904,64368000,229.37469749450685,1
2018-05-21,240.3569793701172,240.89332781469184,239.65360060549267,240.04046697569007,58025900,229.50594360351562,1
2018-05-22,239.68881225585935,241.13077397512384,239.3634988229535,240.8757877038516,52966400,229.63189811706542,1
2018-05-23,240.34820556640625,240.37460843443773,238.26441823782343,238.4227012850976,64694200,229.75915565490723,1
2018-05-24,239.85581970214844,240.2251110126436,238.07977079326324,239.952549715542,76043800,229.8865953063965,1
2018-05-25,239.2842559814453,239.90850650833,238.783084636457,239.2842559814453,56374800,230.0112205505371,1
2018-05-29,236.5322723388672,238.4226529091244,235.42445222582276,237.666495314586,115908600,230.13721458435057,1
2018-05-30,239.68881225585935,240.1284308045834,237.76330769806003,237.8336348596937,69678400,230.2774308013916,1
2018-05-31,238.2204742431641,239.5832808563809,237.62259952460337,239.2843434971005,93519900,230.39981506347655,1
2018-06-01,240.55923461914065,240.85817196194657,239.44258652128468,239.5129405032286,71258400,230.53402313232422,1
2018-06-04,241.70217895507807,241.95716512743,241.13948138374377,241.37686564837568,45385200,230.6720819091797,1
2018-06-05,241.8780212402344,242.2560865810495,241.0691116710681,241.8340433059834,51135000,230.82770919799805,1
2018-06-06,243.9002685546875,244.00577267131047,241.8692338131657,242.4847102697016,62732200,230.9950951385498,1
2018-06-07,243.8739318847656,244.67404067452276,242.968318961358,244.3839043069838,72969400,231.16152542114258,1
2018-06-08,244.59500122070312,244.64775330664688,243.24976936475744,243.416826580976,72139700,231.32055038452148,1
2018-06-11,244.920166015625,245.63234557572605,244.70035684689816,244.81466190778397,58892500,231.48501594543458,1
2018-06-12,245.2368621826172,245.59732583780067,244.5950093394101,245.3335653993271,72329000,231.65353591918947,1
2018-06-13,244.4541778564453,245.7290818002928,244.25194375650048,245.4740956450884,79070600,231.81567153930663,1
2018-06-14,245.0698089599609,245.5973298455162,244.48070819483547,245.31599431728392,77097600,231.9808420562744,1
2018-06-15,244.75704956054688,245.09266415404824,243.18498142730263,244.28896261504903,120041600,232.14323501586915,1
2018-06-18,244.2535400390625,244.3771988250044,242.8316257166672,243.308526012756,52917600,232.29808212280273,1
2018-06-19,243.3174743652344,243.53827062146416,241.57759878803688,241.9926968278556,97531500,232.44183319091798,1
2018-06-20,243.73257446289065,244.39496323717256,243.39695983816085,243.9975191915361,53785500,232.58614250183106,1
2018-06-21,242.2046356201172,243.74139578349843,241.7100541970671,243.7237148345327,71061400,232.73052833557128,1
2018-06-22,242.64620971679688,243.5735700292512,242.4254134927836,243.458751680338,54898500,232.87348098754882,1
2018-06-25,239.3431396484375,241.6570800809513,237.6650935063805,241.498113246504,137854200,233.00004814147948,1
2018-06-26,239.8731231689453,240.72097347590488,239.15774526109263,239.9084581262656,68547400,233.13052207946777,1
2018-06-27,237.8858337402344,241.87781937472067,237.7356804635046,240.45590476923587,105110700,233.2396588897705,1
2018-06-28,239.24603271484372,240.00555898908175,237.12636684148768,237.8329311168301,76650500,233.35195541381836,1
2018-06-29,239.5904998779297,241.69248514094525,239.4756814799653,240.3323722732277,97592500,233.46545433044435,1
2018-07-02,240.10264587402344,240.2616396479265,237.7887056337919,238.0271828183137,63554800,233.58186073303222,1
2018-07-03,239.2547912597656,241.09183100084985,238.83087974464237,240.99466664352408,42187100,233.69256858825685,1
2018-07-05,241.20669555664065,241.26852498890332,239.3078527788111,240.37652627018724,56925900,233.810726852417,1
2018-07-06,243.24681091308597,243.6177334987836,240.85336029143755,241.2331503041585,66493700,233.93799652099608,1
2018-07-09,245.4371337890625,245.49012273882505,244.20068004015275,244.2448285140648,50550400,234.0758257293701,1
2018-07-10,246.3203582763672,246.41752266824903,245.5961399102464,245.8876061332174,51966800,234.2209899902344,1
2018-07-11,244.5186309814453,245.56080995649725,244.218351260726,244.77476222513937,77054700,234.35692749023437,1
2018-07-12,246.73532104492188,246.78830997408488,245.1720937292929,245.77265289491376,60124700,234.50617042541504,1
2018-07-13,246.92979431152344,247.23007410293823,246.10843838624075,246.55887154970225,48216000,234.6557322692871,1
2018-07-16,246.70887756347656,247.1151350885674,246.2672850940884,246.97384921670871,48201000,234.79996383666992,1
2018-07-17,247.70689392089844,248.0954974706684,245.88753500727847,245.94052395018647,52315500,234.9478786468506,1
2018-07-18,248.2279357910156,248.3339136623,247.34475092676163,247.78634335888864,44593500,235.09456474304199,1
2018-07-19,247.29183959960935,247.94538797941055,246.81491207649063,247.5656248372381,61412100,235.2318221282959,1
2018-07-20,247.00917053222656,247.7157346929596,246.8502037033117,247.088653946684,82337700,235.36531387329103,1
2018-07-23,247.46847534179688,247.6715906647109,246.4616313923837,246.80608651802615,47047600,235.499794921875,1
2018-07-24,248.7136993408203,249.55273581935535,247.84819534471637,248.87269311489283,68026900,235.63396774291994,1
2018-07-25,250.83343505859372,251.15136879049888,248.4223297809541,248.46647825949432,78882900,235.7800022125244,1
2018-07-26,250.24154663085935,250.92158913866064,250.02075045853533,250.11791478974,57919500,235.92490730285644,1
2018-07-27,248.54592895507807,250.66556751675208,247.62740902904164,250.56840315355595,76768700,236.0584152984619,1
2018-07-30,247.24755859375,248.7842912912576,246.72645592127893,248.62532451965137,63742500,236.18368904113768,1
2018-07-31,248.46649169921875,249.07589167100625,247.62748189286,248.0072450774016,68570500,236.31671264648438,1
2018-08-01,248.05137634277344,249.17303876938945,247.406668412058,248.6696167489085,53853300,236.4463102722168,1
2018-08-02,249.402587890625,249.57036821914787,246.54989106312465,246.7530332857876,63426400,236.58118286132813,1
2018-08-03,250.47125244140625,250.52424138118403,249.34959032655732,249.52623809426012,53935400,236.7206145477295,1
2018-08-06,251.3897705078125,251.6988636700681,250.11798205697605,250.5065855809908,39400900,236.86355003356934,1
2018-08-07,252.21995544433597,252.59974547083937,251.91967578460452,252.05217509411352,43196600,237.01033126831055,1
2018-08-08,252.11404418945312,252.51148831768612,251.65479758013788,252.05224170837093,42114600,237.15083297729493,1
2018-08-09,251.76950073242188,252.5643616723958,251.63702840120317,252.1757581990465,35717000,237.2939680480957,1
2018-08-10,250.0825958251953,250.87745670578852,249.376031857044,250.3387269481914,77076000,237.4267082977295,1
2018-08-13,249.146484375,250.96584324930072,248.85501824263815,250.35644346636187,65732900,237.5603003692627,1
2018-08-14,250.73606872558597,250.974545785115,249.4819618562497,249.87056518404012,43842000,237.7004029083252,1
2018-08-15,248.8638458251953,249.53507498964103,247.43309056638404,249.3937621680385,102925400,237.8220393371582,1
2018-08-16,250.8775787353516,251.74310991009332,250.25933833158277,250.2946732853425,69967900,237.95792655944825,1
2018-08-17,251.76075744628903,252.2023500225932,250.2681723821674,250.67443000561903,65618500,238.0964870452881,1
2018-08-20,252.2994384765625,252.5643831615425,251.76068168021817,252.21111459734792,39807500,238.23625991821288,1
2018-08-21,252.89114379882807,253.74783417155692,252.3347330373176,252.8116603975641,67272000,238.37855545043945,1
2018-08-22,252.74099731445312,253.26207309407184,252.21989458217425,252.48486618458625,44993300,238.5163540649414,1
2018-08-23,252.405517578125,253.42117521476416,252.08755687596667,252.56448445286688,49204900,238.65073265075682,1
2018-08-24,253.92449951171875,254.06581233019867,252.92649626116108,252.979485199008,57487400,238.79349044799804,1
2018-08-27,255.9292907714844,256.035268635268,254.95778209903293,255.1167488947083,57072400,238.94435546875,1
2018-08-28,256.0529479980469,256.4945403961893,255.59367465427576,256.38853558039983,46943500,239.09993354797362,1
2018-08-29,257.4307861328125,257.66039591626367,256.0265251482379,256.2649754069763,61485500,239.26274948120118,1
2018-08-30,256.3885803222656,257.3247542134845,255.79686149898532,256.95383162780604,61229500,239.41930854797363,1
2018-08-31,256.3974304199219,256.8390229116999,255.4965914396548,255.9823323995439,66140800,239.5785255432129,1
2018-09-04,255.9559326171875,256.30920135076576,254.95792890413836,255.98242709838897,57594400,239.74115493774414,1
2018-09-05,255.2669677734375,255.8057246563454,254.26015085608176,255.6025823967788,72452400,239.89084274291992,1
2018-09-06,254.49850463867188,255.67312842243612,253.47400715938812,255.37284886081716,65909900,240.03999893188475,1
2018-09-07,254.00405883789065,254.97556790989967,253.21801110377848,253.4564883480325,73524800,240.18476623535156,1
2018-09-10,254.44561767578125,255.27581377697263,254.25131588714777,255.0108420910168,50210900,240.32437881469727,1
2018-09-11,255.28463745117188,255.72622999265644,253.4564648134547,253.8008929804244,50530500,240.4691889190674,1
2018-09-12,255.34637451171875,255.9469336822628,254.56035408758385,255.29338558212132,59810800,240.61169387817384,1
2018-09-13,256.856689453125,257.0421777146509,256.1236577401461,256.4062834173273,51034200,240.7623162841797,1
2018-09-14,256.9008483886719,257.24527651158894,256.1236413026373,257.0598152146336,55079900,240.90165878295898,1
2018-09-17,255.5407867431641,256.8832184612494,255.26700150429585,256.847910461356,68244000,241.0348983001709,1
2018-09-18,256.9273376464844,257.5190564708911,255.72619209625736,255.7526865667134,61930400,241.16505058288575,1
2018-09-19,257.201171875,257.61626995974973,256.8567167407164,256.98037559487085,49080600,241.29896812438966,1
2018-09-20,259.2854309082031,259.60339151190027,257.2187813185035,258.45526183517813,100360600,241.44470085144042,1
2018-09-21,259.0484924316406,260.1397370028223,258.88880602844426,260.02439890895715,105479700,241.59338760375977,1
2018-09-24,258.1880187988281,258.61387643830426,257.6113551925466,258.4719238918122,53409600,241.73755416870117,1
2018-09-25,257.948486328125,258.7469457031988,257.7089566380067,258.6404880631462,44370000,241.87690727233885,1
2018-09-26,257.1766357421875,259.27037481660574,256.75965861130874,258.0904332322394,79739700,242.00612785339356,1
2018-09-27,257.8952331542969,258.97759751708634,257.3717984236816,257.64682299273915,59249500,242.13545631408692,1
2018-09-28,257.921875,258.4186953759681,257.2387537517138,257.27422158236874,70091400,242.2628709411621,1
2018-10-01,258.8179931640625,259.8825968764054,258.1526056908411,259.15510007442543,62078900,242.39489669799804,1
2018-10-02,258.6670837402344,259.3768193389714,258.29448202703463,258.6670837402344,47258200,242.53091606140137,1
2018-10-03,258.8091125488281,260.13100699779073,258.45424464487616,259.7140297651086,64694600,242.6580079650879,1
2018-10-04,256.7861633300781,258.38308136317204,255.20697920413687,258.3298525670467,111545900,242.7675853729248,1
2018-10-05,255.3489990234375,257.52258097086235,253.92950091153637,257.00802678106885,105951700,242.87448715209962,1
2018-10-08,255.3489990234375,255.70386678274411,253.29072811491451,254.6658508352308,87742200,242.982001953125,1
2018-10-09,254.97637939453125,256.2716589459179,254.41744979316783,254.96752597563736,74339000,243.0852451324463,1
2018-10-10,246.90306091308597,254.54172194738865,246.5304591502504,254.47073213325152,214731000,243.14842781066895,1
2018-10-11,241.46456909179688,247.4352923666238,239.85874321865035,245.82061307572135,274840500,243.18581939697265,0
2018-10-12,244.81808471679688,245.8294589482832,241.64195538750596,245.54555397729231,183186500,243.23940963745116,1
2018-10-15,243.4430084228516,245.7851845255904,243.35428470841276,244.4632634522073,102263700,243.28371627807618,1
2018-10-16,248.7660675048828,249.1386962174045,244.9245776497542,245.39478348063147,118255800,243.35906074523925,1
2018-10-17,248.8104248046875,249.43143651418163,246.24645354039436,248.8015443128745,110626000,243.42626365661621,1
2018-10-18,245.2173767089844,248.47335024410972,243.9487115121267,247.87892571901244,134557500,243.46805770874025,1
2018-10-19,245.08432006835935,247.79021756865453,244.39231836527117,245.8650454922904,139901600,243.50419502258302,1
2018-10-22,243.98419189453125,246.06905016858272,243.4518767092665,245.7496773022289,82415800,243.52690589904785,1
2018-10-23,242.7421417236328,243.8600010324132,238.30622646615907,240.3822586323735,146352700,243.54121719360353,0
2018-10-24,235.38739013671875,242.8752165070929,234.83734103185068,242.4937072564188,177806700,243.5160403442383,0
2018-10-25,239.61038208007807,241.1452184768724,236.19474905649372,237.215004131383,138061500,243.5138173675537,0
2018-10-26,235.39622497558597,240.4265638893748,232.69920847590527,235.919686707921,201574600,243.48176582336427,0
2018-10-29,234.09207153320312,239.76118336987363,230.53448644606027,238.4747573100824,160749100,243.43531234741212,0
2018-10-30,237.5609893798828,237.87150885425123,233.4355937194944,233.92356062912407,157116000,243.41036323547362,0
2018-10-31,240.09832763671875,242.40500873650916,239.6458556654088,240.11606154894997,128296300,243.38654136657715,0
2018-11-01,242.6534576416016,242.84863900602303,239.87657021470125,240.95893467655137,99495000,243.37755302429198,0
2018-11-02,241.21624755859372,244.1794361277921,239.17571000187783,243.7535784549435,122634100,243.35581733703614,0
2018-11-05,242.54698181152344,243.09703095872837,240.7371208475932,241.70414710230463,65622500,243.33075225830078,0
2018-11-06,244.0818328857422,244.24151936070007,242.42280466608807,242.48491398679903,60085900,243.3107339477539,1
2018-11-07,249.3073272705078,249.38717049916133,245.82067717122945,246.2465347987273,102752100,243.3173257446289,1
2018-11-08,248.85484313964844,249.49361601251272,247.71924992952057,248.50882875761965,65584900,243.32112915039062,1
2018-11-09,246.42393493652344,247.73694832187837,245.02217077013103,247.55064749078656,98812600,243.2984162902832,1
2018-11-12,241.8194274902344,246.1577373966291,241.3048462933614,245.9182077823633,99673600,243.26099983215332,0
2018-11-13,241.3669586181641,244.2680367260355,240.648342691676,242.2807558502829,98176600,243.23410697937013,0
2018-11-14,239.71681213378903,243.6292645987899,238.16424217715743,243.2300485690303,125335900,243.1983504486084,0
2018-11-15,242.2186737060547,242.68002615726408,236.8867227096391,238.45702674823613,135101400,243.17650428771972,0
2018-11-16,242.8486175537109,243.75353448626663,240.6128990178907,241.1274803307637,126668000,243.1846487426758,0
2018-11-19,238.7408905029297,242.5380317022789,237.82709332638237,242.2452462243025,103061700,243.2226968383789,0
2018-11-20,234.32278442382807,236.8778759571118,233.46221577650243,235.42288274939483,136021300,243.21588554382325,0
2018-11-21,235.1212310791016,237.01093521845812,235.1123776598,235.8664615570056,75563700,243.21945915222167,0
2018-11-23,233.55093383789065,234.94381770001263,233.3912473895993,233.4888245275515,42807900,243.25914276123046,0
2018-11-26,237.3214874267578,237.54328320939965,235.40516861577075,235.7955313591948,79981400,243.30073371887207,0
2018-11-27,238.1199188232422,238.1199188232422,235.68904599528867,236.2923239551976,75502400,243.32950317382813,0
2018-11-28,243.6026763916016,243.6026763916016,238.0577830930989,239.1845227391462,127629600,243.3827963256836,1
2018-11-29,243.07037353515625,244.4632300704117,241.69522383582373,242.83081683141555,82346400,243.41770851135254,0
2018-11-30,244.55197143554688,245.11090101841376,242.6001852168252,242.91955807864937,98204200,243.44496627807618,1
2018-12-03,247.79022216796875,248.7661289659966,246.202183956524,248.65967132888065,103176300,243.4880647277832,1
2018-12-04,239.76126098632807,247.3910419590165,239.4507414498552,246.9651842740236,177986000,243.49850593566896,0
2018-12-06,239.39739990234372,239.51273799655627,232.832252696022,235.9196585404667,204185400,243.51303916931153,0
2018-12-07,233.8348388671875,240.62178366519305,233.00088464890425,239.06033286080265,161018900,243.49822708129884,0
2018-12-10,234.2783966064453,235.24542272552435,229.44323893637647,233.65735774205484,151445900,243.46676040649413,0
2018-12-11,234.33160400390625,237.6496591069941,232.8677577569364,237.4633582945688,121504400,243.4215923309326,0
2018-12-12,235.51158142089844,238.65221668607788,235.43173820331023,237.2948278377277,97976700,243.39751808166503,0
2018-12-13,235.4317626953125,237.3125864377424,234.3227838778724,236.45201779242177,96662700,243.38521728515624,0
2018-12-14,231.0845184326172,234.2428872182489,230.5344693965885,233.29359506914284,116961100,243.3684760284424,0
2018-12-17,226.55105590820312,231.2442481147202,224.92750936156915,230.1352693427575,165492300,243.32302474975586,0
2018-12-18,226.30262756347656,228.8488518247109,224.7056955526917,228.18346461499536,134515100,243.26271377563478,0
2018-12-19,222.91357421875,230.135242601122,221.21906514046967,226.38246266332683,214992800,243.18243614196777,0
2018-12-20,219.2849884033203,223.23294946825143,217.0492837799574,221.6715124901372,252053400,243.08445358276367,0
2018-12-21,214.79200744628903,222.83221562745248,214.14950429082847,220.18189351527596,255345600,242.95822624206542,0
2018-12-24,209.1165313720703,214.91689612055552,209.05407298607156,213.31063854385064,147311600,242.78273529052734,0
2018-12-26,219.6821136474609,219.6821136474609,208.59895689050683,210.5710868788151,218485400,242.66160507202147,0
2018-12-27,221.36866760253903,221.564975087694,213.23923382404877,216.46066729671128,186267300,242.55678886413574,0
2018-12-28,221.0831298828125,224.3402522831674,219.9230542277577,222.7161572592034,153100200,242.45676300048828,0
2018-12-31,223.01954650878903,223.2604885336004,220.8332580470889,222.698295014504,144299400,242.3677328491211,0
2019-01-02,223.2515563964844,224.1707035858878,219.47686154729476,219.5036313704784,126925200,242.27855690002443,0
2019-01-03,217.92416381835935,221.8148704279852,217.4422797539412,221.51145639556276,144140700,242.17905395507813,0
2019-01-04,225.22366333007807,225.8661662538114,220.5655239412064,220.940315043986,142628800,242.1140259552002,0
2019-01-07,226.9994964599609,228.40050047544105,224.5990357792695,225.49139953468548,103139100,242.06016342163085,0
2019-01-08,229.13226318359372,229.6141473029635,226.6604250449765,229.17689771717087,102512600,242.04668243408204,0
2019-01-09,230.20306396484372,231.04188801850196,228.61465767376785,229.8371915812032,95006600,242.0632624053955,0
2019-01-10,231.0150909423828,231.26495165871088,227.99889764563864,228.6771026897186,96823900,242.05286537170412,0
2019-01-11,231.10438537597656,231.1311552005087,229.36426508304243,229.9442961030932,73858100,242.06274154663086,0
2019-01-14,229.6943817138672,230.4975034951457,228.81095047773832,229.21249775198987,70908200,242.06895286560058,0
2019-01-15,232.32693481445312,232.6392676098816,230.06032300031865,230.06925535334855,85208300,242.07373176574708,0
2019-01-16,232.8890686035156,233.77249987757688,232.54996606884825,232.75519227357464,77636700,242.1062914276123,0
2019-01-17,234.6559295654297,235.5126182470437,231.9788387091328,232.02347322973696,96118400,242.13317817687988,0
2019-01-18,237.77926635742188,238.24331299330493,234.691695028988,236.4585852744533,127900300,242.16341636657714,0
2019-01-22,234.56671142578125,236.52992247827257,232.96046764303685,236.31576390264777,115531200,242.1684471130371,0
2019-01-23,235.0575408935547,236.28900723752503,232.6035405576887,235.59296459520883,86030300,242.2019580078125,0
2019-01-24,235.18243408203125,235.7624922531288,233.8706583992333,234.87903370249143,59204100,242.2304658508301,0
2019-01-25,237.1724853515625,237.99347215348425,235.2806781682309,237.0207715003168,96883400,242.25068000793456,0
2019-01-28,235.3699493408203,235.43239412708135,233.61199108198392,235.0397790012523,85613700,242.26799194335936,0
2019-01-29,235.0575408935547,236.07482141719493,234.22764913402008,235.51265512487785,66136300,242.27420234680176,0
2019-01-30,238.7786865234375,239.61751064912443,235.80712714019668,236.5656417942048,92473700,242.3024475097656,0
2019-01-31,240.8758087158203,241.35769290246475,238.50211720067531,238.71630307962187,104012100,242.33159454345704,0
2019-02-01,240.9917755126953,242.00908335806707,240.20649097931005,241.0720849900484,85782500,242.34874794006348,0
2019-02-04,242.68719482421875,242.74966681151696,240.36704403875927,241.036316732674,60744800,242.37349952697753,1
2019-02-05,243.70462036132807,244.0080208615041,242.6159351629136,243.11565683764923,79552800,242.40993270874023,1
2019-02-06,243.38323974609372,243.91866335308137,242.6515222904124,243.4278742657953,58347800,242.45478218078614,1
2019-02-07,241.06317138671875,242.32138038708896,239.41229290069123,241.77705153770148,95482000,242.48820709228517,0
2019-02-08,241.35765075683597,241.45579770825748,239.00179712931825,239.82278385087895,75788900,242.53888641357423,0
2019-02-11,241.49148559570312,242.26783773930447,240.96499422513187,242.00907184662523,68021400,242.58737754821777,0
2019-02-12,244.596923828125,244.9717013749953,243.02635482048785,243.09775917507972,72270200,242.63961402893065,1
2019-02-13,245.39111328125,246.22993743403887,245.0074033821267,245.42681545852116,65277200,242.69472274780273,1
2019-02-14,244.84678649902344,245.97117361390244,243.4993084316864,244.31136276656764,83234400,242.75612190246582,1
2019-02-15,247.514892578125,247.5505947480528,246.40837040535143,246.61359660868928,97088700,242.8287953186035,1
2019-02-19,247.94329833984372,248.59470651392925,246.71183188365032,246.7207642365391,59120800,242.9114362335205,1
2019-02-20,248.44309997558597,248.8982143950501,247.4079543198743,247.90767605259137,76610800,242.99912582397462,1
2019-02-21,247.55958557128903,248.1663864395032,246.60474973782155,247.8094463542468,64214700,243.06745079040527,1
2019-02-22,249.0943756103516,249.29066944882723,247.54164450763705,248.1752150059911,78114600,243.13949295043946,1
2019-02-25,249.43353271484372,251.03087162618647,249.35322323654609,250.51331257734037,69030700,243.2132308959961,1
2019-02-26,249.25509643554688,250.12959564734052,248.88029160707416,249.08554511228368,56844100,243.27473457336427,1
2019-02-27,249.1480407714844,249.49604857194083,247.6131735955296,248.5412125519389,56921600,243.32462478637694,1
2019-02-28,248.68394470214844,249.3710822777251,248.36270679625505,248.93380548432643,69268300,243.36854560852052,1
2019-03-01,250.23666381835935,250.6471435330441,248.80887632010388,250.2545012902043,78880500,243.41965843200683,1
2019-03-04,249.3264617919922,251.5306016575356,247.04201244545143,251.2896732145433,106494600,243.47448478698732,1
2019-03-05,248.9872589111328,249.64762643253337,248.44293023705333,249.45130536932348,59114600,243.52260375976562,1
2019-03-06,247.47923278808597,249.1122737404231,247.1579949020544,249.1033413882174,75039800,243.56419364929198,1
2019-03-07,245.4089508056641,247.1758135095553,244.5701267457803,247.03303204906663,94885100,243.59842185974122,1
2019-03-08,244.91815185546875,245.0877031498142,243.09774937846663,243.56176873348625,85795800,243.62122772216796,1
2019-03-11,248.4697723388672,248.6303912829194,245.6052922388111,245.6320620628198,65098900,243.665132522583,1
2019-03-12,249.40675354003903,249.9243398022675,248.83565486040143,249.023043636072,79667500,243.71042526245117,1
2019-03-13,251.0576934814453,251.98575969985632,250.12962726303425,250.2902734857053,80639200,243.76643463134766,1
2019-03-14,250.89694213867188,251.503742824431,250.45969270816525,251.08433086134977,67518400,243.82449806213378,1
2019-03-15,252.13656616210935,252.9432256217653,251.2581878355714,251.4464293465867,81309000,243.90251953125,1
2019-03-18,253.0507659912109,253.34655843745105,252.12758392601305,252.35165750836916,62199800,243.96932929992676,1
2019-03-19,253.1135711669922,254.87030079650296,252.22624833038137,254.1084723240836,90268100,244.0437947845459,1
2019-03-20,252.3516540527344,254.09943891227127,251.2492295483872,252.89840780961697,84609200,244.10275688171387,1
2019-03-21,255.2019195556641,255.60523563223617,251.4912475347911,251.53607866734464,79550400,244.17025558471678,1
2019-03-22,250.29026794433597,254.3683974478117,250.227520757454,253.84855861316004,122659300,244.2123168182373,1
2019-03-25,250.10194396972656,251.13267684048532,248.84713754651028,249.9495619188549,85575200,244.2433251953125,1
2019-03-26,251.96633911132807,252.91640921998217,250.56812169282816,251.8498164343296,68125900,244.2837872314453,1
2019-03-27,250.6487274169922,252.53992285404811,249.1070999307263,251.95730960273136,72224700,244.31405586242676,1
2019-03-28,251.59890747070312,252.04705487394756,250.12899821148983,251.27625446968565,56238500,244.34744956970215,1
2019-03-29,253.18524169921875,253.50789454083147,251.984210534216,253.1045784888156,82186800,244.38719146728516,1
2019-04-01,256.18780517578125,256.4835976324492,254.90611080417543,255.175015524122,77617900,244.44585960388184,1
2019-04-02,256.3133239746094,256.5463692835884,255.5245804852058,256.37607115052464,40070400,244.5020771789551,1
2019-04-03,256.7166748046875,257.9177061153034,256.1161454730113,257.52333435925203,68243200,244.5618753051758,1
2019-04-04,257.3978576660156,257.6488190413837,256.3492083789462,257.03934532302384,48997500,244.62759689331054,1
2019-04-05,258.6436767578125,258.6974522325927,257.77427011188774,258.06109087920464,58621700,244.70422790527343,1
2019-04-08,258.8409423828125,258.94849336551664,257.5681919310813,258.2224968795213,53566300,244.77976974487305,1
2019-04-09,257.51434326171875,258.20448010644867,256.9676168040888,257.8818272500247,66142300,244.85631828308107,1
2019-04-10,258.39276123046875,258.4823961552368,257.51438273212386,257.9266705627704,52601500,244.93505104064943,1
2019-04-11,258.321044921875,258.885714865524,257.756374978226,258.8767431671362,55093100,245.0299405670166,1
2019-04-12,260.06884765625,260.34669679749004,258.3658933655959,259.9254372361357,69727800,245.13091918945312,1
2019-04-15,259.8984375,260.2390336819139,259.10072251049337,260.1404270937514,49596700,245.24098220825195,1
2019-04-16,260.06884765625,260.8307035462834,259.47728993055614,260.7769280578331,52153200,245.345096282959,1
2019-04-17,259.4324645996094,261.20711027659587,259.0201494187386,261.18022253460333,58268300,245.44430610656738,1
2019-04-18,259.9432983398437,260.2122030780004,258.72435105561925,260.0150172111129,68708500,245.54350936889648,1
2019-04-22,260.1673889160156,260.3197710128511,259.091851951437,259.18148687000274,40160100,245.64807235717774,1
2019-04-23,262.5067138671875,262.73975916905067,260.30183725475945,260.5348552038877,52246600,245.75457244873047,1
2019-04-24,261.9241027832031,262.7576499482489,261.7806924075933,262.4260254214715,50392900,245.84795890808107,1
2019-04-25,261.7627868652344,262.41709166992746,260.5796989626639,261.82553404227406,57770900,245.92958717346193,1
2019-04-26,262.9818115234375,263.0535030588638,261.03684013482405,261.80766774254926,50916400,246.01289443969728,1
2019-04-29,263.3940734863281,263.9139396398111,262.98178565451457,263.0714205795363,57197700,246.10727165222167,1
2019-04-30,263.5284729003906,263.8152936765944,261.64627651929874,263.0534379566247,81111700,246.19123741149903,1
2019-05-01,261.547607421875,264.36198432958724,261.53863572703256,264.1558268173081,71671900,246.2643264770508,1
2019-05-02,260.9830627441406,262.3454480819899,259.49521038202386,261.4312100573297,65030200,246.3356974029541,1
2019-05-03,263.5375061035156,263.81535524757965,261.0906119431951,262.452997271758,56543700,246.4148504638672,1
2019-05-06,262.45294189453125,262.8921174129204,258.9394556892126,259.2531642106628,107198100,246.48597549438477,1
2019-05-07,258.070068359375,260.6514008912022,256.16992839920704,260.0598432399304,144729900,246.53986663818358,1
2019-05-08,257.7115478515625,259.41450187392644,257.11999021906496,257.7115478515625,91568300,246.59337852478026,1
2019-05-09,256.9317321777344,257.5322340525576,253.92016904937915,255.6500378691589,103471100,246.64069480895995,1
2019-05-10,258.2224426269531,258.9753267004435,253.02391828227695,255.99962249136024,112429300,246.68823852539063,1
2019-05-13,251.73326110839844,254.0905200288982,250.8997137848511,253.131505698292,127290500,246.69273765563966,1
2019-05-14,254.00991821289065,255.53363017820087,252.62067233779445,252.74613937518495,77003200,246.7115795135498,1
2019-05-15,255.4976348876953,256.1339961418753,252.18133524534448,252.38749276835136,73956400,246.7463380432129,1
2019-05-16,257.8638916015625,259.2172774500788,256.12507840020066,256.1967699119321,76749600,246.79941970825195,1
2019-05-17,256.1968688964844,258.6706509743465,255.5515356306396,255.56947903005445,100353000,246.83807159423827,1
2019-05-20,254.5028076171875,256.30434077404203,253.75886794240608,254.6013868725707,62877600,246.87032875061035,1
2019-05-21,256.7973022460937,257.1737305545002,255.93683997855635,256.1878013017382,46847100,246.9073023223877,1
2019-05-22,256.0085754394531,256.9586453211388,255.5335404986103,255.8472490111068,49482500,246.93498893737794,1
2019-05-23,252.8805389404297,253.8395532505912,251.4733500353622,253.7947494674691,98733800,246.942442779541,1
2019-05-24,253.4541931152344,254.726943518703,252.8357476353945,254.3146282969823,55268100,246.9486139678955,1
2019-05-28,251.09689331054688,254.68207123353235,251.0789772679172,253.73200127216012,70029400,246.94352821350097,1
2019-05-29,249.411865234375,250.3888229749332,248.01364797699472,249.9855068541915,104972900,246.93174003601075,1
2019-05-30,250.093017578125,250.99828364691183,248.9995373499436,250.16470909269745,62523800,246.9317921447754,1
2019-05-31,246.7229766845703,248.38112697686876,246.6960889437325,247.5565513560174,86862800,246.91967460632324,0
2019-06-03,246.09552001953125,247.8701651376711,244.76899467590567,246.7587690149791,96428000,246.89647186279296,0
2019-06-04,251.4374237060547,251.5718623723926,247.93290992228827,248.3810570452344,77231900,246.90933975219727,1
2019-06-05,253.615478515625,253.6423662559276,251.24927531078836,253.0508086165342,71169700,246.92302925109863,1
2019-06-06,255.2646331787109,255.93685397607695,253.26591418029244,253.91124723987323,69430400,246.94054862976074,1
2019-06-07,257.81903076171875,258.8945947828686,256.1071054936321,256.277403586193,74272200,246.96814659118652,1
2019-06-10,259.002197265625,260.6603473979614,258.9125623539002,259.36070955978926,60799100,246.99870185852052,1
2019-06-11,258.9394836425781,261.18021996235245,258.2941504883736,260.8127359235809,58641300,247.02969429016113,1
2019-06-12,258.4823913574219,259.2621632182266,257.97149691319186,258.7064649888135,47096300,247.0600786590576,1
2019-06-13,259.54888916015625,259.90742875930414,258.68845429820976,259.3875627521784,48945200,247.0882006072998,1
2019-06-14,259.2621154785156,259.8626173825372,258.50025980152225,259.2621154785156,52324700,247.10486473083495,1
2019-06-17,259.3607177734375,260.1225735181229,259.19041964158777,259.4951564689148,39205700,247.1214035797119,1
2019-06-18,262.076416015625,263.12509225444643,260.8126379238055,261.1711774824396,85434800,247.144631729126,1
2019-06-19,262.6679992675781,263.19680960996527,261.2428946460134,262.21088043232373,78674400,247.17602882385253,1
2019-06-20,265.1776123046875,265.5809556714044,262.7307464283125,265.33896606301266,116570000,247.21992973327636,1
2019-06-21,264.7921142578125,266.16109760672003,264.5759662252908,264.9092036040158,83309500,247.2641106414795,1
2019-06-24,264.4679870605469,265.3145763201404,264.3148638254183,264.99936948825126,47582700,247.31011573791503,1
2019-06-25,261.8740234375,264.5489654623911,261.7659494139915,264.52194695651394,82028700,247.34699333190918,1
2019-06-26,261.6128845214844,263.27008405135524,261.5048104738926,262.7657201720802,51584900,247.38503746032714,1
2019-06-27,262.54052734375,263.0448911665439,261.991141834758,262.3694009589699,40355200,247.425512008667,1
2019-06-28,263.8915710449219,264.386919654963,262.99993255253844,263.51328434422294,59350900,247.46854667663575,1
2019-07-01,266.287353515625,267.4221863023944,265.0894683549733,267.20601066133787,78705600,247.52325157165527,1
2019-07-02,266.98077392578125,267.0348109497761,265.40462992580103,266.24223128349144,61504500,247.57387199401856,1
2019-07-03,269.11529541015625,269.1333260737654,267.5121330376996,267.6562409177344,40898900,247.63494422912598,1
2019-07-05,268.80908203125,268.971220578247,266.60249706914334,267.8904251985188,51677300,247.70128570556642,1
2019-07-08,267.33203125,268.6289747449363,266.7916335461484,267.5031576476492,45841800,247.75330917358397,1
2019-07-09,267.6652526855469,267.96245628769606,266.1251426846936,266.1791797032662,41101300,247.80562957763672,1
2019-07-10,268.9441833496094,269.8898862091427,268.1966528857291,268.7280352609248,58448500,247.85392333984376,1
2019-07-11,269.5746765136719,269.81784313562406,268.5749640265412,269.5836918467792,50826100,247.9065542602539,1
2019-07-12,270.78155517578125,270.85362287067034,269.75482415267635,270.06104314152424,40326000,247.96952194213867,1
2019-07-15,270.87164306640625,271.21389592419735,270.3672791135901,271.21389592419735,33900000,248.03413772583008,1
2019-07-16,269.9979553222656,270.98867985359067,269.6917363736322,270.7815196152054,36650100,248.09824432373046,1
2019-07-17,268.16064453125,270.1330784852856,268.16064453125,269.9709674033634,36036300,248.14957138061524,1
2019-07-18,269.14227294921875,269.52055951244586,267.2239040848407,267.6652155038027,51392600,248.20567337036132,1
2019-07-19,267.6472473144531,270.2591373052025,267.47612092845327,270.2321187961376,58678600,248.24981964111328,1
2019-07-22,268.3047790527344,268.8451768651962,267.5302299272995,268.0435817376525,43638100,248.29800811767578,1
2019-07-23,270.2230834960937,270.2230834960937,268.5929027695212,269.42151612922413,44564500,248.35507797241212,1
2019-07-24,271.4930419921875,271.4930419921875,269.3765003899572,269.4665712532843,47213200,248.42861236572264,1
2019-07-25,270.19610595703125,271.09675964355466,269.39451098285616,271.0427226212248,55394100,248.50284790039063,1
2019-07-26,272.00653076171875,272.2046757465596,270.7546084743652,270.8807132309819,45084100,248.58613555908204,1
2019-07-29,271.5111083984375,272.00648451921296,270.96172273001054,271.8893951181974,38126500,248.66880920410156,1
2019-07-30,270.8446044921875,271.2499096855078,269.7367904533448,270.11507713282856,45849000,248.78851692199706,1
2019-07-31,267.8814697265625,271.2769523537297,265.8730292190799,271.0877952542594,104245200,248.9206014251709,1
2019-08-01,265.5487365722656,270.9796773444244,264.75615690970017,268.03454960744455,142646600,249.02425468444824,1
2019-08-02,263.54931640625,264.9002971362273,262.0001907364451,264.6571304997098,116749700,249.12478622436524,1
2019-08-05,255.62353515625,259.5773905358963,253.73215692294195,259.4693164915534,178745400,249.15907356262207,1
2019-08-06,259.2080383300781,259.4242138370661,256.03774824711377,257.5058176913912,120711700,249.21106163024902,1
2019-08-07,259.3612365722656,260.1267976833788,254.0203669444034,256.1458963970514,140572300,249.28178092956543,1
2019-08-08,264.45001220703125,264.45001220703125,260.29801063095204,260.84739635518525,87713900,249.3786093902588,1
2019-08-09,262.64862060546875,264.10767516291054,260.87433176426345,263.51324043844005,93730000,249.4719315338135,1
2019-08-12,259.4512634277344,262.6395570659091,258.5055607500272,261.1534842703851,65527600,249.55547714233398,1
2019-08-13,263.4862365722656,264.927288031158,258.8118415350156,259.1540943486517,94299800,249.6959713745117,1
2019-08-14,255.69561767578125,260.0547789289397,255.56954043177137,259.4513562529001,135622100,249.77639755249024,1
2019-08-15,256.37109375,257.2627596852036,254.3356348914104,256.57825401490027,99556600,249.8812718963623,1
2019-08-16,260.1538391113281,260.5861353169893,256.42511942287445,258.019294138563,83018300,250.01158073425293,1
2019-08-19,263.28814697265625,263.9636374091486,262.4865792806224,263.16206971711466,53571800,250.1402165222168,1
2019-08-20,261.2706298828125,263.3151038974845,261.1445526567622,262.78372151003504,51596400,250.24607803344728,1
2019-08-21,263.39617919921875,263.7654230198255,262.73869211921766,263.4231977101356,49524700,250.34979164123536,1
2019-08-22,263.3151550292969,264.72918821676154,261.54988112141444,264.09874699254823,51666400,250.46028617858886,1
2019-08-23,256.5511779785156,263.67535110067126,255.3082716393352,262.01815181035266,149161500,250.53030715942384,1
2019-08-26,259.3882141113281,259.3882141113281,257.20862049623975,258.7307271459625,72423800,250.60683906555175,1
2019-08-27,258.3705444335937,261.1445734568892,257.6139985597237,260.7753021102791,66668900,250.6521551513672,1
2019-08-28,260.1898498535156,260.3519609162439,256.91145732757764,257.71305228068184,59696700,250.70883018493652,1
2019-08-29,263.5132751464844,264.035669739417,261.7389860715827,262.73872607625174,57899400,250.79427688598633,1
2019-08-30,263.39617919921875,265.00832949353685,262.4685070100496,264.99032631484863,62901200,250.90216064453125,1
2019-09-03,261.8559875488281,262.61253318404823,260.5320258157521,261.7028918471687,69101400,251.00460578918458,1
2019-09-04,264.8282165527344,264.8462197315112,263.2700757868123,264.01763373547163,46887300,251.1301628112793,1
2019-09-05,268.2326354980469,269.1422768547037,264.7921324861671,267.304963480264,83258100,251.26023262023926,1
2019-09-06,268.4398803710937,269.079364421444,267.8724915096057,268.547981925724,49584300,251.38818893432617,1
2019-09-09,268.5749816894531,269.51164187797576,267.63829401515704,269.42159848406766,51260300,251.53735939025879,1
2019-09-10,268.51190185546875,268.57495421337273,266.5664864936177,267.81838089006624,57947100,251.708304977417,1
2019-09-11,270.4212341308594,270.50228965378903,268.1696002080379,268.8180718772411,68821100,251.88480499267578,1
2019-09-12,271.3580322265625,272.411781940242,270.565452364711,271.3219983730847,72908700,252.07384048461915,1
2019-09-13,271.1778869628906,272.15060859386426,270.8086155553707,271.79934036996366,62104800,252.2431224822998,1
2019-09-16,270.3402404785156,271.2228910731424,269.70078399410147,270.0520246738491,58191200,252.40422409057618,1
2019-09-17,271.02471923828125,271.1147626182504,269.9709423321039,270.142068731276,41475500,252.54133430480957,1
2019-09-18,271.18682861328125,271.29490265718533,268.6109447952342,270.6374155757433,73375800,252.6819165802002,1
2019-09-19,271.1688537597656,272.56488374290353,270.83561622721925,271.5741589935935,76560500,252.81500099182128,1
2019-09-20,269.8875732421875,272.05008918733927,269.1003904881604,271.76957180280993,89565000,252.9254877471924,1
2019-09-23,269.82427978515625,270.5390897940951,268.973753347356,269.22709988546444,43476800,253.07580284118652,1
2019-09-24,267.7070617675781,271.2991710708117,266.74796203940343,270.9101080440949,94869400,253.21735115051268,1
2019-09-25,269.2904052734375,269.73375474914366,266.3135631628588,267.78841257718466,71854000,253.39462898254394,1
2019-09-26,268.7294921875,269.507618203709,267.3270429198188,269.29952886168803,56179700,253.56688446044922,1
2019-09-27,267.2817077636719,269.588997076313,265.73448553679964,269.4803963407056,84746600,253.73163497924804,1
2019-09-30,268.5213928222656,269.2271459858944,267.7523237227943,267.7975533359256,51662400,253.8966840362549,1
2019-10-01,265.327392578125,270.0505182065115,265.11024626366753,269.3990516504339,88242400,254.04616218566895,1
2019-10-02,260.6404113769531,263.7620270421523,259.35559247468234,263.7529700767548,122539500,254.19394165039063,1
2019-10-03,262.7758483886719,262.8029916787892,257.7088892026817,260.4142716976358,85278800,254.37506561279298,1
2019-10-04,266.33172607421875,266.5850726230297,263.3729697365412,263.42728392308186,65091200,254.57521110534668,1
2019-10-07,265.1825561523437,267.1550692865488,264.9020663585836,265.5354464421896,59610500,254.78655601501464,1
2019-10-08,261.065673828125,264.06965938553134,261.029473579336,263.3367631205743,95708100,254.99545944213867,1
2019-10-09,263.5447692871094,264.47672520737086,262.44995371772035,263.0742766520664,62359400,255.23922325134276,1
2019-10-10,265.327392578125,266.2050624159976,263.30062000930803,263.4634797451511,55296300,255.52027755737305,1
2019-10-11,268.0780029296875,270.3038352478275,267.9513434643262,268.06894596333944,98720400,255.76225700378419,1
2019-10-14,267.7793273925781,268.430793635691,267.43549415139466,267.76121346660506,40394800,255.99431030273436,1
2019-10-15,270.4305725097656,271.1725259577309,268.7023759914254,268.82000612496955,46754500,256.2410475158691,1
2019-10-16,269.9961853027344,270.6838519974688,269.5618927483342,269.9690420180844,48928200,256.47593070983885,1
2019-10-17,270.7924499511719,271.6610627522716,270.1047831934205,271.1543696505715,45736600,256.71363517761233,1
2019-10-18,269.6070861816406,270.90096193087385,268.75655989311184,270.2585525385415,64304000,256.9720497894287,1
2019-10-21,271.434814453125,271.633874396673,270.48477194824056,270.91909208308124,39048600,257.20310554504397,1
2019-10-22,270.54815673828125,272.2582390304072,270.4576699114692,271.96869222968974,48594700,257.42084884643555,1
2019-10-23,271.3352966308594,271.38958319579564,270.0866504119283,270.29476731931624,34352200,257.6318640136719,1
2019-10-24,271.77862548828125,272.4120055147308,270.95524249897534,272.2672321483224,35453100,257.83974182128907,1
2019-10-25,272.8915405273437,273.4344337189904,271.15428783661343,271.2085743945086,45205400,258.04912406921386,1
2019-10-28,274.4298095703125,274.9274733563282,274.07694681042267,274.10409009964496,42147000,258.26575119018554,1
2019-10-29,274.3483581542969,275.2712851407752,274.0316680631073,274.1583551446644,44284900,258.4890210723877,1
2019-10-30,275.1898193359375,275.56076834015374,273.2444494353092,274.5473822708717,49643900,258.70333549499514,1
2019-10-31,274.4569091796875,275.1807761315872,273.00923050128966,275.1807761315872,69053800,258.911174697876,1
2019-11-01,276.9994812011719,277.04471080872463,275.7327208372592,275.89560817239567,71141500,259.1228924560547,1
2019-11-04,278.11236572265625,278.6824023272669,277.7413890813588,278.5466859006218,60606900,259.32455795288087,1
2019-11-05,277.8046875,278.6099841884755,277.51514076171463,278.311380485651,42933200,259.54074783325194,1
2019-11-06,277.8681030273437,278.13953590688425,276.92708969043014,277.80475948454966,46487100,259.7548006439209,1
2019-11-07,278.8452453613281,280.1753214883,278.37475257286513,279.19813566220006,54272300,259.9731147003174,1
2019-11-08,279.532958984375,279.5872455609045,277.8047626643089,278.50145880490663,49032100,260.18491706848147,1
2019-11-11,278.99908447265625,279.171001145757,278.0218710031677,278.1576150386581,35797300,260.40306274414064,1
2019-11-12,279.587158203125,280.48291404868405,278.81806179232484,279.3609550006953,46484600,260.6257108306885,1
2019-11-13,279.67779541015625,280.07591546954694,278.37486205446146,278.6010653785375,53917700,260.8302063751221,1
2019-11-14,280.0848388671875,280.166296332224,278.7638196858961,279.39719979877964,51219900,261.02625152587893,1
2019-11-15,282.1116638183594,282.156893425013,280.7273009797878,281.41494010951646,62023600,261.23185096740724,1
2019-11-18,282.3197326660156,282.5549928740358,281.4239766627088,281.8763831472396,49228000,261.4300136566162,1
2019-11-19,282.2382507324219,282.9259172980814,281.5958413744846,282.9168603339979,67804700,261.62268180847167,1
2019-11-20,281.1887512207031,282.165964811224,279.64152858386626,281.6502147280437,79406200,261.8117093658447,1
2019-11-21,280.7363586425781,281.4059391324079,279.9401462864297,281.29736597532883,54664700,262.01007530212405,1
2019-11-22,281.36065673828125,281.6140032863701,280.3563275124406,281.4782868521623,44850200,262.21009033203126,1
2019-11-25,283.5411682128906,283.5411682128906,282.2834928438309,282.2834928438309,48647200,262.4203387451172,1
2019-11-26,284.18365478515625,284.3646284301698,283.2607554660706,283.5774455384936,37569000,262.61827239990237,1
2019-11-27,285.450439453125,285.450439453125,284.44608257911733,284.66322888151734,44444600,262.8185690307617,1
2019-11-29,284.39178466796875,285.13373798853377,284.1655814077503,284.8894207953681,36592700,263.0162940216064,1
2019-12-02,281.9758605957031,284.70838517885187,281.5505974957822,284.6450416588715,75767800,263.18859886169435,1
2019-12-03,280.0848388671875,280.166296332224,277.89520698160726,279.2705127311229,73941700,263.3493065643311,1
2019-12-04,281.8129577636719,282.410137463334,280.7814856371228,281.12531888353664,49080000,263.51615585327147,1
2019-12-05,282.3197326660156,282.52784958947194,281.01679978155096,282.5097632706629,40709000,263.68995658874513,1
2019-12-06,284.89849853515625,285.29661851118567,284.2108317378864,284.2198887050204,48927000,263.8689772033691,1
2019-12-09,284.0027160644531,285.1789619492192,283.9303155595032,284.5094091482941,34838500,264.0418231201172,1
2019-12-10,283.6859741210937,284.6088732952171,283.03450775915456,283.94837758133656,52649800,264.21397750854493,1
2019-12-11,284.49127197265625,284.7446184692884,283.60454542809504,284.1383817026879,53429100,264.3906936645508,1
2019-12-12,286.9433898925781,287.7215159236564,284.2651507821318,284.5003834172899,96389600,264.58199089050294,1
2019-12-13,287.115234375,288.3367373053921,285.9389610442639,286.70805752730325,81503900,264.76638374328616,1
2019-12-16,289.0876770019531,289.6757997737845,287.0518482906718,288.83433053350143,82749700,264.96518981933593,1
2019-12-17,289.15106201171875,289.7663281501422,289.06963216510667,289.46775204589784,61097700,265.16600883483886,1
2019-12-18,289.1691589355469,289.766338778638,289.11487236914763,289.54013554774133,48133000,265.3744584655762,1
2019-12-19,290.3544921875,290.42689269211144,289.10584580362206,289.35919234435806,85310500,265.59918617248536,1
2019-12-20,291.6274108886719,292.7548861145354,290.40900397558755,291.38189255833026,147142100,265.83273246765134,1
2019-12-23,292.07293701171875,292.46391273935615,291.92745186338635,292.4093592772884,52990000,266.0507482910156,1
2019-12-24,292.0820007324219,292.3456665155003,291.7819289814,292.30021455247334,20270000,266.2641245269775,1
2019-12-26,293.6369323730469,293.6460338682152,292.454903436514,292.46397718322146,30911200,266.47702072143557,1
2019-12-27,293.56414794921875,294.418855959817,293.0367885004356,294.3643024909242,42528800,266.69035675048826,1
2019-12-30,291.9456787109375,293.7824047534291,291.4637712118447,293.6460210741499,49729100,266.88940231323244,1
2019-12-31,292.6549072265625,292.900425602452,291.10007775592334,291.4456015823898,57077300,267.0874230194092,1
2020-01-02,295.3918151855469,295.4100181767864,293.2641463451921,294.1825094519957,59151200,267.29881423950195,1
2020-01-03,293.155029296875,294.27343102956564,291.96389884711743,292.01845232203294,77709700,267.50283111572264,1
2020-01-06,294.2733764648437,294.35520666204394,291.29097239733835,291.4091808205573,55653900,267.6981884002686,1
2020-01-07,293.4460144042969,294.1825141011181,293.0004573388211,293.7096802968142,40496400,267.91396713256836,1
2020-01-08,295.0098571777344,296.2191625683041,293.39137307879764,293.6368636547452,68296000,268.1385066986084,1
2020-01-09,297.0102233886719,297.08297983800134,295.9827535924202,296.56469419323554,48473300,268.36372611999514,1
2020-01-10,296.155517578125,297.7467249999372,295.69181314128934,297.5921661038104,53029300,268.5912600708008,1
2020-01-13,298.1923217773437,298.20139552344506,296.34652203143133,296.773876048882,47086800,268.824227142334,1
2020-01-14,297.7377014160156,298.80152187526085,297.183037449198,297.7558766573116,62832800,269.04698944091797,1
2020-01-15,298.4104919433594,299.1651666729176,297.5648855268959,297.6467157205741,72056600,269.2581028747559,1
2020-01-16,300.8927917480469,300.8927917480469,299.5561763932098,299.78349174098173,54050300,269.481000213623,1
2020-01-17,301.82940673828125,302.03851915247486,300.8292134036729,301.60209133261856,95846000,269.70656387329103,1
2020-01-21,301.2383728027344,302.0385274925153,300.80194497082726,300.874673693324,77742400,269.9257664489746,1
2020-01-22,301.2748107910156,302.7387367634516,301.12025181938213,302.0931408866069,48914900,270.1389221191406,1
2020-01-23,301.6202087402344,302.02938749135257,299.51981701453644,300.62911709140155,51963000,270.3528184509277,1
2020-01-24,298.9379272460937,302.3567597530786,297.6558650559744,302.27492953861935,87578400,270.5599363708496,1
2020-01-27,294.14605712890625,295.6190561282533,293.3822808977061,293.71870316935264,84062500,270.7387028503418,1
2020-01-28,297.22857666015625,298.10146014087576,294.237097834905,295.5646121751505,63834000,270.9332405090332,1
2020-01-29,296.98291015625,298.81053417976887,296.7828715678626,298.5832188633492,53888900,271.1178108215332,1
2020-01-30,297.94677734375,298.1559174611264,294.18244947017035,294.9280227504924,75491800,271.30805252075197,1
2020-01-31,292.5367431640625,297.4831284643793,291.6274815683934,297.3285417837924,113845600,271.470391998291,1
2020-02-03,294.7098693847656,296.5647708437156,293.8915394832608,294.00974793263214,69083000,271.6467790222168,1
2020-02-04,299.2015075683594,300.0653168635061,297.9831008115139,298.3013478017496,62573200,271.8430700683594,1
2020-02-05,302.6567687988281,302.8659089327399,300.66551164748887,302.1203078450114,65951100,272.0555169677734,1
2020-02-06,303.6752014160156,303.8661385838664,302.6022516312046,303.6115464439113,50359700,272.26135940551757,1
2020-02-07,302.0566101074219,303.6841678293923,301.5110477864947,302.6203476646141,64139400,272.4620219421387,1
2020-02-10,304.3115539550781,304.3752089033495,301.13824101509744,301.17461923531704,42070000,272.6747657775879,1
2020-02-11,304.8390197753906,306.4393011485693,304.31163256555146,305.6573495767884,54864500,272.88405181884764,1
2020-02-12,306.802978515625,307.0120908681975,305.9027909055129,306.2664898977061,43992700,273.10109634399413,1
2020-02-13,306.4757080078125,307.4395230692545,305.11181562858764,305.384583005048,54501900,273.3158325195312,1
2020-02-14,306.9667358398437,307.084944293039,305.6937750909398,306.8849056218924,64582200,273.5429281616211,1
2020-02-18,306.1756591796875,307.0303672773859,304.79356383100367,305.97562052387593,57226200,273.76889114379884,1
2020-02-19,307.6396484375,308.312493321387,306.8576965722766,307.139565523552,48814700,273.98940185546877,1
2020-02-20,306.37567138671875,307.91232553087383,303.4023685434506,307.0939679878166,74163400,274.2090155029297,1
2020-02-21,303.22052001953125,305.3390870004765,302.40216251122024,305.0299414355744,113788200,274.4347677612305,1
2020-02-24,293.1641540527344,303.29331442700584,292.0912042145217,293.81882355212537,161088400,274.61203079223634,1
2020-02-25,284.28057861328125,295.1553374728168,283.4076954159645,294.5461478579809,218913200,274.74877502441404,1
2020-02-26,283.2348937988281,289.2450976481431,282.50749586116564,285.67170741329534,194773800,274.87383728027345,1
2020-02-27,270.5144348144531,283.28954954070747,270.5144348144531,277.74304808095087,284353500,274.9677431488037,0
2020-02-28,269.3778076171875,270.85990822902744,259.63052370677684,262.50379323523845,384975800,275.0445825958252,0
2020-03-02,281.0436706542969,281.1073256272958,267.74116872064934,271.1508997939303,238703600,275.1723127746582,1
2020-03-03,272.9966125488281,285.36257217334344,270.5689003394488,281.4163813351624,300139100,275.2479763793945,0
2020-03-04,284.4715270996094,284.6897687189938,275.8062664944297,278.3431137377837,176613400,275.3893496704102,1
2020-03-05,275.01519775390625,280.47986769668034,272.7875239528955,277.3065542615763,186366800,275.4919116210938,0
2020-03-06,270.4689636230469,271.669195665043,263.895019628656,266.550048117172,228667200,275.56026992797854,0
2020-03-09,249.3467712402344,258.40300728811127,248.6375484367583,250.31965987878343,309417300,275.5269609069824,0
2020-03-10,262.2491760253906,262.34007996344667,248.6829842025355,258.8121691635351,276444100,275.5738040924072,0
2020-03-11,249.4649810791016,256.35719904402856,246.30076870068223,255.22972362169156,255316300,275.5538580322266,0
2020-03-12,225.59686279296875,242.46366575529143,225.2058731481479,232.7709352018375,392220700,275.42635787963866,0
2020-03-13,244.88229370117188,246.84630170947224,225.96965328165044,239.21758503257703,329566100,275.40371002197264,0
2020-03-16,218.08639526367188,233.58929408558544,215.82232893733405,219.29570095436807,297240000,275.2436769104004,0
2020-03-17,229.8612823486328,232.92550266983105,215.55860455740523,222.80540507714687,262070500,275.1593684387207,0
2020-03-18,218.2227783203125,225.8332932744796,207.32982852060812,214.8130474090576,327597100,275.0200047302246,0
2020-03-19,218.68649291992188,224.93312927499892,211.14872068807995,217.54082834842117,289322000,274.8562500762939,0
2020-03-20,209.2623443603516,223.59425218036205,208.98795912832037,221.81991016314785,347158800,274.6344844055176,0
2020-03-23,203.91189575195312,210.0672050409845,199.62238105359475,208.7044477523453,326025200,274.3777207183838,0
2020-03-24,222.386962890625,223.2558517852743,213.8353851846469,214.40243776362843,235494500,274.20056037902833,0
2020-03-25,225.71612548828125,234.45979059408683,219.2772906439241,223.9600796216384,299430300,274.0341300201416,0
2020-03-26,238.89566040039065,240.3590111138817,227.78316298320365,228.21302993098877,257632800,273.93391090393067,0
2020-03-27,231.77999877929688,238.53895253940948,229.6123819008434,231.64281313729845,224341200,273.80039894104004,0
2020-03-30,239.3072204589844,240.0206137102328,231.8806066353149,233.8653046759227,171369500,273.6991905975342,0
2020-03-31,235.7402801513672,240.84378198565145,234.34093062328688,238.3103271414256,194881100,273.58158142089843,0
2020-04-01,225.1307678222656,235.65791549819303,223.0728996924248,226.80450224256688,189554600,273.4104316711426,0
2020-04-02,230.32579040527344,231.1031990211072,223.70402184860143,224.25279236456612,177660400,273.2516785430908,0
2020-04-03,226.99659729003903,231.68854153043867,224.2802099883143,229.34713296100213,135561200,273.0733215332031,0
2020-04-06,242.2430877685547,244.20036249851935,226.97829031503124,235.82254896003676,188061200,272.95864891052247,0
2020-04-07,242.49005126953125,251.54466592390668,242.27055425611888,250.79468057924876,201427200,272.84713859558104,0
2020-04-08,250.63003540039065,252.43181432197977,242.59977807574325,245.07835800256365,153774500,272.7779488372803,0
2020-04-09,254.4439697265625,257.1877938663387,251.94707971118208,253.8768892919125,189999200,272.7407985687256,0
2020-04-13,252.1208648681641,253.81289538631447,248.233780556132,253.47449486500904,114839100,272.69333847045897,0
2020-04-14,259.556640625,260.57184221885353,251.9836866702338,256.98659409583337,134143400,272.67841903686525,0
2020-04-15,254.0416259765625,259.69389891968154,251.938010010102,253.8678481559357,121775000,272.6291693115234,0
2020-04-16,255.26715087890625,256.1177297950417,252.21236288007296,255.31287012366016,131798300,272.57406829833985,0
2020-04-17,262.1632995605469,262.76691639123914,258.2853419351938,261.0108843332455,146684800,272.5499809265137,0
2020-04-20,257.5445861816406,262.3005612141923,257.3250890886914,258.4774767383091,100109300,272.4921273803711,0
2020-04-21,249.724609375,254.2976499836973,248.79169122738583,253.09951557714865,126385700,272.39670501708986,0
2020-04-22,255.26715087890625,257.0049008539564,253.26415671405385,254.581194737837,92951600,272.33638061523436,0
2020-04-23,255.24888610839844,259.69389720469235,254.94707763393183,256.53848723165555,104709700,272.27429878234864,0
2020-04-24,258.8066711425781,259.47434514496024,254.71837156685336,256.7579578038864,85063200,272.2236112213135,0
2020-04-27,262.53826904296875,263.6540921481232,260.31577784625483,260.77308193998005,77896600,272.18842918395995,0
2020-04-28,261.3310241699219,266.5168372940742,261.02918781823894,266.1692816947441,105270000,272.14117652893066,0
2020-04-29,268.1723022460937,269.69971044755005,265.61141007125656,266.63576694119143,118745600,272.1276798248291,0
2020-04-30,265.6753845214844,268.2728683089117,263.94676172651174,266.8003346785692,122901700,272.10606697082517,0
2020-05-01,258.6419982910156,265.83995862251214,257.4804282938248,260.94680035075305,125180000,272.05847373962405,0
2020-05-04,259.3554992675781,259.65730774517107,255.294635917444,256.76714197902675,80873200,272.0095398712158,0
2020-05-05,261.7516174316406,264.5503151620506,259.4833799621905,262.16320212030746,79569900,271.98006172180175,0
2020-05-06,259.97735595703125,263.827848295089,259.54748902772616,263.4437285183799,73632600,271.9384246063232,0
2020-05-07,263.11444091796875,265.0351234329796,262.6114176478668,263.1784701811811,75250400,271.9028813934326,0
2020-05-08,267.46807861328125,267.93453782182627,265.1083733470764,266.23335170995387,76452400,271.8827565765381,0
2020-05-11,267.5228271484375,268.89473908253206,265.1265587694115,265.547270613947,79514200,271.8693901824951,0
2020-05-12,262.1907653808594,269.1143287808688,262.05355181087856,268.7027718058145,95870800,271.82031135559083,0
2020-05-13,257.5536804199219,262.6663370220257,255.1391013207381,261.6328252672218,144721100,271.75052421569825,0
2020-05-14,260.6358947753906,260.7639254068416,249.67887870539943,255.1299635672098,121977900,271.69948066711424,0
2020-05-15,261.8341064453125,261.8798257032452,257.31593846082666,258.257984049645,111146300,271.669243850708,0
2020-05-18,269.8094177246094,271.4099820670436,267.705830039204,268.0259205783891,119703800,271.6905472564697,0
2020-05-19,267.0381774902344,270.9161076201453,267.01989537303587,269.21494963691697,95189300,271.7079915618896,0
2020-05-20,271.5746459960937,272.43438006323834,270.33079205906915,270.5594441426367,85861700,271.7877471160889,0
2020-05-21,269.6997375488281,272.2515028766382,268.611351287246,271.44664299463113,78293900,271.8402056121826,0
2020-05-22,270.2118530273437,270.3856308209663,268.18142167542106,269.4161483468762,63958200,271.894458694458,0
2020-05-26,273.5409545898437,276.38540004868,270.230078020285,276.14759303154426,88951400,271.93991340637206,1
2020-05-27,277.6110534667969,277.6476456136954,271.5197588989895,276.3214524270168,104817400,272.0147255706787,1
2020-05-28,277.09881591796875,280.6383447830718,276.4311419598092,278.6353508202171,90405200,272.1029633331299,1
2020-05-29,278.3334655761719,278.9188000818525,273.89761195377463,276.63228047356694,119090800,272.1771994781494,1
2020-06-01,279.45849609375,280.06214079412035,277.18113083769884,277.6933091449905,55758300,272.2960138702393,1
2020-06-02,281.7724914550781,281.8182386135936,279.04697679082,280.3731419784623,74267200,272.42302085876463,1
2020-06-03,285.5224304199219,286.47363092722657,283.4737166303105,283.7480879729792,92567600,272.5498638153076,1
2020-06-04,284.7723999023437,286.27237076977303,282.6870942924348,284.54374784901324,75794400,272.65728507995607,1
2020-06-05,292.0709228515625,293.83610963798606,290.0770840592824,290.14111331971145,150524700,272.8112865447998,1
2020-06-08,295.6013488769531,295.79340876256344,292.3361912634575,292.87580669268345,73641200,272.9723123931885,1
2020-06-09,293.3971862792969,295.6745518741366,292.089275278113,292.9490092600261,77479200,273.1227225494385,1
2020-06-10,291.760009765625,294.86054489707874,291.04661650084495,293.9733738449627,95000800,273.29876670837405,1
2020-06-11,274.9404296875,285.4950188979271,274.391686952934,284.8639368415416,209243600,273.3765277862549,1
2020-06-12,278.2330017089844,282.6871399615844,273.10206220090726,281.91887228767274,194678900,273.47584007263185,1
2020-06-15,280.8304748535156,281.95545314075946,271.4008652615078,272.57156280032103,135782700,273.57904319763185,1
2020-06-16,286.2357788085937,288.68695003469736,281.39752145340583,288.54060937107715,137627500,273.6926557159424,1
2020-06-17,285.0467834472656,287.5436737805925,284.3150801698456,287.25099246962446,83398900,273.8009087371826,1
2020-06-18,285.1564636230469,285.63204970567585,283.08031363864694,283.53761761058155,80828700,273.9174111175537,1
2020-06-19,283.5269470214844,288.79989229703216,281.5886165097205,288.6069871864401,135549600,274.0109047698975,1
2020-06-22,285.34576416015625,285.740769602764,281.7906591077808,282.92975500160884,74649400,274.096470413208,1
2020-06-23,286.659423828125,288.91008594994315,286.25522305494576,287.9822576249924,68471200,274.18756813049316,1
2020-06-24,279.34716796875,285.24480548052856,277.5190968616675,284.62930889796206,132813500,274.2414290618897,1
2020-06-25,282.341796875,282.60820823682303,276.76568904701736,278.7774971231136,89468000,274.3105785369873,1
2020-06-26,275.6357727050781,281.4599295868436,275.0570575642344,281.2486339410296,127961000,274.3366512298584,1
2020-06-29,279.68707275390625,279.8248621351585,274.60703197901705,276.8852525420823,79773300,274.3782964324951,1
2020-06-30,283.2696533203125,284.95996268018115,279.09907976025323,279.25523166814565,113394800,274.43875526428224,1
2020-07-01,285.25390625,286.5124569965103,283.9219052338294,284.3812217292925,72396500,274.51332359313966,1
2020-07-02,286.8248596191406,290.0125180055409,286.1634425811006,288.6712933230541,69344200,274.59232429504397,1
2020-07-06,291.2525329589844,291.8312761381688,289.8837789878307,290.62786935122494,61713800,274.69265281677247,1
2020-07-07,288.2486572265625,291.6843356231875,287.87201433816693,289.71847561105767,82910000,274.77805183410646,1
2020-07-08,290.453369140625,290.5636006128082,287.25654430949635,289.0111086325023,54638600,274.88088081359865,1
2020-07-09,288.79986572265625,291.29854876580123,285.40091218882344,291.0596951993123,83354200,274.9757587432861,1
2020-07-10,291.7485656738281,292.0149770154628,287.31158191825944,288.7354514375294,57550400,275.0959662628174,1
2020-07-13,289.2223815917969,296.4520180972743,288.57016007630955,294.0819575281441,102997500,275.1956261444092,1
2020-07-14,292.970458984375,293.742107367341,286.61350606595687,287.80771779411623,93657000,275.31683097839357,1
2020-07-15,295.6620788574219,296.7552545262097,293.2919896798392,296.1765111680916,87196500,275.4587328338623,1
2020-07-16,294.688232421875,295.13835353607965,293.1265454022012,293.76959959487846,54622500,275.5895670318603,1
2020-07-17,295.54266357421875,296.32350737296974,293.723759811365,295.6896482450568,62774900,275.7406433868408,1
2020-07-20,297.9310913085937,298.6751818708139,294.5321376523244,295.27622821454463,56308800,275.927096786499,1
2020-07-21,298.5648498535156,300.3286090980555,297.5819060471759,299.8876833041444,57292200,276.10604179382324,1
2020-07-22,300.2643127441406,300.57667257601804,298.09635272630305,298.20658418016615,57792900,276.27570472717287,1
2020-07-23,296.6816711425781,300.604251536004,295.32211240358737,299.9060815666081,75738000,276.433200302124,1
2020-07-24,294.7709045410156,295.79057351735725,293.27352855497253,294.8352155668522,73766600,276.6017264556885,1
2020-07-27,296.9205627441406,297.09510525887373,294.6699006548691,295.45993962173293,48293000,276.7686054229736,1
2020-07-28,295.0373840332031,297.3064087498554,294.7434147338862,296.1948425932736,57495000,276.917155380249,1
2020-07-29,298.6659851074219,299.2263658690615,295.8733326700447,295.9100858432154,48454200,277.0700952911377,1
2020-07-30,297.600341796875,298.0137378647775,293.631868503502,295.70796004076783,61861700,277.2192003631592,1
2020-07-31,299.9520263671875,300.05309057149844,295.1843190245131,299.38247841301813,84986800,277.3668076324463,1
2020-08-03,302.0373840332031,302.7998371691096,301.06363519242745,301.605625355919,53077900,277.5270136260986,1
2020-08-04,303.2040405273437,303.2040405273437,301.18303648166886,301.18303648166886,41917900,277.6890715789795,1
2020-08-05,305.0872497558594,305.344493957488,304.232927632883,304.49933910281294,42697700,277.8664723968506,1
2020-08-06,307.12652587890625,307.24595264171285,304.1869174123309,304.5084445350137,43679400,278.0449309539795,1
2020-08-07,307.3470764160156,307.631850428163,305.2617613816024,306.16203189273534,57308300,278.22892555236814,1
2020-08-10,308.26568603515625,308.4493958165676,305.8680393000417,307.7971742288162,44282100,278.41357749938965,1
2020-08-11,305.7209777832031,310.07531622116386,304.9952780722494,309.4414573605958,69601100,278.58328926086426,1
2020-08-12,309.9835205078125,310.755168860554,308.11869664674026,308.1462545152505,53774400,278.7687491607666,1
2020-08-13,309.4231872558594,310.7276586457943,308.5045541186952,309.2210868443049,41816100,278.94371604919434,1
2020-08-14,309.4323425292969,309.9651653792216,308.3116091255592,309.0373370596852,47260400,279.11913597106934,1
2020-08-17,310.41522216796875,310.81022755560656,309.4414736133761,310.4427800314214,35481000,279.2952629852295,1
2020-08-18,311.0859069824219,311.5084703323429,309.22105499298743,310.8103002489864,38733900,279.47840797424317,1
2020-08-19,309.7906188964844,311.97694190316844,309.23023818456306,311.4625096622481,68054200,279.64236366271973,1
2020-08-20,310.7550964355469,311.23277538988094,307.9440823648222,308.072676376415,42207800,279.8055773162842,1
2020-08-21,311.8576354980469,312.0780985138732,310.0846519642338,310.42456982624986,55106600,279.9758420562744,1
2020-08-24,315.0176086425781,315.0910869399419,311.8299513355394,314.28268549668286,48588700,280.16158958435057,1
2020-08-25,316.1200256347656,316.2026992516571,314.42054875121903,315.578035456616,38463400,280.3479634857178,1
2020-08-26,319.2892761230469,319.55565950622474,316.1659295535639,316.7079196553296,50790200,280.5467450714111,1
2020-08-27,319.98736572265625,321.4296260137834,318.3338378197821,320.1527409405033,58034100,280.7516864776611,1
2020-08-28,322.0544128417969,322.1830349455076,319.82214090847793,321.0071855784768,48588900,280.9640227508545,1
2020-08-31,320.8876342773437,322.71570465324675,320.65797606793086,321.8430202781473,66099200,281.17007194519044,1
2020-09-01,323.9100036621094,324.0110398362748,320.8233821827026,321.71445732028485,54908700,281.38919776916504,1
2020-09-02,328.5950927734375,329.5596463783221,324.672511235466,325.81163541808746,69540000,281.62161491394045,1
2020-09-03,317.2866516113281,327.38241887389745,314.71446250184243,326.91390709312424,148011100,281.79644950866697,1
2020-09-04,314.6961364746094,319.52812734335566,307.6226506452831,317.96646795020814,139156300,281.9587389373779,1
2020-09-08,306.0977478027344,314.7604798192922,305.7946111946916,309.3129638670282,114465300,282.08328392028807,1
2020-09-09,312.14239501953125,314.59513005964124,309.221120023708,310.0846375080544,91462300,282.2403141021729,1
2020-09-10,306.722412109375,314.6593873315728,305.76702585786137,314.0071656953316,90569500,282.36712287902833,1
2020-09-11,306.8785400390625,309.5517654532482,304.0675252807341,308.49534310221514,84680200,282.48380973815915,1
2020-09-14,310.9205322265625,312.6843200062255,307.02553709097856,310.0294570524929,65605700,282.6174941253662,1
2020-09-15,312.4913635253906,314.1908119497624,310.929676393618,313.36404795300973,52920900,282.7526987457275,1
2020-09-16,311.25128173828125,315.1462772122179,310.9756749804628,313.7224070840924,82096000,282.8869962310791,1
2020-09-17,308.513671875,310.2223436585627,305.89556248526213,306.4191899701,91523300,283.01968528747557,1
2020-09-18,304.9618530273437,309.42583088639304,302.49006851927624,309.3151581691173,105877900,283.1440703582764,1
2020-09-21,301.5678100585937,301.71538308915785,296.73491293099994,300.3964860710057,99450800,283.242844619751,1
2020-09-22,304.6390380859375,305.19242981762375,300.54397867680115,303.043459504694,63612100,283.3544411468506,1
2020-09-23,297.5741577148437,305.4691302783531,297.07610235711314,305.19242034775965,93112200,283.417819442749,1
2020-09-24,298.3673095703125,301.41092156228456,294.954751030624,296.26444372300983,76681300,283.4896424102783,1
2020-09-25,303.1910400390625,303.97498118619103,296.65186414481286,297.5188098317548,71069400,283.58716773986816,1
2020-09-28,308.2269897460937,308.9371587939044,306.3454681916965,307.33234731477273,64584600,283.70584632873533,1
2020-09-29,306.5482482910156,308.7617872255907,305.8565156147937,308.02395029629054,51304000,283.8038706207275,1
2020-09-30,308.87261962890625,312.0084701338306,307.01876626024125,307.21244361099104,104081100,283.912657546997,1
2020-10-01,310.8554382324219,312.4233486871583,308.9831496490162,311.454934234135,88698700,284.02149635314936,1
2020-10-02,307.904052734375,310.82778863279594,305.45993618333404,305.9303234212104,89431100,284.11526130676265,1
2020-10-05,313.3641052246094,313.5485503664023,309.90544216593185,309.9515464147121,45713100,284.23623603820795,1
2020-10-06,308.90936279296875,315.58690808900525,308.4021034182183,313.5024779338328,90128900,284.32901039123533,1
2020-10-07,314.28643798828125,315.08884337216455,311.82385732877054,311.851525509364,56999600,284.4423055267334,1
2020-10-08,317.07183837890625,317.13640685603946,315.30099019284074,316.2140965427438,45242500,284.5673000335693,1
2020-10-09,319.9032897949219,320.3644448823741,318.0955697331776,318.71350178822684,59528600,284.7064064788818,1
2020-10-12,325.0498352050781,326.516305307932,321.9416537782736,322.4304771458916,80388500,284.863470993042,1
2020-10-13,322.92852783203125,325.08673067665825,321.9693171855265,324.9114894581619,73255500,285.010292892456,1
2020-10-14,320.89947509765625,324.5887169779524,320.1708700919087,323.5003973784687,57727900,285.1550618743896,1
2020-10-15,320.50274658203125,320.9823376815257,316.47225611409266,317.00718356558,60357700,285.29430107116696,1
2020-10-16,320.3090515136719,323.50023626979225,320.1338103598964,321.8492934694867,89501900,285.41888725280756,1
2020-10-19,315.4393005371094,322.19058938218416,314.54465857388607,321.5634252410943,68425600,285.5303086090087,1
2020-10-20,316.70294189453125,319.93102821542567,316.0204412221937,316.7767143401844,60051900,285.6424564361572,1
2020-10-21,316.1033935546875,318.81498786798693,315.7990154182925,316.6567571723614,63575000,285.7557433319091,1
2020-10-22,317.8373718261719,318.418431878702,314.18503054171345,316.3155653032041,55399300,285.8698809051513,1
2020-10-23,318.9164733886719,319.11015068212924,316.47235657754385,319.05481431257,49143900,285.97941215515135,1
2020-10-26,313.02294921875,316.33404027290226,309.5458208963196,315.5500707808946,91473000,286.06374931335444,1
2020-10-27,311.9437866210937,313.69617053832854,311.73164512212657,313.36415234517256,65994100,286.1325066375732,1
2020-10-28,301.2818298339844,311.9714008414616,300.79300659194,306.29919918276926,127094300,286.15022727966306,1
2020-10-29,304.3438415527344,307.4981257586488,299.83373247398697,301.5123433057497,90597700,286.1798940277099,1
2020-10-30,301.1711730957031,304.07644452408306,297.5372687463835,302.7759837968387,120287300,286.1812859344482,1
2020-11-02,304.5468444824219,306.5390097792582,301.81678597834804,304.5468444824219,86068300,286.1948731231689,1
2020-11-03,309.9239501953125,311.97148032731906,304.6298977179073,307.76574732319943,93294200,286.2383010101318,1
2020-11-04,316.8504638671875,320.90862324436983,313.20732720493976,314.37865106265446,126959700,286.31617927551264,1
2020-11-05,323.0299377441406,324.8284540169857,321.757145076795,322.10762748046125,82039700,286.4232279205322,1
2020-11-06,322.9560852050781,324.20120938155344,320.6410780104958,322.743943764246,74973000,286.5433187103271,1
2020-11-09,327.014404296875,336.0715000421153,326.5532490529831,335.6933493645221,172304200,286.707660446167,1
2020-11-10,326.5346984863281,327.5861174374779,323.2789447318522,326.02741100790297,85552000,286.8541910552978,1
2020-11-11,328.9604187011719,329.7812602109788,327.4754845197472,328.71137691264624,58649000,287.0140785980224,1
2020-11-12,325.76922607421875,329.0065443622718,323.9707378060497,327.9550970682561,67546200,287.15319084167476,1
2020-11-13,330.279296875,331.01713379560016,327.15265170494035,327.6691431786953,62892200,287.34190361022945,1
2020-11-16,334.402099609375,334.59577691874864,331.6536043931228,332.9356294021844,74541100,287.5403647613525,1
2020-11-17,332.6035461425781,333.80256645757106,330.5006797195766,332.0040500584204,66111000,287.7073749542236,1
2020-11-18,328.6006774902344,333.4151378683076,328.5637772011029,332.8709782269809,70591300,287.83709449768065,1
2020-11-19,329.98419189453125,330.3531104007208,326.6362008611728,327.9735621111223,59940900,287.9686394500732,1
2020-11-20,327.7244873046875,329.9288223028838,327.65071486954946,329.7259129229104,70417300,288.0969788360595,1
2020-11-23,329.68902587890625,330.94338250005325,327.3002456235461,329.5230167831691,63230600,288.2238661956787,1
2020-11-24,335.0014953613281,335.5456549747492,331.376823210232,332.2253327900278,62415900,288.3746785736084,1
2020-11-25,334.48504638671875,334.9462015223956,333.3967270217236,334.918533340122,45330900,288.51308891296384,1
2020-11-27,335.4164733886719,335.8868323255252,334.41113076964695,335.57325031873427,28514100,288.6577927398681,1
2020-11-30,333.9315490722656,334.9091953992304,331.2660878666102,334.64171762399155,83872700,288.79261680603025,1
2020-12-01,337.5839233398437,339.114961441133,336.5786087362268,337.1689006943155,74231400,288.949658126831,1
2020-12-02,338.294189453125,338.45096643579234,335.90540924809943,336.4772371080401,45927000,289.10293083190913,1
2020-12-03,338.2019958496094,339.5854614210643,337.1044442445208,338.1927637388624,62882000,289.2620624542236,1
2020-12-04,341.116455078125,341.116455078125,338.690774592366,338.7830112476437,50749900,289.45154212951655,1
2020-12-07,340.4154663085937,340.90428958580924,339.1519058456032,340.3508978397775,48944300,289.6877986907959,1
2020-12-08,341.4115905761719,341.9741863066491,339.105814998791,339.1519192516688,42458900,289.9734537506103,1
2020-12-09,338.3495483398437,342.22323481665705,337.51947467671783,342.0664578235537,74098300,290.2490270233154,1
2020-12-10,338.2388000488281,339.2809868400179,336.1174698872813,336.9844436508113,57735400,290.58764884948727,1
2020-12-11,337.84228515625,338.24810398025454,335.03848183162887,336.5510562374535,57698600,290.9299712371826,1
2020-12-14,336.32965087890625,341.0703108111561,336.1544096839779,340.0004557165168,69216200,291.20640113830564,1
2020-12-15,340.8767395019531,340.8767395019531,337.49187567761345,338.85687722449745,63865300,291.5458017730713,1
2020-12-16,341.4115905761719,342.32466869787885,340.2125703879291,341.08877636600363,58420500,291.83050209045405,1
2020-12-17,343.3208312988281,343.5237407227484,342.2232796167158,343.04414942379185,64119500,292.17203025817867,1
2020-12-18,341.9498596191406,343.77455666186626,339.9491744149352,343.6078399615116,136542300,292.5294347381591,1
2020-12-21,340.7272644042969,350.5454322565791,335.3272876322013,338.05044054116735,96386700,292.9863372039795,1
2020-12-22,340.15301513671875,341.1626152638314,339.0322705209926,341.0514707752179,47949000,293.3758563995361,1
2020-12-23,340.4586486816406,342.35743274971173,340.1344584521365,341.1162723357877,46201400,293.83082473754877,1
2020-12-24,341.783203125,341.8109892466204,340.3475397301883,340.9310482842166,26457900,294.41175643920894,1
2020-12-28,344.7193603515625,345.1083660073762,343.700488903822,344.3210549674562,39000400,294.9109417724609,1
2020-12-29,344.06170654296875,346.41436818810644,343.47816979581654,346.2383800178018,53680500,295.54081832885737,1
2020-12-30,344.5526733398437,345.5808164221914,344.16366761858706,344.8768636186617,49455300,296.1142752838134,1
2020-12-31,346.3032531738281,347.0257205730323,343.8487183090097,344.35813994007736,78520700,296.754677658081,1
2021-01-04,341.5887756347656,347.7575503953375,337.9115939735837,347.6278629547276,110210800,297.3691890716552,1
2021-01-05,343.9413452148437,345.0250605268472,340.9032733293273,340.949602377982,66426200,298.0425840759277,1
2021-01-06,345.9977111816406,349.1747429390611,341.8944656282738,342.4409450532145,107997700,298.75301315307615,1
2021-01-07,351.13824462890625,351.879226704414,348.18353125617296,348.35951944577056,68766800,299.39676956176754,1
2021-01-08,353.13897705078125,353.3519945857857,349.2858075597877,352.5183825734694,71677200,300.03388381958007,1
2021-01-11,350.758544921875,352.50912740198214,349.86008915448537,349.9805051233097,51034700,300.59319824218744,1
2021-01-12,350.83258056640625,351.8421806908139,348.60033453721564,350.9437533213772,52547700,301.188461151123,1
2021-01-13,351.7773742675781,352.768431491567,349.9804629493336,350.7585026541421,45303600,301.750811920166,1
2021-01-14,350.54541015625,353.0184878217367,350.2119767271878,352.5183094114912,49989100,302.32483757019037,1
2021-01-15,347.9889831542969,349.7302936319594,346.13649993977657,348.933739417708,107160000,302.9391286468506,1
2021-01-19,350.7214050292969,351.25864103080227,348.96155149790013,350.43427237101565,51233300,303.5411067199707,1
2021-01-20,355.57501220703125,356.4086242534965,352.61102685664434,353.0000326205539,61836100,304.18399879455563,1
2021-01-21,355.8991394042969,356.55679143284385,354.98216906964274,356.13069985378786,47840100,304.75227905273437,1
2021-01-22,354.63934326171875,355.7971451145808,353.67604420547644,354.0558066052128,52860500,305.3130255126953,1
2021-01-25,356.0380554199219,356.39000351678175,350.545420736657,355.3711602750166,70402000,305.84006561279296,1
2021-01-26,355.4823303222656,357.3903860722406,355.25076988400014,356.98283743956097,42665300,306.34525741577147,1
2021-01-27,346.7940979003906,352.2681887861643,344.57112386081644,352.1755589789636,123351100,306.8186235809326,1
2021-01-28,349.776611328125,353.7594388035097,348.1649600290907,348.6002664344002,94198100,307.2697234344482,1
2021-01-29,342.7743530273437,348.8875553332174,341.1071006166545,347.9242558248188,126765100,307.7133870697021,1
2021-02-01,348.4799194335937,349.508034136275,343.061399921302,346.1550437581806,75817600,308.17945091247555,1
2021-02-02,353.4075012207031,354.9543372615442,348.5632753314943,351.6476476844072,64450700,308.6356719207763,1
2021-02-03,353.6854553222656,355.3990083944463,352.41650851313454,354.2319346206023,52427100,309.11637626647945,1
2021-02-04,357.70526123046875,357.7515620058104,353.79652037881107,354.7134905571275,47142600,309.6562795257568,1
2021-02-05,359.1131591796875,359.8171119122872,357.6589812031138,359.56703683096254,48669800,310.1755095672607,1
2021-02-08,361.7067565917969,361.75305738309993,359.7060705675977,360.55819734087095,38365200,310.7077989196777,1
2021-02-09,361.4658508300781,362.0586591310165,360.4655221555642,360.8730425291398,35551100,311.2210948181152,1
2021-02-10,361.3084106445313,363.3461540337932,358.91871909408604,363.197951944878,59154400,311.714945526123,1
2021-02-11,361.8919372558594,362.7996644246822,359.4744596490832,362.3828442947827,42913300,312.2177500915527,1
2021-02-12,363.6795654296875,363.9203690574968,361.0212279279476,361.0953430954692,50593300,312.6952864074707,1
2021-02-16,363.3646545410156,365.0967504877482,362.6514585158837,364.9022193536292,50972400,313.18373275756835,1
2021-02-17,363.4480285644531,363.6981036710815,360.6137026893847,361.62333111241526,52290600,313.70776290893554,1
2021-02-18,361.9011535644531,362.6421356083935,359.14094315746735,360.854495934064,59712800,314.2204911804199,1
2021-02-19,361.2620544433594,363.4387281237623,360.8174482448131,363.1515954538638,83241000,314.7180433654785,1
2021-02-22,358.4833068847656,360.8822693810964,358.21468888994264,358.5110930037713,67414200,315.21057312011715,1
2021-02-23,358.9186096191406,360.26167120695595,352.15705744136244,356.2880869432202,107284100,315.689593963623,1
2021-02-24,362.8736877441406,363.2997792629968,356.8531169079845,357.8349308137793,72433900,316.1666220092773,1
2021-02-25,354.1300048828125,362.9756307811768,352.6943414403151,361.614054243243,146670500,316.59965789794916,1
2021-02-26,352.3052673339844,357.14024997245446,350.3323963247881,356.0009908112732,152701600,317.0502304077148,1
2021-03-01,360.8452453613281,362.0864341700933,352.49982648838284,357.1495498565867,105348800,317.5666882324218,1
2021-03-02,358.029541015625,361.2991736921879,357.5293624902229,361.0676132242538,79595300,318.053656463623,1
2021-03-03,353.28717041015625,358.29811382408514,353.18526911043256,357.33484267513,119940200,318.5109217834472,1
2021-03-04,348.9152526855469,355.6768056530186,344.4507609972597,353.1018549094259,183433000,318.9064509582519,1
2021-03-05,355.3341369628906,356.3807946921803,345.1547488924629,352.39793809635813,152039600,319.3479307556152,1
2021-03-08,353.56494140625,359.08533337643155,353.28708023548506,356.28809394634715,123149200,319.75788223266596,1
2021-03-09,358.61297607421875,361.1508690367039,356.8901519833952,357.3903303667505,113633600,320.2024484252929,1
2021-03-10,360.8452453613281,362.531012115533,359.53926937994413,360.94714665159455,109899400,320.65561538696284,1
2021-03-11,364.50390625,366.4675341915617,362.8459256414853,363.29980330973046,86245000,321.11043014526365,1
2021-03-12,364.9947509765625,365.1336815587949,362.3457136531662,363.1515392967637,64653600,321.5473486328125,1
2021-03-15,367.1715698242188,367.4309164360437,363.1146256154373,365.2449707649525,73427200,321.9977124023437,1
2021-03-16,366.7083740234375,368.48674235114737,365.9395775428918,367.7828178436457,73722500,322.43958694458,1
2021-03-17,367.9587707519531,368.7553250112462,364.2908334278087,365.4301208451546,97959300,322.8820883178711,1
2021-03-18,362.6051330566406,367.458630815987,361.928966398314,365.3838583264933,115349100,323.28625152587887,1
2021-03-19,361.9342041015625,363.8763863440196,359.7689764719853,362.30590860111545,113624500,323.66831039428706,1
2021-03-22,364.82427978515625,366.1996177896849,362.3895824149107,362.4453366784096,73778600,324.06856979370116,1
2021-03-23,361.9528198242188,365.6327429914725,361.1722317802097,364.1923772601294,90686600,324.4179792785644,1
2021-03-24,360.1127319335937,364.9728516634766,360.06627951513883,363.34661998833695,97588600,324.7405361938476,1
2021-03-25,362.1387023925781,362.9285639427832,356.7488870499017,358.6817961242546,116128600,325.084243774414,1
2021-03-26,367.9744873046875,368.3740689250356,362.6869079495488,363.28162946554033,114409100,325.46531616210933,1
2021-03-29,367.7886657714844,368.6900641641759,365.0287163307063,366.5062610108265,108107600,325.9295573425293,1
2021-03-30,366.8128051757813,367.4818844455236,365.2237241856257,366.52473213623387,76262200,326.37245635986324,1
2021-03-31,368.2997131347656,369.85161555750506,367.3518624197972,367.379739547907,112734200,326.8098025512695,1
2021-04-01,372.2771301269531,372.33291276029087,370.01899694843166,370.2234387398561,99682900,327.24000930786127,1
2021-04-05,377.620361328125,378.1593569746914,374.85113861446,374.92546817300206,91684800,327.70287719726565,1
2021-04-06,377.3973083496094,378.43809222549146,376.72822894950895,377.062782829176,62021000,328.1640814208984,1
2021-04-07,377.8341369628906,378.1779643738996,376.7747775981396,377.2301135360446,55836300,328.6356173706055,1
2021-04-08,379.6275939941406,379.6833482520154,378.1500494419872,379.079324885548,57863100,329.1070265197754,1
2021-04-09,382.3875427246094,382.5548338572635,379.3860011955182,379.50681154051,61104600,329.58566711425783,1
2021-04-12,382.5269470214844,382.796416474297,381.1887881496238,381.7928115000192,56704900,330.1015660095215,1
2021-04-13,383.6606140136719,384.2832409869861,382.04368395170513,382.4246902548924,56551000,330.6081600952148,1
2021-04-14,382.3504333496094,384.6828956772721,381.8114376537232,383.6328097766472,61659900,331.1417333984375,1
2021-04-15,386.4577331542969,386.72723094490885,384.4319197085877,384.4783721321406,60229800,331.67558670043945,1
2021-04-16,387.7494812011719,388.35350456848977,386.3276909048911,387.7401793717676,82037300,332.19798583984374,1
2021-04-19,385.8444519042969,387.2662422093501,384.5248966456128,386.82020814297175,78498500,332.70093856811525,1
2021-04-20,383.0195007324219,385.7329693496417,381.5512295404741,384.6364310503438,81851800,333.18191177368163,1
2021-04-21,386.6436462402344,386.84808797516496,382.2667384186611,382.40615242461456,66793000,333.6588673400879,1
2021-04-22,383.1123046875,387.30334522286734,382.0529456283418,386.47630498080514,97582800,334.13318557739257,1
2021-04-23,387.2662048339844,388.66941970392514,383.5955841738986,383.6699137247093,73209200,334.61724975585935,1
2021-04-26,388.07470703125,388.6415798025078,387.3312980150035,387.9167460859348,52182400,335.11362396240236,1
2021-04-27,387.9910583496094,388.56723292463965,386.8573412168641,388.37206467020457,51303100,335.59483642578124,1
2021-04-28,387.8795166015625,389.375664627856,387.41487893712383,388.2605228895101,51238900,336.0881221008301,1
2021-04-29,390.3513793945313,390.9647044942961,386.9874073533742,390.59300004695626,78544300,336.57502670288085,1
2021-04-30,387.7866516113281,388.93897250611576,386.8945550792647,388.0933284049745,85527000,337.03564956665036,1
2021-05-03,388.6229553222656,390.1469521204787,388.1304405305024,389.7659458311173,68128300,337.50532318115233,1
2021-05-04,386.2254638671875,387.1361640313671,382.5548427993879,386.6436491697438,101591200,337.9587371826172,1
2021-05-05,386.3463745117188,388.0934173753121,385.788803416642,387.8610984489672,60162200,338.4008135986328,1
2021-05-06,389.4314575195313,389.5615413316805,384.4226493874601,386.42058587094186,74321400,338.8551466369629,1
2021-05-07,392.2657775878906,392.9162817949607,389.5151299919211,390.1935113301949,67733800,339.31515396118164,1
2021-05-10,388.3814086914063,392.841919793107,388.2605983376987,392.6189027457934,81852400,339.7736526489258,1
2021-05-11,384.9151306152344,385.9001602068303,381.0586436263373,383.88364860033465,116888000,340.22437377929685,1
2021-05-12,376.7375183105469,383.4097084334532,375.4272366804108,382.1459075857726,134811000,340.6234585571289,1
2021-05-13,381.26312255859375,383.1867295062854,378.2336755796727,378.2801563667472,106394000,341.05458724975585,1
2021-05-14,387.1175231933594,387.9631671876168,383.9579925905823,383.9858697174596,82201600,341.49684494018555,1
2021-05-17,386.1325378417969,386.9410313324155,384.1252993987615,386.0117558509679,65129200,341.93950592041017,1
2021-05-18,382.80572509765625,386.6343353537289,382.6477357955868,386.3927146655882,59810200,342.3537744140625,1
2021-05-19,381.8020629882813,381.9786275764332,376.6631713523592,378.1407441393641,106467100,342.7525978088379,1
2021-05-20,385.9094543457031,387.1639817014691,382.55478404780166,382.6755660178314,78022200,343.1661248779297,1
2021-05-21,385.5934753417969,388.6229217383348,385.1381395432608,387.3869697719797,76578700,343.5686560058594,1
2021-05-24,389.5243835449219,390.5930445875986,387.582172994574,387.8237936745519,51376700,343.98064529418946,1
2021-05-25,388.66015625,390.9554677524658,388.084010006822,390.6023385429732,57451400,344.38721069335935,1
2021-05-26,389.4314575195313,389.9332458282668,388.2141089866511,389.2455910916205,43088600,344.79303955078126,1
2021-05-27,389.6358337402344,390.9646905627569,389.35703414524056,390.4536005107807,56707700,345.2126138305664,1
2021-05-28,390.3328247070313,391.4572399363522,390.10050587027376,391.1970439735532,58520200,345.6143603515625,1
2021-06-01,389.9890747070313,392.8233537338611,389.55231407294144,392.6839680760109,54216600,346.01718978881837,1
2021-06-02,390.6023254394531,391.438696006188,389.6358994197464,390.6395043968989,49097100,346.4230397033691,1
2021-06-03,389.1526794433594,390.2863966542775,386.83879259158886,388.2977618897576,58138800,346.8167269897461,1
2021-06-04,392.7118225097656,393.00919746881766,389.2177376389968,390.9926572043401,55938800,347.2248565673828,1
2021-06-07,392.3308715820313,392.87914078816186,391.4015959731507,392.7025761537353,51555000,347.6375578308105,1
2021-06-08,392.4144287109375,393.27864805740666,390.59305680285246,393.18571484226,47134300,348.0458544921875,1
2021-06-09,391.8290100097656,393.3251583157947,391.6059929640918,393.2508003944116,48436300,348.4457113647461,1
2021-06-10,393.6502990722656,394.5981780350405,391.7359942091365,393.0462757947363,51020100,348.83887481689453,1
2021-06-11,394.30078125,394.4122897431429,392.9161701947589,394.1985745843624,45570800,349.2297785949707,1
2021-06-14,395.1837158203125,395.285922514848,393.1764772985237,394.41240125927584,42358500,349.609250793457,1
2021-06-15,394.4588623046875,395.3695341167376,393.58534109284255,395.3323835165325,51508500,349.9816082763672,1
2021-06-16,392.2565002441406,394.8213099119385,390.2214128207567,394.5982928483874,80386100,350.3326187133789,1
2021-06-17,392.1263732910156,393.1021011959984,389.66379895429577,391.84760199223103,90949700,350.6888124084473,1
2021-06-18,386.8364562988281,389.549470042985,386.6313456995703,388.85956550548985,118676300,351.00344467163086,1
2021-06-21,392.3743591308594,392.5608336456239,387.7780497072785,388.5891597876732,72822000,351.322341003418,1
2021-06-22,394.4720764160156,395.3018510338802,391.6471610243023,392.3650623121216,57700300,351.7082681274414,1
2021-06-23,393.99652099609375,395.34836134844016,393.9126160185282,394.5465837059187,49445400,352.10477005004884,1
2021-06-24,396.3273315429688,396.7468564539628,395.8798098525635,396.1315532511716,45110300,352.55591796875,1
2021-06-25,397.735107421875,398.1826291109268,396.7468552540623,397.0731713740786,58129500,352.9838815307617,1
2021-06-28,398.5369567871094,398.7047667692016,397.0639106353862,398.2572734836223,53159600,353.4429542541504,1
2021-06-29,398.7513732910156,399.5531510094126,398.2199465974664,398.9191832620272,35970500,353.90231842041015,1
2021-06-30,399.0870056152344,399.75827397212026,398.2665633510391,398.2945316804088,64827900,354.3431507873535,1
2021-07-01,401.2966613769531,401.4551675733149,399.7769821523841,399.84225108335767,53441000,354.7871772766113,1
2021-07-02,404.3639526367188,404.7182371428583,401.3805311185064,402.45271689824966,57697700,355.2527406311035,1
2021-07-06,403.6273498535156,404.6342665447706,400.9050044776281,404.4198237331857,68710400,355.7283090209961,1
2021-07-07,405.0538024902344,405.3335142240967,402.30348871200215,404.307961437293,63549500,356.22876876831054,1
2021-07-08,401.7534790039063,402.50865241662655,398.5835829803211,399.75830982322657,97595200,356.7296971130371,1
2021-07-09,406.0421142578125,406.3404621035636,401.55767811817753,403.25449948236826,76238600,357.2367124938965,1
2021-07-12,407.4964904785156,407.7482339001441,405.52931821683023,405.9581754268444,52889600,357.78632415771483,1
2021-07-13,406.10736083984375,408.2050710020873,405.8463136021785,406.7133603074223,52911300,358.3250244140625,1
2021-07-14,406.7132873535156,408.2795989505662,405.47332031002753,407.7947767018561,64130400,358.84263565063475,1
2021-07-15,405.32421875,406.05142380082106,403.43161916568266,405.3801554114466,55126400,359.3281217956543,1
2021-07-16,402.1450500488281,406.5455812846176,401.7534933885176,406.4989768804911,75874700,359.80610580444335,1
2021-07-19,396.2061767578125,402.2102917266134,393.40922985130334,397.3436029712069,147987000,360.2427735900879,1
2021-07-20,401.8840026855469,403.1519668304495,396.0756656416528,396.8681396757148,99608200,360.6979164123535,1
2021-07-21,405.1377258300781,405.2775959293525,401.83734914667167,403.0773163550678,64724400,361.184084777832,1
2021-07-22,405.9861450195313,406.2285561812566,404.33595664289896,405.3148766464578,47878500,361.64719497680665,1
2021-07-23,410.1629028320313,410.4985227710104,407.2261145579136,407.90668669595885,63766600,362.1534626770019,1
2021-07-26,411.16986083984375,411.1791931015135,409.5290045509511,409.57560895526535,43719200,362.63787979125976,1
2021-07-27,409.2958679199219,410.1629145724487,406.4802566862783,410.1349462433999,67397100,363.0989999389648,1
2021-07-28,409.1280822753906,410.498587479619,407.71097266740617,409.9205563033624,52472400,363.54512390136716,1
2021-07-29,410.8248596191406,411.8970168587412,410.0417179366842,410.0510501972417,47435300,363.9739990234375,1
2021-07-30,408.8297119140625,410.27478967456426,408.1397790411661,408.2703168786377,68951200,364.4035049438477,1
2021-08-02,407.9720153808594,411.0859463407476,407.6177308698033,410.535883503272,58783300,364.8388676452637,1
2021-08-03,411.2909851074219,411.4121906770932,406.5828031219588,408.7644180200078,58053900,365.2928088378906,1
2021-08-04,409.2679443359375,411.2630850809124,409.0348654177105,410.0137854934574,46732200,365.73760330200196,1
2021-08-05,411.8597412109375,411.9436461991985,410.1069833618935,410.4239672459952,38969700,366.2197055053711,1
2021-08-06,412.5404357910156,412.9599893088288,411.8971355714472,412.17684740066335,46930000,366.6988929748535,1
2021-08-09,412.2046813964844,412.8293168859831,411.4401758119517,412.51233301113086,41222600,367.1793994140625,1
2021-08-10,412.7174072265625,413.4259760914882,411.971566228122,412.6521383148961,43339300,367.65379959106446,1
2021-08-11,413.7430419921875,413.8362792484861,412.66155241355983,413.7803425851101,44034300,368.127932434082,1
2021-08-12,414.9830627441406,415.1229328726098,412.698906156745,413.593921338042,38909400,368.63773300170897,1
2021-08-13,415.7381591796875,415.7567952478108,414.94568527825686,415.4304791175732,39470300,369.15670486450193,1
2021-08-16,416.7171020507813,416.8476114388509,412.89460242623954,414.4422497260106,73740000,369.73388122558595,1
2021-08-17,413.98541259765625,414.8431269867084,411.0113236608944,414.1718586399657,92673900,370.2820890808105,1
2021-08-18,409.4543762207031,414.5355078429093,409.2119935015114,412.9785282041807,89351900,370.82350509643555,1
2021-08-19,410.0882873535156,411.2816785225219,406.6014364441112,406.7412780804755,92812200,371.351212310791,1
2021-08-20,413.3513488769531,413.67766496271497,409.9484033014562,410.4332255267053,72008700,371.8683493041992,1
2021-08-23,416.9874572753906,417.89180448672965,413.4260050862399,415.02958895216034,54973000,372.36903427124025,1
2021-08-24,417.6494140625,418.18084077483024,417.1366518711725,417.6494140625,38744700,372.84213165283205,1
2021-08-25,418.5258483886719,419.0386106478728,417.4629948233235,417.8359438685796,40529700,373.31998046875,1
2021-08-26,416.05517578125,418.4791736205417,415.9619385292738,418.2460947166087,57829600,373.7651843261719,1
2021-08-27,419.7750854492188,420.1480059868665,416.8009965043559,416.8569331624024,77235100,374.2313862609863,1
2021-08-30,421.62109375,422.40423543923686,420.2039558296545,420.4463669901376,48357400,374.69468963623046,1
2021-08-31,420.9964294433594,421.8634761216063,420.3997622552805,421.5278561630646,59300200,375.1708256530762,1
2021-09-01,421.22021484375,422.4415461141893,420.987135922643,421.9287838685606,48721400,375.6255302429199,1
2021-09-02,422.51611328125,423.3178910483312,421.322750439352,422.6373188627889,42501000,376.0661003112793,1
2021-09-03,422.41351318359375,422.92630380282,420.9870715426401,421.387988849166,47170500,376.51515014648436,1
2021-09-07,420.9031982421875,422.161830008836,420.2319298634426,422.0685927572297,51671500,376.97666275024415,1
2021-09-08,420.3904113769531,421.0989803051799,418.47914741318687,420.3717753085308,56181900,377.42869384765623,1
2021-09-09,418.5910949707031,421.9381047734719,418.3486837946311,420.194679042839,57970400,377.88302688598634,1
2021-09-10,415.2906799316406,420.9311781588976,415.1694743464176,420.51165319314345,89948200,378.31103515625,1
2021-09-13,416.3535461425781,418.5351899883344,414.0507251516293,418.27414272204135,83738600,378.71779541015627,1
2021-09-14,414.1066589355469,417.9943993019372,413.2209476783512,417.789288718798,78197100,379.1159034729004,1
2021-09-15,417.5654602050781,418.0595862695876,413.4259772128812,414.5261026467687,78792200,379.5266484069824,1
2021-09-16,416.9035949707031,418.0130244003631,413.9667779592012,417.0434366255329,77786700,379.9415086364746,1
2021-09-17,412.8424682617188,416.5556198829702,412.48704878745247,416.1347509343631,118425000,380.317801361084,1
2021-09-20,405.958740234375,408.3156924628671,401.1138511721646,406.7443909772057,166445500,380.65612411499023,1
2021-09-21,405.5751647949219,409.5782577328852,405.05139775953694,408.2875359159857,92526100,380.9929899597168,1
2021-09-22,409.5314636230469,411.5610822337272,405.687384755819,407.838568692879,102350100,381.3350650024414,1
2021-09-23,414.5073547363281,416.1067425610066,411.15898434825647,411.3928099730516,76396000,381.7055244445801,1
2021-09-24,415.1901245117188,415.90096352552064,412.66479641554514,412.8799262600289,62094800,382.0744171142578,1
2021-09-27,414.0022888183594,415.3210401505722,413.31014559826434,414.1612742501681,61371100,382.4526808166504,1
2021-09-28,405.659423828125,411.57054280469146,404.9298889795922,411.2431812029925,130436300,382.7897839355469,1
2021-09-29,406.3421325683594,408.7645623202573,405.78094542874345,407.0342471994263,82329200,383.1322831726074,1
2021-09-30,401.375732421875,408.5120665894425,401.03900867618046,407.81058970767697,140506000,383.45751358032226,1
2021-10-01,406.1457214355469,407.819920791209,399.5892707562588,403.0966548978282,129240100,383.7838584899902,1
2021-10-04,400.9080505371094,405.8838378121313,398.7755335780304,404.9859554641585,128570000,384.0813407897949,1
2021-10-05,405.0795593261719,407.31491768424513,401.609594693182,402.40457906385245,90682500,384.39013442993166,1
2021-10-06,406.7630310058594,406.9687986871979,399.87921865411016,401.4972736297954,113032200,384.7142002868652,1
2021-10-07,410.2798156738281,413.10441906944726,409.8495844974605,410.0272942635366,72437500,385.06196304321287,1
2021-10-08,409.5314636230469,411.4301547502559,408.9048270474794,411.0466773706098,74557400,385.4088552856445,1
2021-10-11,406.5666198730469,411.7762613135145,406.5011418518959,408.8768180412666,65233300,385.73939514160156,1
2021-10-12,405.5657653808594,407.885325283883,404.7801148999546,407.483152158508,71181200,386.05830795288085,1
2021-10-13,407.0249328613281,407.83864146494665,403.62044662249696,406.58533954701886,72974000,386.36983581542967,1
2021-10-14,413.8713989257813,414.0210507663925,410.2050001887321,410.67265148695327,70236800,386.71888427734376,1
2021-10-15,417.0232849121094,417.388066556168,415.3584477483374,415.975750769938,66260200,387.08123733520506,1
2021-10-18,418.25787353515625,418.5945686911891,414.5914756470946,415.24619873026535,62213200,387.4410104370117,1
2021-10-19,421.4847106933594,421.5501601721971,419.2680199057373,419.8759893341036,46996800,387.8404901123047,1
2021-10-20,423.1401977539063,423.4395013974078,421.830779992545,421.9430117230665,49571600,388.236484375,1
2021-10-21,424.2438659667969,424.4683294374368,422.1113773662151,422.541608532664,41305400,388.6277151489258,1
2021-10-22,423.8042297363281,425.2539656192229,421.868146868561,423.8135918943795,58845100,388.9910450744629,1
2021-10-25,426.0769958496094,426.40435739743305,423.1214653908989,424.8891720800844,45214500,389.35573516845704,1
2021-10-26,426.4605407714844,428.826855070524,426.0864254618151,427.6203353375782,56075100,389.73424514770505,1
2021-10-27,424.5711975097656,427.58287254810574,424.4963573294037,426.9188157990134,72438000,390.1029382324219,1
2021-10-28,428.6678466796875,428.74265832035,425.98353308393456,425.992866699538,51437900,390.4873905944824,1
2021-10-29,429.5376281738281,429.8275696350324,426.0863600265504,426.3763014877547,70162400,390.8823516845703,1
2021-11-01,430.2764892578125,430.8937922170224,428.55553640630086,430.5196484527775,48433600,391.2937892150879,1
2021-11-02,432.0162658691406,432.3249317117716,430.3140082842668,430.44496434918176,48908400,391.7002635192871,1
2021-11-03,434.65374755859375,435.05592075419565,431.0154073955712,431.4550006805581,52509800,392.0956571960449,1
2021-11-04,436.7020568847656,436.7862306774894,434.90626367716334,435.2523210060828,52847100,392.49967178344724,1
2021-11-05,438.21728515625,440.20012191636965,436.7114618114456,438.91876204081126,66390600,392.9175614929199,1
2021-11-08,438.5914001464844,439.8073105381087,437.908647580282,439.3116013484249,50405200,393.33032821655274,1
2021-11-09,437.1416931152344,439.19000790226266,435.7387393456625,438.9561822740007,51149100,393.7386250305176,1
2021-11-10,433.6249084472656,437.14165472126496,432.1471431654352,435.4580932197448,69429700,394.17277908325195,1
2021-11-11,433.7652282714844,435.1869063329562,433.7465324971055,435.1120661491066,34848500,394.59272216796876,1
2021-11-12,437.0387878417969,437.59061289028136,434.08322852376944,435.0278931802968,53466700,395.06404434204103,1
2021-11-15,437.1883544921875,438.4790762545081,436.0660088394629,438.32009084504045,46980500,395.507586517334,1
2021-11-16,438.918701171875,440.0504090632692,436.85169089743965,436.92650252909095,48857500,395.93514251708984,1
2021-11-17,437.8525085449219,438.8345647133914,437.2352054944223,438.65685496204304,47858300,396.3559777832031,1
2021-11-18,439.3395385742188,439.6014220639266,436.1688502286369,438.8812210598602,50625600,396.7641491699219,1
2021-11-19,438.553955078125,440.4713135766684,438.1891734422036,439.2273454032156,57315600,397.1613531494141,1
2021-11-22,437.31939697265625,442.9031540419021,437.11362928083673,440.42460812441726,72762000,397.5394163513184,1
2021-11-23,437.8992614746094,438.7503901392518,434.4012394044777,436.99201694576334,73206500,397.921583404541,1
2021-11-24,439.068359375,439.189953253473,435.0933241891635,435.9070327073579,61858800,398.31038314819335,1
2021-11-26,429.2757568359375,433.8867909590021,428.1533825042478,432.4277214537044,112669600,398.6473022460938,1
2021-11-29,434.5415344238281,436.37471927780655,431.8572208947111,434.0458252551393,86268800,399.00161209106443,1
2021-11-30,426.0863342285156,434.0083462365525,425.843146484876,432.10968361693193,148559600,399.31522048950194,1
2021-12-01,421.3538208007813,434.6070711860737,421.1574152471016,431.7731054531582,131939200,399.6047494506836,1
2021-12-02,427.8073425292969,429.369310207567,421.1760514660489,421.56889106102784,127637800,399.9342803955078,1
2021-12-03,424.0847778320313,430.5196336252582,419.87591751768986,429.4627660114675,137331600,400.2483940124512,1
2021-12-06,429.1074523925781,430.9780574380259,424.21580992319184,426.61954425695245,98977500,400.60151473999025,1
2021-12-07,437.9834899902344,438.544677245548,428.9765215991178,434.3638735810573,95484700,400.9968391418457,1
2021-12-08,439.1431884765625,439.592143920361,436.6272226459906,438.376262173592,72238800,401.3781866455078,1
2021-12-09,436.1783142089844,439.24610518022257,435.9819086816433,437.8618472439546,61272600,401.78842819213867,1
2021-12-10,440.2842712402344,440.4339230591345,436.3279600988827,438.8719839338528,77159800,402.22832321166993,1
2021-12-13,436.3840942382813,440.1159420791506,436.1034863624048,439.7698847210869,87724700,402.6060174560547,1
2021-12-14,433.3816833496094,435.6077075103081,430.4729067407916,433.129161990558,97264100,402.98277816772463,1
2021-12-15,440.1534118652344,440.3965711333131,430.9313133323819,433.4379460079786,116899300,403.417109375,1
2021-12-16,436.2718811035156,442.2765074248097,434.7286090783232,441.99592808013927,116568600,403.85389251708983,1
2021-12-17,431.6287231445313,436.1996449190995,429.9298801162718,433.2055450751616,135511600,404.23536544799805,1
2021-12-20,427.0389709472656,427.4331620445399,423.4347948406732,426.56967673583256,107134800,404.6027355957031,1
2021-12-21,434.6227722167969,434.76355475782685,428.2873000794263,430.4460420910775,69806300,404.982784576416,1
2021-12-22,438.9683837890625,439.08100980710736,434.1721824687357,434.3693066437573,58890200,405.3734002685547,1
2021-12-23,441.6997680664063,443.1921203922969,439.8601425672733,439.96337355674586,56439700,405.7593795776367,1
2021-12-27,447.9507751464844,447.99769311603984,443.0231853183026,443.0701032878581,56808600,406.17415969848633,1
2021-12-28,447.5846252441406,449.4054889482958,446.8243709664045,448.382431076323,47274600,406.57622497558594,1
2021-12-29,448.1571960449219,449.1708589058926,446.6930004438283,447.6879018485856,54503000,406.98346908569334,1
2021-12-30,446.9181518554688,449.5837388532105,446.4582528125212,448.5794426247708,55329000,407.3782659912109,1
2021-12-31,445.7919006347656,447.5752127148281,445.5197306451295,446.4301624616506,65237400,407.79419982910156,1
2022-01-03,448.373046875,448.5044629970196,444.7501094779795,447.04963382232506,72668200,408.22639404296876,1
2022-01-04,448.2228698730469,450.5036614078125,446.3738496168056,449.790325072376,71178700,408.6433869934082,1
2022-01-05,439.6160583496094,448.62651310720656,439.522193776869,447.85686371156027,104538900,409.03170318603514,1
2022-01-06,439.20306396484375,441.9062031753526,436.8471978839519,439.1561460016045,86858900,409.4271548461914,1
2022-01-07,437.4666748046875,440.3856996959157,436.11510518357954,439.21246416672096,85111600,409.8037947082519,1
2022-01-10,436.9222717285156,437.1381287170904,428.5594460975087,434.28484075797536,119362000,410.1485336303711,1
2022-01-11,440.9018859863281,440.9957505518421,433.674744093411,436.6594768734693,74303100,410.5140997314453,1
2022-01-12,442.0938415527344,444.1399857731622,440.1415905324824,442.628843747025,67605400,410.89050491333006,1
2022-01-13,436.00238037109375,443.83959765913306,434.9793226586426,443.1919695022744,91173100,411.22901824951174,1
2022-01-14,436.1807861328125,436.52805924491486,431.6567833390416,432.86757035006775,95890900,411.548536529541,1
2022-01-18,428.45611572265625,431.7130179031663,427.34858852762,431.5065273546477,109709100,411.8027153015137,1
2022-01-19,424.00732421875,431.3846155465078,423.73512555326494,429.9955229987476,109357600,412.0357653808594,1
2022-01-20,419.31439208984375,430.56805849452223,417.2025680670074,425.88451127200136,122379700,412.24316665649417,1
2022-01-21,411.0829772949219,420.5439362137734,411.0548207873205,418.1974651021742,202271200,412.40044357299803,0
2022-01-24,412.8286743164063,413.33552001842463,394.9204221606559,405.4983019869836,251783900,412.55264923095706,1
2022-01-25,407.78851318359375,412.7161024030997,400.9180390545414,406.4651000702844,167997300,412.67895706176756,0
2022-01-26,406.765380859375,416.77073505367554,402.52294363244783,413.6546151854852,186391100,412.7944808959961,0
2022-01-27,404.7568664550781,414.4712624598946,403.0768137842269,411.3457755828655,149878300,412.9065130615234,0
2022-01-28,414.8091735839844,414.85609154872685,401.5469143096676,406.10844039096463,164457400,413.0482702636719,1
2022-01-31,422.28033447265625,422.6276076174351,412.8005853653847,414.14275997921226,152251400,413.2209245300293,1
2022-02-01,425.1336669921875,425.7719002894428,419.4927410147947,423.0030527931463,123155400,413.41737060546876,1
2022-02-02,429.2633361816406,429.98603881293167,425.2273895740228,427.5269422134469,117361000,413.64858978271485,1
2022-02-03,419.1736145019531,425.15241844539145,418.3382570186423,423.2564800563561,118024400,413.8112396240234,1
2022-02-04,421.1446228027344,424.9740508376599,416.5736732747752,418.9389343536051,118454400,414.0014012145996,1
2022-02-07,419.7929992675781,423.2939151867245,418.4695863682104,421.9048228773997,84472900,414.1640351867676,1
2022-02-08,423.2470397949219,424.1668667046753,417.8783131989696,419.29559079665904,81012000,414.33989685058594,1
2022-02-09,429.4417419433594,429.7608585602045,427.06711445154485,427.2642099941812,92589900,414.5471502685547,1
2022-02-10,421.7265319824219,429.6012734878491,419.7367292271085,423.6224701723359,140103700,414.716385345459,1
2022-02-11,413.41058349609375,423.8758370313711,411.983939630044,421.8109600128864,153214600,414.8316813659668,0
2022-02-14,412.0591125488281,414.4806869167522,408.60511374668846,412.90386511274687,123006300,414.9530436706543,0
2022-02-15,418.7042541503906,418.8731931731084,415.9635636602745,416.4798044209463,88482700,415.10345016479494,1
2022-02-16,419.1736145019531,420.5439456416827,414.7997888146647,416.6675706954675,84863600,415.26819091796875,1
2022-02-17,410.2194213867188,419.1454057486569,409.618739738148,416.0011290518587,102259100,415.38755615234373,0
2022-02-18,407.5632019042969,411.7211411385126,405.30120069692,410.4728026773066,132642900,415.47821487426756,0
2022-02-22,403.1894226074219,408.7552449000615,399.70723904825377,405.36695455226914,124391800,415.53283309936523,0
2022-02-23,396.0373229980469,406.6527537994144,395.4741643201364,406.0895951215039,132578000,415.57111267089846,0
2022-02-24,401.9974365234375,402.4292078496642,385.4219890905369,385.7786286542128,213942900,415.65652420043943,0
2022-02-25,410.8671569824219,410.95162651865934,401.5845020398336,403.22703207916936,121804500,415.82717239379883,0
2022-02-28,409.8158264160156,411.2894169660434,404.2500045029786,405.4983143766473,145615000,415.9699359130859,0
2022-03-01,403.57427978515625,410.32273316160007,400.8805068214816,408.3235351417943,137785900,416.0522196960449,0
2022-03-02,410.9985046386719,412.7161088761512,405.0666188393467,405.8174781319554,117726500,416.1765495300293,0
2022-03-03,408.9523620605469,414.020733918867,407.1596546990393,413.42005221055416,105501700,416.3072827148437,0
2022-03-04,405.62982177734375,406.7561108388368,401.6032689221422,405.2356019875793,113978200,416.4264215087891,0
2022-03-07,393.6720886230469,405.7517156092554,393.6063805668149,405.04777437562143,137896600,416.4652346801758,0
2022-03-08,390.6873779296875,400.9742976263032,389.6267685730178,393.85041590198745,164772700,416.4907041931152,0
2022-03-09,401.1620788574219,403.1331202623526,396.85396145942144,399.0314934618867,116990800,416.54889266967774,0
2022-03-10,399.3506164550781,400.2422582796252,394.6201227364952,396.5723740724088,93972700,416.60234497070314,0
2022-03-11,394.2727966308594,402.4384977081336,393.7659509253849,401.8284210378369,95636300,416.6265516662598,0
2022-03-14,391.391357421875,398.4776882871235,390.255673493645,395.0424799965583,95729200,416.635329284668,0
2022-03-15,399.9981994628906,400.627037600933,392.7241399369661,393.9912112622118,106219100,416.68365615844726,0
2022-03-16,408.8678588867188,408.9241718971306,398.7123259052682,403.4897658882781,144954800,416.7780500793457,0
2022-03-17,413.983154296875,413.983154296875,406.5870738037764,406.9625034004762,102676900,416.8949542236328,0
2022-03-18,418.5174560546875,418.8375640496455,411.6444865688326,412.3788587296018,106345500,417.04177810668943,1
2022-03-21,418.3951416015625,420.3440338146594,414.9021396946172,418.3480491435097,88349800,417.1701947021484,1
2022-03-22,423.2909240722656,424.223004155329,419.77910261257296,419.77910261257296,74650400,417.3249949645996,1
2022-03-23,417.8395690917969,422.2552262640788,417.754837158317,420.7676622111608,79426100,417.4521206665039,1
2022-03-24,424.1382141113281,424.1476383476217,418.7434134818091,419.8543815321978,64736900,417.61366668701174,1
2022-03-25,426.2095336914063,426.48257795134367,422.1987166511893,424.7690334312819,77101300,417.7764628601074,1
2022-03-28,429.2411804199219,429.2411804199219,423.7333751400057,425.6163835275033,68529800,417.951164855957,1
2022-03-29,434.5513000488281,435.04090067569854,430.43693083724736,433.1107996129039,86581500,418.14800277709963,1
2022-03-30,431.8680114746094,434.2217721023706,429.76844665097167,433.4120635055574,79666900,418.3350485229492,1
2022-03-31,425.2210083007813,431.9245142006821,424.7690759011227,431.1054100714008,121699900,418.49987106323243,1
2022-04-01,426.4260864257813,426.9344779963225,422.8672017698552,426.7932581156167,89048800,418.67136962890623,1
2022-04-04,430.0791015625,430.1826819640368,425.80469323655575,426.6237972828837,59601000,418.8875828552246,1
2022-04-05,424.6466674804688,431.048884989298,423.5074553649345,428.5915726492906,74214500,419.0489443969727,1
2022-04-06,420.400390625,422.6694189011954,417.5288146796591,420.74877126914623,106898000,419.17858596801756,1
2022-04-07,422.5188598632813,424.32656069949695,417.5853866950133,419.5248831878406,78097200,419.32119766235354,1
2022-04-08,421.3890075683594,424.27000788848,419.8543512494377,421.76560347137945,79272700,419.44650604248045,1
2022-04-11,414.18658447265625,418.96941367640034,413.68758834274337,418.13146105748064,89770500,419.52876342773436,0
2022-04-12,412.6519165039063,419.6755303463953,411.1078357022038,417.1617012912827,84363600,419.59933822631837,0
2022-04-13,417.3782348632813,418.1314267488248,412.2282056133876,412.4070937143792,74070400,419.6924725341797,0
2022-04-14,412.18115234375,418.7151941165963,412.0775719357156,417.6041972684777,97869500,419.75794326782227,0
2022-04-18,412.35064697265625,414.0265235080533,410.128681843096,411.2584985167614,66002500,419.81321319580076,0
2022-04-19,419.0069885253906,419.7225120961973,412.07750347771895,412.2469673182449,77821000,419.8864283752441,0
2022-04-20,418.6963806152344,421.38909792746114,417.53834868343984,420.7771258622743,65224400,419.9617735290527,0
2022-04-21,412.4353332519531,423.6863200903773,411.53149725254485,422.3023077479575,85417300,419.99868118286133,0
2022-04-22,401.1184387207031,412.4541280731046,400.5535304805426,411.3525843005969,132471800,419.9955059814453,0
2022-04-25,403.4440002441406,403.6134641154083,394.3396413941956,398.8871230668873,119647700,419.98251541137694,0
2022-04-26,391.7599792480469,401.1185351073373,391.7317352658733,400.9207984996888,103996300,419.9038328552246,0
2022-04-27,392.8614501953125,398.1809719519438,390.7336702250882,392.8332062183936,122030000,419.837603302002,0
2022-04-28,402.7849731445313,404.5079421929247,393.1722217887701,397.5878794830503,105449100,419.81796173095705,0
2022-04-29,387.8997192382813,400.9583775193331,387.155922896604,398.81174915439897,145491100,419.73083923339846,0
2022-05-02,390.2347106933594,391.5904791773031,381.328059371701,387.96568189359846,158312500,419.6712875366211,0
2022-05-03,392.0235290527344,394.4243533044233,389.1801679389316,390.7336728773015,100028200,419.6503742980957,0
2022-05-04,403.9617614746094,404.5266697015493,389.5096672698231,392.6825316045225,144247900,419.660763092041,0
2022-05-05,389.6038208007813,400.1392542887666,385.4894523597532,399.7155659383141,172929100,419.58309356689455,0
2022-05-06,387.27825927734375,390.5358551342184,381.99643552845686,387.0523075074216,151770800,419.4895541381836,0
2022-05-09,374.8787841796875,382.6367705084989,373.3064593379364,381.40340215959606,155586100,419.31313354492187,0
2022-05-10,375.7448425292969,382.3259465509393,371.7246306365749,380.8289585805943,132497200,419.13600845336913,0
2022-05-11,369.7757873535156,380.4053781846459,369.03199096468177,374.7845967667288,142361000,418.93840805053713,0
2022-05-12,369.3897399902344,372.64733635025226,362.6203227573482,366.59347147586817,125090800,418.73971633911134,0
2022-05-13,378.22113037109375,379.5957186833356,372.4685238252672,373.5041843615176,104174400,418.5766976928711,0
2022-05-16,376.6863708496094,380.3394113444061,374.3420348416539,376.5828191904679,78622400,418.41598098754883,0
2022-05-17,384.43499755859375,384.6703736059725,379.03074397272616,382.74969701428194,83029700,418.2982958984375,0
2022-05-18,368.9378662109375,380.1794300040196,367.7044978598018,379.8969902031608,117674500,418.0865303039551,0
2022-05-19,366.67822265625,371.0844842086102,364.4656820097794,365.88736256542336,98510700,417.87358169555665,0
2022-05-20,366.8382873535156,373.8054127119162,358.2800175928373,370.2465279725012,131432200,417.64847442626956,0
2022-05-23,373.7018127441406,374.4644287517104,367.5443680048508,369.851035765521,76414900,417.4542813110352,0
2022-05-24,370.84912109375,372.035396905163,364.3244748350464,369.5969043569321,91448800,417.2475035095215,0
2022-05-25,374.12548828125,376.0838329447459,368.9660640825553,369.36147972355167,91472900,417.0545439147949,0
2022-05-26,381.6011047363281,383.2299175155968,375.1423990434027,375.34953113826674,82168300,416.89383422851563,0
2022-05-27,390.9690246582031,391.08200055963175,383.85125554393176,384.0489633714319,84768700,416.7737640380859,0
2022-05-31,388.7753601074219,392.0988691063854,386.04500340916127,389.359088170834,95937000,416.6389500427246,0
2022-06-01,385.6307678222656,391.8917660772111,383.1263627738009,390.8843782474642,86585800,416.483518371582,0
2022-06-02,392.9744567871094,393.021520504732,383.22988244769175,385.4706670691487,79609600,416.3784635925293,0
2022-06-03,386.5251770019531,389.82044199768814,385.55542873821975,388.2763611795485,71874300,416.26381759643556,0
2022-06-06,387.7019958496094,392.2400239442846,386.5345111840005,390.51708401926703,57508900,416.15188613891604,0
2022-06-07,391.42095947265625,391.8728918468309,383.7665254838696,384.2278820947236,59272400,416.0422341918945,0
2022-06-08,387.1654052734375,391.496330865678,386.374545097322,389.7168739200945,64350000,415.89312393188476,0
2022-06-09,377.9574890136719,387.6549718241204,377.9574890136719,385.3953672474794,86289800,415.6946643066406,0
2022-06-10,366.9983215332031,372.6285269294592,366.9512578167044,371.7811789054893,132893900,415.4370266723633,0
2022-06-13,353.06402587890625,359.4756662902733,351.46345746861897,357.6303263600916,170004900,415.12207092285155,0
2022-06-14,352.0001525878906,355.8320813809722,348.9120201197082,354.80584530354247,104011800,414.78319625854493,0
2022-06-15,357.0184020996094,361.4434545749502,350.3525363114145,355.28600909693944,125666800,414.46018280029296,0
2022-06-16,345.2025451660156,349.2416066501107,342.7828722240161,348.83676669769454,134473300,414.0812133789062,0
2022-06-17,345.9466552734375,349.27508426837926,342.4575241953979,345.61572844834046,111113900,413.7048455810547,0
2022-06-21,354.6554260253906,356.03595201089433,351.5728544262298,351.64851628810544,76811900,413.3655421447754,0
2022-06-22,354.0124816894531,358.1067930550198,350.03160541553143,350.44765912993915,90059400,413.0235369873047,0
2022-06-23,357.482666015625,358.2107454929241,352.5940787916053,356.1399709944713,79292100,412.70643432617186,0
2022-06-24,368.8484497070313,368.8579146543749,360.6125315472774,360.6408975327615,98050300,412.44872451782226,0
2022-06-27,367.439453125,370.0586745613152,366.3520521820949,369.7655498425288,66009600,412.1929663085937,0
2022-06-28,359.9316711425781,371.7607760766396,359.8182072157404,368.990259389028,86548900,411.9161712646484,0
2022-06-29,359.6386108398437,361.4635566555144,357.8231299719536,360.480183208969,65676000,411.6325965881348,0
2022-06-30,356.7167663574219,359.9411678938424,352.2820347335468,355.7617301279105,112508300,411.3456471252441,0
2022-07-01,360.4895629882813,360.9245465265662,353.45451079691634,356.0642966004514,74839700,411.06026763916014,0
2022-07-05,361.1703796386719,361.1893095314971,352.60350658660883,355.421319245886,81438000,410.7816015625,0
2022-07-06,362.3901977539063,364.8675899225477,358.9388683085116,361.312232629602,70426200,410.52934020996094,0
2022-07-07,367.8177490234375,368.61202540572873,362.4090803527021,364.15839292566767,64525900,410.33863525390626,0
2022-07-08,367.5152282714844,369.37800498002616,364.66904928186506,366.1914052999561,72397800,410.14833557128907,0
2022-07-11,363.31683349609375,365.81312646509326,362.626556129968,364.84865422697527,58366900,409.9172624206543,0
2022-07-12,360.1018371582031,365.1417473906216,358.3619897590985,362.7683546438425,62219200,409.64523483276366,0
2022-07-13,358.2108154296875,361.1326565690661,354.2677986899343,354.6838524314908,84224600,409.3603382873535,0
2022-07-14,357.34088134765625,358.4188177084197,350.8448106264778,353.27490712624945,89704800,409.07703125,0
2022-07-15,364.1677856445313,364.2812495542768,359.8276179575323,361.7281961588475,79060400,408.86957305908203,0
2022-07-18,361.1609497070313,367.9123134121765,359.94115471730987,367.2409659059459,63203600,408.6436671447754,0
2022-07-19,370.9192199707031,371.4865684860797,364.413714078224,365.0661316858812,78506000,408.4913845825195,0
2022-07-20,373.283203125,374.6921241030142,369.7467753994989,371.1084004946054,71843800,408.3270719909668,0
2022-07-21,377.0843811035156,377.1316481251823,370.3140872351293,372.70638143368456,64903900,408.2079536437988,0
2022-07-22,373.5857238769531,378.3986778470548,371.3730907202972,377.2072777513435,72197300,408.05048446655275,0
2022-07-25,374.03955078125,374.8905589631493,371.8079880763292,374.2097466463221,53631500,407.88686706542967,0
2022-07-26,369.6143493652344,372.611793983742,368.7255101067166,372.4037671603326,52946400,407.68353973388673,0
2022-07-27,379.2119140625,380.9517617542331,372.602351195438,372.8954759835996,82342100,407.531941986084,0
2022-07-28,383.9680480957031,384.6582965028211,376.479112587322,380.0155679818675,73966600,407.41894912719727,0
2022-07-29,389.56585693359375,390.54925902982006,384.62997427396704,385.3958846128279,87003700,407.3389495849609,0
2022-08-01,388.4123229980469,390.90864514857856,386.1713235735973,386.8805020677419,69997500,407.24588653564456,0
2022-08-02,385.8497924804688,390.52091664915406,384.6772933933885,386.8520956723039,63435400,407.105778503418,0
2022-08-03,391.89208984375,393.05512423189873,387.6842854468894,387.9679453326452,67820600,406.98012252807615,0
2022-08-04,391.6273193359375,392.4972288640502,389.9914704259932,391.81641630196026,45656600,406.8469697570801,0
2022-08-05,390.9653625488281,391.60834410065166,387.3060062724685,387.362738241362,56814900,406.6943730163574,0
2022-08-08,390.5114135742188,394.88941254367694,389.4145475954948,392.648413572124,53886100,406.53122909545897,0
2022-08-09,388.9607849121094,390.2845790454968,387.8922846576991,389.78342737869485,44931800,406.35481369018555,0
2022-08-10,397.1304931640625,397.2723519486255,394.0384853071231,395.9863599360031,68665700,406.22144500732423,0
2022-08-11,397.1304931640625,401.8205477318066,396.3929486818317,399.9672071505728,59489700,406.0767124938965,0
2022-08-12,403.853515625,403.9575146188211,398.11389080008,399.05946211792985,61694500,405.96367736816404,0
2022-08-15,405.51763916015625,406.0377206189218,401.59352456585145,401.6502565276743,54048300,405.868409576416,0
2022-08-16,406.31201171875,408.23152036285336,403.6454936447108,404.4492350458775,59289000,405.75663040161135,1
2022-08-17,403.4279479980469,406.1228316979683,401.43280661081104,402.7282345419043,63563400,405.6260820007324,0
2022-08-18,404.6005554199219,405.2813391175966,402.34062594946187,403.6265891871346,49023200,405.497702331543,0
2022-08-19,399.1634216308594,402.1135990204284,398.2934834704918,401.8488402510194,68016900,405.33343811035155,0
2022-08-22,390.8519287109375,394.52075021683424,389.9536243733682,394.3505254404988,77695600,405.11442901611326,0
2022-08-23,389.9063415527344,392.80925244544267,389.357894024684,390.4263942387559,49105200,404.8804504394531,0
2022-08-24,391.1544799804688,392.5160760613263,388.99857863900553,389.6793622511617,49177800,404.6451364135742,0
2022-08-25,396.6765747070313,396.7238417233846,391.5515662177679,392.6389673027772,50942300,404.435562286377,0
2022-08-26,383.24951171875,397.1021258692278,383.1927797477306,396.5631721445434,103087000,404.16610137939455,0
2022-08-29,380.71533203125,383.7506074648165,379.3631721580166,380.3087433459912,65370800,403.90155349731447,0
2022-08-30,376.5359191894531,382.1053477002366,374.4462148078578,381.8689548878579,85652400,403.6154069519043,0
2022-08-31,373.6708679199219,379.4010278199201,373.5385029403108,378.16233169722864,76029700,403.2985673522949,0
2022-09-01,374.8433837890625,375.1837756026024,368.8106343368199,371.5055182868605,78740100,402.9868424987793,0
2022-09-02,370.890869140625,379.7036003840941,369.0848245354376,378.493270301563,99632100,402.64670333862307,0
2022-09-06,369.4914245605469,372.6685300550319,367.2787913361997,371.7324237676469,76637400,402.30489791870116,0
2022-09-07,376.12933349609375,376.89524390582346,368.9619160641341,369.1793789850792,70964200,401.98884689331055,0
2022-09-08,378.5877380371094,379.04159366863433,372.6684540859744,373.8693477763064,80821700,401.68901580810547,0
2022-09-09,384.4692993164063,385.3297726688279,380.55462025307344,380.8193790648535,76706900,401.42476531982425,0
2022-09-12,388.6014404296875,389.3200838556924,386.2280472196789,386.5306369628963,69256300,401.17827621459963,0
2022-09-13,371.7040710449219,381.1597837204144,370.5883038747845,379.958889742438,122947100,400.8414547729492,0
2022-09-14,373.1224365234375,374.6353563576037,369.8318380483669,372.9995076387831,85023700,400.56068817138674,0
2022-09-15,368.88623046875,374.4083627921359,367.6191685285438,371.5716492033494,87633800,400.2324116516113,0
2022-09-16,366.072021484375,366.7271480279848,362.7963887663263,364.7238110432356,103084800,399.9323400878906,0
2022-09-19,368.910888671875,368.910888671875,362.8628623346067,362.9388349935968,73278500,399.6701254272461,0
2022-09-20,364.6763305664063,366.6037239193876,361.9324194562877,365.5973034872937,77274900,399.35447036743165,0
2022-09-21,358.3150329589844,369.63252654265,358.3055291317483,366.59425728558,106746600,399.0256216430664,0
2022-09-22,355.3052062988281,359.1789716401422,354.5646322346763,357.54590716854085,89472600,398.6566104125977,0
2022-09-23,349.35211181640625,351.887141405295,344.92764635528243,351.8491550778172,122346900,398.2134535217285,0
2022-09-26,345.8961181640625,351.4978996129984,344.6808163277676,347.8899804357397,92581200,397.74721817016604,0
2022-09-27,345.0131530761719,351.6783204261148,342.6300104380139,349.41861164213634,108294100,397.291392364502,0
2022-09-28,351.8017578125,353.48228367645163,344.2725823827886,345.9626120741058,110802200,396.84897979736326,0
2022-09-29,344.4529724121094,348.5545981921768,341.5191583646997,348.2697731293536,112952300,396.3893241882324,0
2022-09-30,339.1265563964844,347.41531451229605,338.99364767477,343.5130367895296,153711200,395.9180485534668,0
2022-10-03,348.07989501953125,349.9218411560904,341.05392954790506,342.8294068400838,89756500,395.45768096923825,0
2022-10-04,358.8656921386719,358.8941746443229,348.04190536505,353.57721811383504,103602800,395.0706500244141,0
2022-10-05,358.0301818847656,360.2803868520497,352.2005400048697,354.517213813191,88065700,394.70265731811526,0
2022-10-06,354.3368225097656,359.5778067097025,353.843087080186,356.63448871251217,82333500,394.3391465759277,0
2022-10-07,344.4529724121094,354.4222552620788,342.6964739244792,350.32060050692866,107789500,393.8882975769043,0
2022-10-10,341.8229675292969,345.8011884953058,339.5917702265936,345.56382461416007,76042800,393.40257049560546,0
2022-10-11,339.6581726074219,344.6807998911892,337.73077926423,340.13290031732214,92482800,392.89236251831056,0
2022-10-12,338.5378112792969,341.63304512033494,338.29094360606194,340.066449523059,76991800,392.3452976989746,0
2022-10-13,347.47222900390625,348.934398580659,330.5149387795829,331.5593456201205,147254500,391.84473571777346,0
2022-10-14,339.55377197265625,351.54539946318886,338.91762404448093,349.9218097110879,123737000,391.3017185974121,0
2022-10-17,348.2792358398437,349.38060757787383,339.221423235325,345.6112684910676,93168200,390.808524017334,0
2022-10-18,352.3714294433594,356.4730842166548,348.94387997178285,356.16925149824414,97162900,390.34142166137696,0
2022-10-19,349.8743896484375,353.05507171298586,347.0734840300101,350.3396136218043,79746900,389.84892837524416,0
2022-10-20,346.9405212402344,353.83357711460013,346.18093949129155,349.4280898959749,88283100,389.3425166320801,0
2022-10-21,355.3717346191406,355.8559372584329,345.1650872068647,346.6652142635387,131038400,388.9212950134277,0
2022-10-24,359.7201843261719,360.8500386379097,354.2513116223034,356.8908256086108,85436900,388.52388061523436,0
2022-10-25,365.4644165039063,365.77772406360737,359.53031974752065,359.64424976923016,78846300,388.16386932373047,0
2022-10-26,362.71099853515625,367.9899690715865,362.0748795431326,362.3312221104294,104087300,387.79281295776366,0
2022-10-27,360.7741088867188,365.5403650335289,360.15693963581714,363.70792288491305,81971800,387.3921740722656,0
2022-10-28,369.357177734375,369.8319054966564,360.4892666119688,360.66966547964233,100302000,387.02849075317386,0
2022-10-31,366.689208984375,368.7685188952542,365.78724362365824,366.90759418543263,96631300,386.6819248962402,0
2022-11-01,365.084716796875,370.6580464226142,363.9169047612741,370.4206824836592,85407600,386.32644454956056,0
2022-11-02,355.92236328125,368.9868796691869,355.8179370887984,364.4959449170633,126990400,385.96377578735354,0
2022-11-03,352.2574768066406,355.2862420190042,350.1496845424735,352.6942182018951,87100100,385.60502655029296,0
2022-11-04,357.3275756835937,359.7201930621012,351.29852759073634,357.9447159505611,103505200,385.2950924682617,0
2022-11-07,360.7456359863281,361.3342937720169,356.5490298438672,358.61883592099326,68286900,385.04340576171876,0
2022-11-08,362.6920166015625,365.6543132529755,358.628348045763,361.8469872621732,84641100,384.7927224731445,0
2022-11-09,355.2197570800781,361.87544877434425,354.7260217229651,360.72658686650783,78495500,384.52987869262694,0
2022-11-10,374.7406311035156,375.07294635677823,366.1480695589153,368.4362320447595,141455800,384.3697549438477,0
2022-11-11,378.3675231933594,379.1650623418643,373.7151680311234,375.5951003651524,93839900,384.23780822753906,0
2022-11-14,375.1488342285156,379.953076506213,374.873484033921,376.6110037402308,71903500,384.03950653076174,0
2022-11-15,378.3485107421875,381.9754376853018,374.550688764078,380.8740658346402,93194500,383.81984741210937,0
2022-11-16,375.4622497558594,377.6744686794127,374.8356055475568,376.7250130259399,68508500,383.57149032592775,0
2022-11-17,374.3133239746094,374.9874582361336,370.4205796366373,370.7243833730803,74496300,383.2967402648926,0
2022-11-18,376.0129089355469,377.70293878421535,373.1740458969346,377.6364699366345,92922500,383.08093673706054,0
2022-11-21,374.6456604003906,375.8135011529424,372.8132181507224,374.69315056273854,51243200,382.8484419250488,0
2022-11-22,379.6872253417969,379.84864551592176,375.1773119937102,376.5825164784589,60429000,382.6479130554199,0
2022-11-23,382.0798645019531,382.5640670651727,379.12704306606406,379.3549030958145,68261600,382.44207717895506,0
2022-11-25,381.994384765625,382.5450851329431,381.24433584905154,381.5196570576308,30545400,382.20484039306643,0
2022-11-28,375.8989562988281,380.5512827733344,375.1393744616104,378.9182180421719,67881600,381.97570251464845,0
2022-11-29,375.2532348632813,377.21858534576455,373.4207640828821,376.0317662011138,52310000,381.78491577148435,0
2022-11-30,387.0740051269531,387.0740051269531,373.5917546265289,375.5001404481071,144566700,381.659990234375,1
2022-12-01,386.7891845703125,389.27675333365096,384.2921119799884,388.1089126426204,76398200,381.50041488647463,1
2022-12-02,386.3429565429688,387.2449219192482,381.8140640565856,381.91849025775207,85342700,381.33626159667966,1
2022-12-05,379.3929138183594,384.4630026318405,378.04470325554814,383.5325548004845,77289800,381.1821290588379,0
2022-12-06,373.9239807128906,379.7726290359641,371.8447001925461,379.2314615176954,77972200,381.01393295288085,0
2022-12-07,373.2879028320313,375.642562745206,372.1580485447694,373.0790214770312,65927900,380.8644253540039,0
2022-12-08,376.2122192382813,377.2756047091014,373.39233538526526,375.1678414205636,60737900,380.7652998352051,0
2022-12-09,373.4018249511719,377.5224579807687,373.2783911110442,374.9779244191876,81447700,380.62232177734376,0
2022-12-12,378.7852478027344,378.7852478027344,373.52525671285184,374.189858115494,75405800,380.4619122314453,0
2022-12-13,381.6526489257813,389.7419997878151,378.8992336233936,389.4856572201214,123782500,380.32109634399416,1
2022-12-14,379.2125244140625,385.00420881267286,376.27871036892407,381.31081297545614,108111300,380.1992875671387,0
2022-12-15,369.9364013671875,375.27233736621,368.2843578447377,374.370342928616,117705900,379.99397705078127,0
2022-12-16,365.56884765625,368.7259745587609,363.4418577702044,367.3906387116192,119858000,379.7770594787598,0
2022-12-19,362.4688720703125,366.0933875976284,360.8092427984308,365.7595464281459,79878100,379.5612547302246,0
2022-12-20,362.96490478515625,364.5768550701663,360.39913914135377,361.7154089937889,74427200,379.4077188110352,0
2022-12-21,368.39208984375,369.5175848997175,365.01557556771496,365.5497098013311,78167400,379.29624237060546,0
2022-12-22,363.1365966796875,368.3730338595665,357.4613834622674,365.35897373224327,100120900,379.1061149597168,0
2022-12-23,365.22552490234375,365.3685914168033,360.5709002443159,362.1160768167623,59857300,378.9354895019531,0
2022-12-27,363.7852478027344,365.4544250283312,362.1160705771375,365.1110653995445,51638200,378.7830517578125,0
2022-12-28,359.26416015625,365.6833491365976,359.0352537442069,363.7184623700481,70911500,378.6224157714844,0
2022-12-29,365.7310180664063,366.5989936653744,361.5723673454237,362.0969833359064,66970900,378.45107986450193,0
2022-12-30,364.76763916015625,364.9107056574417,360.952377322475,363.0603304456531,84022200,378.23057876586915,0
2023-01-03,363.2319946289063,368.5828851543406,360.38006673429567,366.61802772104494,74850700,377.9768229675293,0
2023-01-04,366.0362854003906,368.0583698229864,362.4499294157764,365.4830560496701,85934100,377.7144171142578,0
2023-01-05,361.8584899902344,364.2048677167,361.26712910136496,364.0904145263557,76970500,377.43173385620116,0
2023-01-06,370.15667724609375,371.2726541006817,361.8871138136949,364.93930570815047,104189600,377.1660626220703,0
2023-01-09,369.9468078613281,375.5171151232303,369.76560972422254,372.3408937056104,73978100,376.92659881591794,0
2023-01-10,372.5412292480469,372.6080033161442,368.43028694753167,369.3650365764805,65358100,376.6686138916016,0
2023-01-11,377.2530822753906,377.3294038131555,373.3043013861297,374.1150503530879,68881100,376.4238316345215,1
2023-01-12,378.6265563964844,380.08589280712,374.2962553998828,378.3499708858858,90157700,376.17075851440427,1
2023-01-13,380.0953979492188,380.6676929521993,375.1737074965992,375.4407746169057,63903900,375.89847900390623,1
2023-01-17,379.3991394042969,381.7455462351786,378.7219386237428,380.0763692929868,62677300,375.63613464355467,1
2023-01-18,373.4091796875,381.6406112039505,373.2088866048208,380.5818900873673,99632300,375.3770755004883,0
2023-01-19,370.6908874511719,373.0181706019251,369.3746173415192,371.3776066998876,86958900,375.09839950561525,0
2023-01-20,377.5964660644531,377.7490800298585,370.4428501693495,372.08341391228544,91806400,374.835986328125,1
2023-01-23,382.1270446777344,384.05374118740224,377.4438078609924,378.3976232018816,84178800,374.62338821411134,1
2023-01-24,381.7169494628906,382.6230566629975,379.2751842732551,380.4579061003212,59524900,374.42997100830075,1
2023-01-25,381.8599853515625,382.19382654932406,375.383570904274,377.66320358749766,84800300,374.2266766357422,1
2023-01-26,386.0567626953125,386.2189241123005,381.55475308151983,384.5115864864833,72287400,374.05001541137693,1
2023-01-27,386.94378662109375,389.3092590605459,384.8072496487712,385.0170901805624,68346200,373.91380142211915,1
2023-01-30,382.0888977050781,386.41922765929314,381.7932172673808,384.19682153424986,74202000,373.760986328125,1
2023-01-31,387.7068786621094,387.7545577869354,382.2605719895161,382.6039606559222,86811800,373.6126295471191,1
2023-02-01,391.8274230957031,394.5648982225417,383.76769902323576,386.4955975716626,101459200,373.5108609008789,1
2023-02-02,397.5311584472656,398.9904947612399,393.8112844222463,395.6998201767223,101654500,373.43676345825196,1
2023-02-03,393.3057556152344,397.7123777653695,392.1039389895125,392.580846652655,94736800,373.30825729370116,1
2023-02-06,390.9021301269531,392.2947214888418,389.25204820891577,390.8639984710008,60295300,373.16928604125974,1
2023-02-07,396.01458740234375,397.2545356824887,388.74651927787886,389.98646755802383,90990700,373.0871823120117,1
2023-02-08,391.6842956542969,395.38510413414,390.9975473888812,394.0497683703143,76227500,373.0400115966797,1
2023-02-09,388.2887573242188,395.42330790708826,387.06787462049056,395.2706939306048,78694900,372.96423538208006,1
2023-02-10,389.1948547363281,389.5763750852586,386.304795158678,387.115514984604,70769700,372.9514097595215,1
2023-02-13,393.7635803222656,393.8971284439127,389.3855713343999,389.84341318387385,64913500,372.95592041015624,1
2023-02-14,393.5823669433594,395.88103624546926,389.6431050211973,392.2470022111371,88389300,372.9099073791504,1
2023-02-15,394.8604736328125,394.9367660502503,390.55875725790736,391.3981193903896,61555700,372.94471115112304,1
2023-02-16,389.4237976074219,393.8399681026619,389.290278571449,389.9102528350607,76431500,372.9406565856934,1
2023-02-17,388.4508361816406,388.689290011422,385.3890680493917,387.3062461554366,89257800,372.9227931213379,1
2023-02-21,380.6581726074219,385.4940235203808,380.4006529363916,384.4448207915137,82655900,372.80627517700196,1
2023-02-22,380.1335754394531,382.6039536880312,378.68375748701857,381.068295847592,83742300,372.7589239501953,1
2023-02-23,382.1556396484375,383.6245233532482,377.94931070384274,383.0140675924474,96242400,372.7333108520508,1
2023-02-24,378.0733947753906,378.9032096079787,375.45994960459336,377.1577400402733,108194400,372.7492839050293,1
2023-02-27,379.3609924316406,382.7565727740271,378.4262429028199,381.4021421594611,80444700,372.76736465454104,1
2023-02-28,377.9589538574219,380.83946629909735,377.85401901216034,378.88415609227326,96438600,372.80828048706053,1
2023-03-01,376.5091247558594,378.3690766419013,375.2119496353615,377.1481939545518,99706800,372.8438774108887,1
2023-03-02,379.4372863769531,380.2766485518157,374.2103677204858,374.54420891841545,85127800,372.84995819091796,1
2023-03-03,385.5226440429688,385.770645358477,380.6009531474197,381.2495406253721,90120000,372.89413955688474,1
2023-03-06,385.7897338867188,388.6321143894144,385.3509869326575,386.3429340367841,72795900,372.9009132385254,1
2023-03-07,379.8760070800781,385.98044825489535,379.265580427476,385.7419944311332,108310600,372.9556039428711,1
2023-03-08,380.4960632324219,381.2495564624597,378.2736569852848,379.99054222005736,74746600,373.02469314575194,1
2023-03-09,373.4758605957031,382.93771976197206,372.4934321481882,381.27806159504496,111945300,373.0578810119629,1
2023-03-10,368.0869445800781,375.0021069829221,366.5703814219484,372.9323145320069,189253000,373.0298066711426,0
2023-03-13,367.562255859375,372.3599748381927,363.06979387547824,364.17622313398334,157790000,373.0133723449707,0
2023-03-14,373.6380920410156,375.2786555832206,369.1742141464636,372.4648886988362,149752400,373.01093536376953,1
2023-03-15,371.3013000488281,371.5015931553688,365.98854067961,368.06788061068585,172996900,372.95943634033205,0
2023-03-16,377.8158264160156,378.1592151165088,368.4493807575096,368.9549017850136,143254200,372.89367034912107,1
2023-03-17,373.3981323242188,377.62051539098667,372.019393803673,376.4907246980815,140553400,372.81678421020507,1
2023-03-20,376.9885559082031,377.4002840198818,373.47471024400215,374.1736341267184,93055800,372.7735731506348,1
2023-03-21,381.9385986328125,382.4173264099133,378.7502552745559,380.3396350008372,91524200,372.7183938598633,1
2023-03-22,375.4279479980469,385.3663430375663,375.3896708071276,381.7663294027596,111746600,372.66290771484375,1
2023-03-23,376.4428405761719,382.302464320468,373.74280870365055,378.2811390116393,119351300,372.6066119384766,1
2023-03-24,378.9130859375,378.9992534425239,372.833236516388,375.16943071668686,107682400,372.5440725708008,1
2023-03-27,379.62158203125,381.94822147173227,378.7311552876925,381.18223941875726,74010400,372.5063534545898,1
2023-03-28,378.7694091796875,379.62152939764496,376.9406656319968,378.9321602551606,62871700,372.5104130554199,1
2023-03-29,384.27484130859375,384.5142052275328,381.7184217978642,382.9152413925595,77497900,372.5967956542969,1
2023-03-30,386.52484130859375,387.1471816110293,384.66737508830965,386.8982338023645,69840000,372.7640997314453,1
2023-03-31,391.9728088378906,392.2696177717363,387.3386974685205,387.44403279107553,112062600,372.96396301269533,1
2023-04-03,393.4664916992188,393.86860679186793,391.0632681750065,391.4558285782721,67391100,373.14620346069336,1
2023-04-04,391.2833557128906,394.39508611708817,389.914172128434,394.107831932859,66601500,373.37660751342776,1
2023-04-05,390.2589416503906,391.3121487439596,388.612116709327,390.555750574138,65200200,373.5981689453125,1
2023-04-06,391.7812194824219,392.0588897595839,388.4205413178358,389.46416430945885,63743300,373.78379791259766,1
2023-04-10,392.1833801269531,392.2599929388598,388.6982568850876,389.3110132842087,63681000,373.97465240478516,1
2023-04-11,392.2887573242188,393.6866344888927,391.522804438728,392.8057915925013,59297900,374.1486828613281,1
2023-04-12,390.6897583007813,394.6345000422178,390.1057243914606,394.3472458215589,86420400,374.25788940429686,1
2023-04-13,395.8791809082031,396.2334348165877,390.6323135315357,391.7716880699347,85814800,374.4000880432129,1
2023-04-14,394.9120788574219,397.4301914433544,392.6141915506744,395.24719411906096,78161500,374.5749900817871,1
2023-04-17,396.32916259765625,396.34830119021314,393.6004083681965,394.82595033401935,66436400,374.75844284057615,1
2023-04-18,396.5877075195313,398.0334749409728,395.2185529149656,397.89941712105417,63560000,374.9577975463867,1
2023-04-19,396.5206909179688,397.4206723336652,394.62491824072464,394.68236324131743,55227300,375.13795318603513,1
2023-04-20,394.3569030761719,396.0994796602405,392.8153840305012,393.7153948280209,75840400,375.30388580322267,1
2023-04-21,394.6632385253906,395.122798546293,392.719604685716,394.6536546185458,73457400,375.4652510070801,1
2023-04-24,395.0748901367188,395.4961729182456,393.1312565298119,394.462104556598,64332100,375.60153671264646,1
2023-04-25,388.8035888671875,393.667480074213,388.7461438640456,393.1121394182031,97766700,375.707978515625,1
2023-04-26,387.1567687988281,390.4887251190853,386.6014573550663,389.4163794213185,80447000,375.82717819213866,1
2023-04-27,394.86431884765625,395.13240528174725,389.43553203327593,389.6844798717997,92968400,376.00099060058596,1
2023-04-28,398.2344970703125,398.2440809763776,393.9259469095326,393.9833919074716,89433100,376.20110900878905,1
2023-05-01,397.8323974609375,399.8526148114005,397.6025882410736,397.7940910544224,62122300,376.4035665893555,1
2023-05-02,393.361083984375,397.1717680701673,390.4695783796922,397.12387775512695,103998500,376.5495330810547,1
2023-05-03,390.6610412597656,396.2621626197753,390.4216773488184,393.8589396037128,91531800,376.69703353881835,1
2023-05-04,387.89398193359375,389.9429216709352,386.56310465857086,389.617390281609,94901900,376.7819073486328,1
2023-05-05,395.0748901367188,396.1185131848387,391.2546518243353,391.5131543051348,87891800,376.8908657836914,1
2023-05-08,395.18017578125,395.6589035337472,393.7822989253406,395.40040106631903,50046800,376.9813447570801,1
2023-05-09,393.447265625,394.557917748492,393.2174856060807,393.6387684535856,49220100,377.0806524658203,1
2023-05-10,395.2855529785156,396.9036552910025,391.4748691458095,396.27173108441946,96142900,377.18688247680666,1
2023-05-11,394.5962219238281,394.88344694585095,392.5281141075764,394.4238869106144,70157100,377.3117918395996,1
2023-05-12,394.07916259765625,396.0419641873892,391.6663849084535,395.8313227782282,70481500,377.3861280822754,1
2023-05-15,395.4387512207031,395.8408662145273,392.7770257910844,394.68235310668433,54289400,377.4434815979004,1
2023-05-16,392.7962036132813,395.25687179173696,392.7866197060623,394.3376932756012,57705500,377.45963333129885,1
2023-05-17,397.5643310546875,398.1675035867044,393.16961300605146,394.8068540314112,87287000,377.50539337158204,1
2023-05-18,401.3941650390625,401.8154478860798,397.0281693692736,397.2483654807399,97177200,377.583115234375,1
2023-05-19,400.8101196289063,402.8207825389183,399.59416135067175,402.29419356642416,103793300,377.6277053833008,1
2023-05-22,400.972900390625,402.50483542937735,399.5941617776709,400.8292878724486,60745400,377.6744332885742,1
2023-05-23,396.4727478027344,400.9057714798649,396.0801875381463,399.3355304215125,86383500,377.70197021484375,1
2023-05-24,393.6004638671875,395.2568727625146,392.4419506407974,394.8738963227988,89213700,377.7174154663086,1
2023-05-25,397.0089416503906,398.4547088944683,394.8642505486263,397.0951091443839,90961600,377.75765625,1
2023-05-26,402.1505432128906,402.8686350068501,397.5834899222312,397.66007352379233,93830000,377.78275650024415,1
2023-05-30,402.3037109375,404.6015986704079,400.9249724539097,404.0750097467597,72216000,377.80862258911134,1
2023-05-31,400.0728759765625,401.38458562978974,398.5122184875182,400.4845749210063,110811800,377.78971939086915,1
2023-06-01,403.8739318847656,404.9271388982078,399.05793134165066,400.3026119453019,88865000,377.7815008544922,1
2023-06-02,409.7144165039063,410.4995078956091,405.9133165725639,406.43990546910896,91426200,377.79851287841797,1
2023-06-05,408.9293518066406,411.3421297490295,408.2303985985282,410.059142565592,65460200,377.8260198974609,1
2023-06-06,409.8197937011719,410.3463826890826,407.8665757411859,408.5176678740021,64022200,377.8521160888672,1
2023-06-07,408.4026489257813,411.3420444463856,407.981366150616,410.2122539217262,85373300,377.8983122253418,1
2023-06-08,410.8729553222656,411.3229606548177,407.7037793999708,408.4697322463781,61952800,377.99841735839846,1
2023-06-09,411.6101989746094,413.6112778783288,410.6240207738437,411.66764397898567,85742800,378.1069366455078,1
2023-06-12,415.34423828125,415.4208510939883,411.86869890795646,412.5867906264367,76104300,378.2278854370117,1
2023-06-13,418.0826110839844,418.724090042695,416.1389771742424,416.79962394733377,95899700,378.3349156188965,1
2023-06-14,418.5804748535156,420.3804962400345,415.14321240552647,418.4177237476961,100612100,378.51157043457033,1
2023-06-15,423.7698669433594,425.0145475724995,417.6708792659641,417.7666014534157,110303100,378.72684310913087,1
2023-06-16,422.3263854980469,426.3145800008913,421.8554989358191,425.7475863594146,114165800,378.95579544067385,1
2023-06-20,420.1353149414063,421.27892182844886,418.0691445357275,420.39480701035416,76160400,379.18811767578126,1
2023-06-21,417.9826049804688,419.9526680537053,417.3963723492286,419.1550409151872,76982300,379.4038137817383,1
2023-06-22,419.4914245605469,419.59712182011833,416.69487567418776,417.03123579350665,70637200,379.6468165588379,1
2023-06-23,416.3200378417969,418.0979160676343,415.60889828256654,416.050955630648,92074500,379.88095962524415,1
2023-06-26,414.6191101074219,417.66550238868285,414.3788570549921,415.75309747622674,72823600,380.07340850830076,1
2023-06-27,419.1647338867188,419.7797664878717,415.0419830447426,415.49365998386605,72813700,380.27629348754886,1
2023-06-28,419.3761291503906,420.3851802319676,417.473314431336,418.0883469905335,75636000,380.45082763671877,1
2023-06-29,421.0290222167969,421.1924071877769,418.5592432612876,418.962851943863,67882300,380.6129655456543,1
2023-06-30,425.99749755859375,426.9777194692553,423.91208812792,424.22923858544607,104964000,380.88443267822265,1
2023-07-03,426.4876403808594,426.7663128211192,425.3728626365197,425.6515644045463,32793400,381.1512586975098,1
2023-07-05,425.8533935546875,426.583772301917,424.6713378444769,424.6809573525516,58418400,381.43609451293946,1
2023-07-06,422.5186462402344,422.9414939733392,420.0200085430969,422.2880126868195,80658300,381.71832763671875,1
2023-07-07,421.451904296875,425.3824701498979,421.2116512379149,421.5288016992913,86134200,381.98103271484376,1
2023-07-10,422.5186462402344,422.6916214052956,420.52934385873226,421.0963375627214,62443500,382.2702442932129,1
2023-07-11,425.2094421386719,425.69956773672544,422.3071959049608,423.2778275943565,64463800,382.60471633911135,1
2023-07-12,428.630615234375,430.03371404566207,427.5639058584264,428.9862143541203,91924500,382.9713433837891,1
2023-07-13,432.03265380859375,432.8206908722752,430.0049320898392,430.4373699947139,72425200,383.38474609375,1
2023-07-14,431.7635498046875,433.7624422290722,431.00434197291605,432.9167761484475,69815800,383.81408325195315,1
2023-07-17,433.2627868652344,434.3102867651178,431.5713958126242,431.6194640248455,52680200,384.2553314208984,1
2023-07-18,436.4821166992188,437.1259784249401,432.5035122667073,432.9359794712025,80668200,384.67873321533204,1
2023-07-19,437.4527587890625,438.6347850080483,436.4052296979119,437.2701641275052,65891700,385.1437321472168,1
2023-07-20,434.550537109375,437.3567059446653,433.8393973884411,436.4629715395292,70591600,385.62085205078125,1
2023-07-21,434.550537109375,436.4629715395292,434.5409469292057,436.2611378394522,71275600,386.05320526123046,1
2023-07-24,436.4917602539063,437.29900699604326,434.6658135812287,435.6941036910491,54023400,386.44133560180666,1
2023-07-25,437.6833801269531,438.9326842027925,436.17458399836414,436.22265220298175,55191200,386.83960159301756,1
2023-07-26,437.7507019042969,439.1729812727202,435.7037411075616,436.7512409467643,71052900,387.25667098999025,1
2023-07-27,434.848388671875,441.5274350037331,433.94503488325,441.12379698695344,92194400,387.7086480712891,1
2023-07-28,439.105712890625,439.9321693157671,434.8484065015939,438.1062519781901,80011800,388.1950617980957,1
2023-07-31,439.9417724609375,440.29734227377537,438.2695913310648,439.5765831414508,62040400,388.6964797973633,1
2023-08-01,438.6828308105469,439.42279959796593,437.7314088521361,438.4809971458083,55291500,389.1972048950195,1
2023-08-02,432.5804748535156,435.8382913269027,431.8308864264539,435.5788285617626,93933400,389.62274612426756,1
2023-08-03,431.3407287597656,433.21471435225743,429.9280395988413,430.5719307015857,64276100,390.0816809082031,1
2023-08-04,429.3898620605469,435.2424228845315,428.8709072567544,433.1474233109735,100128900,390.48723403930666,1
2023-08-07,433.1377868652344,433.29155233174345,430.5238325901082,431.21576252551705,58357500,390.891065826416,1
2023-08-08,431.2542114257813,433.12819688898776,427.90987851511386,430.61032036745866,71361300,391.29796493530273,1
2023-08-09,428.3711853027344,431.6866891018031,427.6119774580064,431.5233041246725,78789600,391.7051182556152,1
2023-08-10,428.5249328613281,434.08920144153984,427.3621163674353,430.7160393980688,93005500,392.07088424682615,1
2023-08-11,428.2750244140625,429.2841046872446,426.0647083775396,426.66053117028434,68690900,392.4136584472656,1
2023-08-14,430.6392211914063,430.6392211914063,427.05466396967535,427.3621949539916,47867400,392.7395324707031,1
2023-08-15,425.6227111816406,429.22650696420783,425.0556881700834,428.87090781167177,75707500,393.05409103393555,1
2023-08-16,422.4994201660156,426.8623944636419,422.3936935729571,425.20945229682616,80107200,393.362717590332,1
2023-08-17,419.280029296875,424.2196168527754,418.76107448676936,423.9601541116053,95711300,393.61233184814455,1
2023-08-18,419.4818420410156,420.510132174717,416.1279187140494,416.4738690425287,98852000,393.87629501342775,1
2023-08-21,422.2110900878906,422.9510589127824,418.3478316599045,420.4908700639508,68719000,394.1619268798828,1
2023-08-22,421.0674743652344,423.97934005301454,420.5101002135704,423.97934005301454,64994200,394.4876524353027,1
2023-08-23,425.7572326660156,426.37229454971487,421.98046176867535,422.12460773274086,68441000,394.85515121459963,1
2023-08-24,419.8565979003906,427.86181593129874,419.8277393822269,427.3524806823666,88517300,395.1677963256836,1
2023-08-25,422.8165893554688,424.0947228300549,418.0403569773524,421.57687525748486,102325100,395.4781510925293,1
2023-08-28,425.4977722167969,426.1128047760357,422.8165399597136,424.99802710166506,61595400,395.7921798706055,1
2023-08-29,431.6482238769531,431.92692561420495,425.20943069514846,425.3920253511655,83081900,396.1743222045898,1
2023-08-30,433.4261169433594,434.0603885077203,431.2830492029172,431.9845986592022,69053900,396.4677496337891,1
2023-08-31,432.7918395996094,435.1751310278207,432.6092449398333,434.0411436980902,66084600,396.7398712158203,1
2023-09-01,433.59912109375,435.98244204092543,432.1479832057756,435.5019359140747,58944100,397.0321226501465,1
2023-09-05,431.72509765625,433.4741468434639,431.65784909348326,433.1570257317341,55166200,397.2990055847168,1
2023-09-06,428.8228759765625,431.0236021823755,426.5068329962555,430.91787558724553,70758500,397.5658087158203,1
2023-09-07,427.5062561035156,428.1789470044785,425.4881247451009,425.8340750379796,70355400,397.83177337646487,1
2023-09-08,428.1501770019531,429.67818299559536,427.1987842372508,427.5543540855631,61659700,398.0924597167969,1
2023-09-11,430.9659423828125,431.2734440045336,429.0631276266,430.7641087003437,60180100,398.37406112670897,1
2023-09-12,428.601806640625,431.042785754672,428.02522280308654,429.5243994362143,67565400,398.61863403320314,1
2023-09-13,429.10162353515625,430.2548207309528,427.7273536183731,428.82292174853706,60199300,398.85374282836915,1
2023-09-14,432.8014526367188,433.4933826135289,430.2643956069254,431.5617679794152,83430800,399.10777816772463,1
2023-09-15,427.5869445800781,431.5506524245771,427.15298130374185,431.22275924982887,111848900,399.36621810913084,1
2023-09-18,427.837646484375,429.1299415798166,426.8057293230556,427.27827686575546,55752200,399.6291401672363,1
2023-09-19,426.9503784179688,427.50974802962753,424.2789956156205,426.9214475367596,66514600,399.8285220336914,1
2023-09-20,423.02532958984375,428.6188497106749,422.8227839687489,428.2041638924205,82562600,400.00970275878905,1
2023-09-21,416.0333862304688,420.45033436985153,415.87907838119946,420.1899564292669,104095800,400.15815490722656,1
2023-09-22,415.0979919433594,418.6469848396656,414.6832766455482,417.0557271569778,100829700,400.33668029785156,1
2023-09-25,416.8435363769531,416.88209127104136,413.4584755384381,413.89246826227424,70874500,400.55127807617185,1
2023-09-26,410.7195739746094,414.5193206300988,409.8901728584851,413.8152964968598,96168400,400.7384364318848,1
2023-09-27,410.8834838867188,412.4458399385202,407.257352172029,411.8864702649676,104705800,400.91179275512695,1
2023-09-28,413.2655334472656,414.93395949847536,409.7454720420047,410.33377256481566,92258300,401.1111112976074,1
2023-09-29,412.2625732421875,416.4770052291024,410.7484550545368,416.3034199344097,115111300,401.2784979248047,1
2023-10-02,412.0986022949219,413.34268907348576,409.350050801858,411.4331625829839,83798600,401.4307276916504,1
2023-10-03,406.5822448730469,412.1564873822703,405.2224344904491,409.9287210662224,103760600,401.5675762939453,1
2023-10-04,409.5429382324219,410.2855171434247,405.588884325945,407.0451406977265,87453000,401.7656089782715,1
2023-10-05,409.388671875,410.2276969528872,406.1772259852912,409.25364146047264,70142700,401.9847080993652,1
2023-10-06,414.249267578125,415.7826633161712,405.62751083875975,406.9487369471333,113273300,402.2436100769043,1
2023-10-09,416.9013671875,417.4703608608216,411.80932558041656,412.3590123769111,80374400,402.513292388916,1
2023-10-10,419.0712890625,421.6558795794434,417.1328314591845,417.52823984465374,78607300,402.7666883850098,1
2023-10-11,420.7879333496094,421.0386578835823,417.7596966141307,420.1321469819624,62451700,403.05494506835936,1
2023-10-12,418.2225646972656,421.7715569076046,415.879074957657,421.39545544096734,81154200,403.319930267334,1
2023-10-13,416.1394958496094,420.9132978989336,414.5771691952751,419.7174193113071,95143100,403.58170150756837,1
2023-10-16,420.5178527832031,421.5787008605216,418.1357786859934,418.3768791839652,75433200,403.8879699707031,1
2023-10-17,420.4985656738281,422.5431227149567,417.0556727686725,417.40284337508905,75324700,404.16180770874024,1
2023-10-18,414.8954162597656,419.6884958400442,413.8152906244154,418.7337471858001,93559800,404.4124465942383,1
2023-10-19,411.2499694824219,417.4125128642148,410.5749056891377,415.60908569425885,121323000,404.65253646850584,1
2023-10-20,406.1965637207031,411.3561213610466,406.090464174796,410.8160584852084,123919900,404.85333786010744,1
2023-10-23,405.492431640625,409.34041539624207,402.92711894728416,404.6726841050007,92035100,405.0715075683594,1
2023-10-24,408.5495910644531,409.69723170651935,405.7624553819463,407.6044665853365,78564200,405.2634721374512,1
2023-10-25,402.68603515625,406.9004965329498,402.1749032838704,406.8715656507854,94223200,405.42716827392576,0
2023-10-26,397.8640441894531,402.4738846980561,396.9478799231693,401.6252356371067,115156800,405.5537823486328,0
2023-10-27,396.06060791015625,399.8410767152927,394.64293578713176,399.4456683619361,107367700,405.64781997680666,0
2023-10-30,400.7958679199219,401.84706268429056,397.54583752991965,398.8381328209202,86562700,405.7586665344238,0
2023-10-31,403.31292724609375,403.6311669556289,399.4649432617073,401.3648163745919,79665200,405.8747541809082,0
2023-11-01,407.6141662597656,408.4242604346672,403.746904694568,404.27734347074426,98068100,406.01582931518556,1
2023-11-02,415.4258728027344,415.5801806759736,411.375372066054,411.3946495135024,94938900,406.22591278076175,1
2023-11-03,419.2159423828125,420.7589915965887,417.59575395239466,417.7211309317513,100167800,406.4685380554199,1
2023-11-06,420.1802978515625,420.62391451827705,418.24184046839486,419.96812824031423,67831700,406.6814572143555,1
2023-11-07,421.3761596679688,422.0126685210308,419.0423233046216,420.1803106034839,64256100,406.8777027893066,1
2023-11-08,421.6847839355469,422.4948781019278,419.38950241519393,421.9740927695351,61746000,407.0775419616699,1
2023-11-09,418.3961791992188,422.86136537152765,417.9718399454001,422.822781049031,83174400,407.2602229309082,1
2023-11-10,424.9251708984375,425.23378661631307,418.386526210925,420.4600141525394,89462200,407.45456497192384,1
2023-11-13,424.5201721191406,425.6195752331628,422.8131909597196,423.5943543234561,52236100,407.64244689941404,1
2023-11-14,432.7561645507813,434.03880639292726,430.21012888201807,430.43195196006246,97176900,407.8957832336426,1
2023-11-15,433.67230224609375,435.3117974864374,432.82362374197305,434.0869880597663,77327600,408.1256103515625,1
2023-11-16,434.2027282714844,434.5209679855736,432.1678247228073,433.2286728217944,66665800,408.3374868774414,1
2023-11-17,434.7427368164063,435.35031471691406,433.29613397946775,434.2122981174695,83133200,408.5235447692871,1
2023-11-20,438.08929443359375,438.9283195268349,434.48241067282527,434.4920641115296,69936200,408.7474624633789,1
2023-11-21,437.1344909667969,437.9638920043512,435.8711266809996,437.0476983171483,49244600,408.97862426757814,1
2023-11-22,438.82220458984375,440.1338066653199,437.73245500948576,438.783649698811,59394900,409.19266235351563,1
2023-11-24,439.09222412109375,439.2851162959046,438.54253734218906,438.8704304943964,29737400,409.4297019958496,1
2023-11-27,438.3013916015625,439.2754175195494,437.9156072917583,438.4653234451397,50506000,409.6797651672363,1
2023-11-28,438.7353515625,440.02764658340857,437.3562639018897,437.9156040570371,62115000,409.9274676513672,1
2023-11-29,438.42681884765625,442.0047717825631,438.0314398912728,440.8764083905141,63146000,410.15078384399413,1
2023-11-30,440.153076171875,440.5002762034089,437.2020083442997,439.2658427946925,79752700,410.3836373901367,1
2023-12-01,442.7569580078125,443.2873673280454,438.9572118254806,439.5454829104221,89183400,410.62311981201174,1
2023-12-04,440.4327697753906,442.7762596678929,438.1664190963143,439.3815750840775,72430900,410.87816467285154,1
2023-12-05,440.345947265625,441.3006958020075,438.6775212551753,439.05365215206086,69793500,411.1376402282715,1
2023-12-06,438.5714721679688,442.50621946104377,438.1374794863498,442.47728857768345,69124700,411.42720672607425,1
2023-12-07,441.91796875,442.5641016519375,440.0470263897846,440.6449509609681,66995400,411.73612869262695,1
2023-12-08,443.81781005859375,444.3482193835821,440.9342280791031,441.1753285779548,83194400,412.04443954467774,1
2023-12-11,445.5441284179688,445.7177431682356,443.11384565762216,443.32601530242187,65002200,412.3817932128906,1
2023-12-12,447.5789794921875,447.6754255795951,444.20357245141867,445.1969053461678,68327600,412.7228831481934,1
2023-12-13,453.7511291503906,454.00188308183056,447.5982398420778,447.9550638637653,93278000,413.1018440246582,1
2023-12-14,455.2074279785156,456.8662007070536,452.54566886194607,455.6799755722313,119026000,413.49533554077146,1
2023-12-15,454.4579162597656,455.7845286924067,452.6181291338484,454.6128497457064,141553700,413.87043869018555,1
2023-12-18,457.0142517089844,457.9922563619539,455.00017559306576,456.05563220988086,70375300,414.22789672851565,1
2023-12-19,459.7933044433594,459.8707859580484,457.4790539388314,457.5565059029809,55761800,414.5979145812988,1
2023-12-20,453.421875,460.81976475641625,452.9958152728692,458.9412367460332,102921000,414.96564392089846,1
2023-12-21,457.72113037109375,457.9922565704858,453.9834303896104,456.39451800386655,86667500,415.3517692565918,1
2023-12-22,458.6410217285156,460.3162123050925,456.7528308577729,458.84435899601766,67160400,415.77759506225584,1
2023-12-26,460.5776672363281,461.4781904417408,458.9702655247568,459.0477470448917,55387000,416.2400486755371,1
2023-12-27,461.4104309082031,461.5556718202345,459.8417699571807,460.374329818143,68000300,416.70928955078125,1
2023-12-28,461.5847473144531,462.4174816264002,461.1683801584796,461.7687289974263,77158100,417.1490228271484,1
2023-12-29,460.2484436035156,461.9139416761228,458.3021267345069,461.39104484329897,122283100,417.59375854492185,1
2024-01-02,457.6726989746094,458.6603962091432,455.5811413344983,457.1982355112993,123623700,417.9930429077148,1
2024-01-03,453.9350891113281,456.2590325047652,453.3347402693324,455.5231057691351,103585900,418.3957276916504,1
2024-01-04,452.4728698730469,456.03625125353045,452.2501474553143,453.4605375615008,84232200,418.7731492614746,1
2024-01-05,453.0926513671875,455.53278743928377,451.6498461147491,452.6762546685268,86118900,419.1289195251465,1
2024-01-08,459.5609436035156,459.7061845131588,453.4605594436324,453.58644474883687,74879100,419.54958450317383,1
2024-01-09,458.8637390136719,459.88045489034096,456.4139106022468,456.91742225203353,65931400,419.9616889953613,1
2024-01-10,461.4588012695313,462.32061320272817,458.854039417125,459.134858193739,67310600,420.37441757202146,1
2024-01-11,461.2554626464844,462.9693643803347,457.2950698074294,462.4561601628175,77940700,420.7825869750977,1
2024-01-12,461.5750732421875,463.4342457523609,460.1710382191267,462.6983189909628,58026400,421.19661529541014,1
2024-01-16,459.8804626464844,461.507219896807,458.0697237314841,460.2000221906259,85014900,421.5746434020996,1
2024-01-17,457.32415771484375,457.8083137942025,454.9808292885089,456.8690498182248,68843900,421.9286399841309,1
2024-01-18,461.3910217285156,461.9429667160371,457.4500139514087,458.9896266398581,91856200,422.27573104858396,1
2024-01-19,467.142822265625,467.42364106257526,461.4394790826515,462.514291382207,110834500,422.644112701416,1
2024-01-22,468.1305236816406,469.8444255597238,467.4817415348223,468.6727761250073,75844900,423.0283485412598,1
2024-01-23,469.4957885742188,469.737866598163,467.5882421140563,468.67274693324026,49945300,423.4245327758789,1
2024-01-24,470.009033203125,473.2819033399484,469.515184566706,472.3523319806955,81765000,423.81567184448244,1
2024-01-25,472.56536865234375,472.8364948673133,470.0090399898508,472.1296163726771,72525000,424.2175817871094,1
2024-01-26,471.9650573730469,473.6208629764191,471.1226304792355,472.1393464785506,76641600,424.6159632873535,1
2024-01-29,475.70263671875,475.8479071625746,471.7325810664014,472.2748334350306,61322800,425.04102767944335,1
2024-01-30,475.334716796875,476.0415656816074,474.5794050287412,475.0151572718124,58618400,425.43830535888674,1
2024-01-31,467.5785827636719,473.5821004537836,467.5591976080332,473.1366851322255,126011100,425.801637878418,1
2024-02-01,473.6982727050781,473.7273208849261,468.4693639281419,469.2730794881658,91891600,426.18848342895507,1
2024-02-02,478.68505859375,480.3311713166732,473.795065105255,474.133980226325,99228200,426.59897018432616,1
2024-02-05,476.9421081542969,478.7141358274664,474.6956465636952,478.0556906983339,75757100,427.00107727050784,1
2024-02-06,478.3268737792969,478.65609638301095,476.4580087647838,477.8814288884984,55918600,427.4209271240234,1
2024-02-07,482.3162536621094,482.7326207649877,479.6630584646698,480.5636111587944,70556500,427.859192199707,1
2024-02-08,482.5293273925781,482.9069537723974,481.50291885696174,482.3162975332685,52343600,428.2964643859863,1
2024-02-09,485.3180236816406,485.7537463849515,482.6938766826975,483.0327918189656,63979400,428.7790365600586,1
2024-02-12,485.1050109863281,487.5451468627196,484.38843993132826,485.2889926510743,56502300,429.2687777709961,1
2024-02-13,478.4236145019531,481.33824328857344,475.1701001312936,478.8593667536311,113099200,429.68657424926755,1
2024-02-14,482.7713928222656,483.25554889436194,478.733518178744,481.0477983876243,68387800,430.1092587280273,1
2024-02-15,486.1023559570313,486.2863376159792,482.99405290883,483.4685459216356,61683000,430.5506085205078,1
2024-02-16,483.681640625,486.9351554606331,482.9457138905167,485.8022467252244,75532900,431.00221130371096,1
2024-02-20,481.0187072753906,482.616416260608,478.78190878597854,481.9482785767016,71736700,431.45399963378907,1
2024-02-21,481.4544677734375,481.6094012609107,477.9201343951692,479.7212103303219,59293400,431.92180206298826,1
2024-02-22,491.4183349609375,492.3769543749359,487.08028660722704,488.0389355717621,76402500,432.40351928710936,1
2024-02-23,491.75732421875,493.9650747069926,491.03109011668937,493.1323109036816,61321800,432.8864050292969,1
2024-02-26,489.9562072753906,492.62875800348365,489.8303219801488,492.1930057584985,50386700,433.3689497375488,1
2024-02-27,490.866455078125,491.089177503547,488.7555417521869,490.6437622032437,48854500,433.8468542480469,1
2024-02-28,490.2176818847656,490.79864549092105,488.9588584535033,489.3171291941457,56506600,434.32496154785156,1
2024-02-29,491.97998046875,493.5873820410347,489.336507446408,491.9703174424767,83924800,434.81446563720704,1
2024-03-01,496.5988159179688,497.02487558805785,492.4447784604082,492.8514825275074,76844800,435.32026596069335,1
2024-03-04,496.0662841796875,497.90610083671146,495.7758023657051,495.804880097644,49799300,435.83661636352537,1
2024-03-05,491.1085510253906,494.5170287187888,488.910493074669,494.0715838516931,72855600,436.3043374633789,1
2024-03-06,493.5970458984375,495.8435368483092,492.3092039305024,494.3716836843407,68382400,436.7653518676758,1
2024-03-07,498.4967956542969,499.5425893667193,493.6552347093042,496.8797308469733,58652100,437.25378524780274,1
2024-03-08,495.5046691894531,501.7986682913954,494.9333685962926,499.1261765392488,86532500,437.72644409179685,1
2024-03-11,495.07861328125,495.6596064560232,492.3867068036568,494.3039754152461,62557200,438.21947341918946,1
2024-03-12,500.4043884277344,500.9853520856395,494.6719378646776,497.1798923736504,73114400,438.7534930419922,1
2024-03-13,499.6199951171875,500.89817425614416,498.1869120376378,500.7238851600706,55104100,439.2665483093262,1
2024-03-14,498.6322937011719,500.74320684304695,495.601472306832,500.5882438210127,110171800,439.74895706176756,1
2024-03-15,495.2084045410156,497.0247990949515,493.5474544938414,495.57751113868864,107646300,440.21348052978516,1
2024-03-18,498.1515197753906,500.69637526560086,497.743581681272,499.2588396012805,88893300,440.7038737487793,1
2024-03-19,500.9197387695313,501.2014003846193,496.46135139014376,497.4618400064828,60755300,441.1891027832031,1
2024-03-20,505.5529479980469,505.688947116047,500.30785211015336,500.9780657234889,69594600,441.66829544067383,1
2024-03-21,507.2236633300781,509.07885971572495,506.941942394898,508.37953729329536,60256100,442.159766998291,1
2024-03-22,506.26220703125,507.6220207725237,506.0290402071479,507.1363603039134,79070800,442.6419790649414,1
2024-03-25,504.86334228515625,506.0094935131632,504.70789778508725,504.8924510759777,48512100,443.1242825317383,1
2024-03-26,503.9308776855469,506.62145492992863,503.5326622935472,506.2814571224077,65463700,443.5895721435547,1
2024-03-27,508.1658630371094,508.20475380954497,504.5914097711624,506.74777267634687,82999800,444.07235046386717,1
2024-03-28,508.0686950683594,509.5645075137889,507.7870334248163,508.2046941865004,96294900,444.53597274780276,1
2024-04-01,507.1847839355469,509.341146689148,506.0289099464076,508.8069321681379,62477500,444.9814836120606,1
2024-04-02,503.9600524902344,504.0959923303483,501.6676906072498,503.3772245058647,74230300,445.40838150024416,1
2024-04-03,504.5137023925781,506.0095743423354,502.8236137137703,502.8721678960329,59155800,445.8121006774902,1
2024-04-04,498.35552978515625,508.8457817223291,498.0544227328248,508.5058431836269,96858100,446.19224639892576,1
2024-04-05,503.5617370605469,505.5141009734885,499.2685165612303,499.7056226929599,74546500,446.6093785095215,1
2024-04-08,503.8434448242188,505.26159438808656,503.03729132856745,504.2611648955792,48401800,447.0386827087402,1
2024-04-09,504.4263305664063,505.81531221165,499.598835308796,505.572482008956,68049200,447.4633572387695,1
2024-04-10,499.3753967285156,501.35686962666665,497.4036465229804,498.7537372482173,82652800,447.8786340332031,1
2024-04-11,503.1441345214844,504.5816702204379,497.3939324409582,500.8906633299254,70099000,448.3212591552734,1
2024-04-12,496.1991882324219,501.0266533234711,494.47993161292834,499.61822644383983,92561100,448.706431427002,1
2024-04-15,489.9827575683594,500.5215638494566,489.1376836277077,500.3564559239092,92101400,449.0594645690918,1
2024-04-16,489.089111328125,491.9739349954312,487.80696088879887,490.4586770734476,73484000,449.39976501464844,1
2024-04-17,486.1945190429688,491.7019199393697,484.8055376860778,491.5367823931825,75910300,449.7007501220703,1
2024-04-18,485.1941223144531,489.6719263116465,484.26166270979206,487.5835926622845,74548100,449.9942825317383,1
2024-04-19,480.9591369628906,486.1071245547147,479.6964023315547,485.1163881622374,102212600,450.2698112487793,1
2024-04-22,485.3883666992188,487.9720832401042,481.2213927224744,483.5525564034497,67961000,450.5841598510742,1
2024-04-23,491.1482543945313,491.575637828991,485.2037770782218,487.38924842347393,64633600,450.9326416015625,1
2024-04-24,490.9152221679688,492.8190025317232,488.7006120510912,492.03223509825074,55928100,451.27462448120116,1
2024-04-25,489.05029296875,489.8079219959981,483.2223682538086,484.8639027532391,69122400,451.59382873535156,1
2024-04-26,493.6834106445313,495.256945251453,491.19683231516194,491.82818476774327,64306100,451.91909271240235,1
2024-04-29,495.4318237304688,496.1020373711397,492.7024149907208,495.4609621651781,46415400,452.23608856201173,1
2024-04-30,487.5835571289063,494.94615471248864,487.5835571289063,493.9748340493992,77483600,452.5151885986328,1
2024-05-01,486.0003356933594,493.6154866987963,485.5340910693037,487.0007948647309,80242800,452.77887634277346,1
2024-05-02,490.5460815429688,491.3814327412964,485.2232335484866,489.69131460230034,62550200,453.0491961669922,1
2024-05-03,496.6265869140625,497.8504308833997,493.9748706361785,496.5003104757314,72756700,453.3450653076172,1
2024-05-06,501.7551574707031,501.7939889574732,498.5789197070483,499.0160258932404,47264700,453.6810884094238,1
2024-05-07,502.3088073730469,503.6977888774315,501.6385937101903,502.7167454724822,52561300,454.0198797607422,1
2024-05-08,502.3572692871094,502.8914837238015,500.36607404960216,500.4826277708913,42047200,454.3492073059082,1
2024-05-09,505.2518615722656,505.290752341684,501.8911299613047,502.5418982172586,43643700,454.68704971313474,1
2024-05-10,505.9027404785156,507.65110602328485,504.6885895051044,506.8448931772194,52233200,455.02780990600587,1
2024-05-13,505.9706115722656,507.6801453946088,504.8341830162767,507.5733143518892,36716400,455.3834210205078,1
2024-05-14,508.2921142578125,508.80694268932734,505.6307050054446,506.1649195375013,57535900,455.72935302734373,1
2024-05-15,514.5863037109375,514.8776880610556,510.1181929651904,510.7495751277046,59504900,456.1025756835937,1
2024-05-16,513.5275268554688,516.2763809484062,513.381805041238,514.6834008229457,50244800,456.4767991638184,1
2024-05-17,514.2657470703125,514.3337466322346,512.1968292743588,513.6440876053468,59187600,456.88522552490235,1
2024-05-20,514.8582153320312,516.3151962899514,513.9937257353356,514.3822777046638,37764200,457.30281295776365,1
2024-05-21,516.1209106445312,516.2763551432357,513.8966077662355,514.1006064390205,33437000,457.7364682006836,1
2024-05-22,514.6348266601562,516.1403617816678,512.4687413388463,515.4313166919542,48390000,458.1439533996582,1
2024-05-23,510.8758239746094,517.7818994806975,509.6713365846429,517.6750684388743,57211200,458.54206146240233,1
2024-05-24,514.2560424804688,515.0622552748287,511.7694638177849,512.7116164560648,41291100,458.971485748291,1
2024-05-28,514.615478515625,515.2954149429256,511.9929004587325,515.0623074329295,36269600,459.4019384765625,1
2024-05-29,511.0117492675781,512.1870685483111,510.3027041932999,510.60381121104734,45190300,459.81562210083007,1
2024-05-30,507.6218872070313,510.1376338577683,506.3786275625725,509.4771429084137,46377600,460.2005354309082,1
2024-05-31,512.2454223632812,512.3716988043419,503.49381286592205,508.57386073354985,90785800,460.6336489868164,1
2024-06-03,512.6630249023438,514.1297285627861,507.612145688168,513.8480669180504,46835700,461.08446701049803,1
2024-06-04,513.2361450195312,513.974358217118,509.9045222228089,511.361503233401,34632700,461.55424758911136,1
2024-06-05,519.3359985351562,519.3554439193825,513.566351467224,515.5478835476441,47610400,462.053518371582,1
2024-06-06,519.326416015625,520.0646293989788,517.4032195687892,519.6372458236016,30808500,462.5390950012207,1
2024-06-07,518.6950073242188,521.4924158492759,517.2671349822953,518.3550094881825,43224500,463.0272326660156,1
2024-06-10,520.2976684570312,520.6182209175571,517.2963204143864,517.8888118681492,35686100,463.4999348449707,1
2024-06-11,521.5505981445312,521.6088750080388,516.7911035808329,518.7531901267605,36383400,464.0084048461914,1
2024-06-12,525.8341674804688,528.5150221365492,524.8045698950608,526.0964430443454,63251300,464.5234927368164,1
2024-06-13,526.8929443359375,527.7477113251548,524.1149812633378,527.5728807070939,44760900,465.0304685974121,1
2024-06-14,527.2135620117188,527.2426708093075,524.3675397366727,525.3680286737572,40089900,465.50829528808595,1
2024-06-17,531.4096069335938,532.7986479029511,526.0770650167459,526.5336166388124,55839500,465.9982127380371,1
2024-06-18,532.7597045898438,532.8859810291509,531.0501705974204,531.4678314025467,41376400,466.4980520629883,1
2024-06-20,531.3124389648438,534.3429548976981,529.5446281232266,533.6824639158926,70328200,466.98661865234374,1
2024-06-21,530.60009765625,531.7109897848462,529.148170327666,530.4929219620788,64338600,467.4809936523437,1
2024-06-24,528.8754272460938,532.9779021135574,528.7584974638556,530.4248360747221,45528700,467.9812564086914,1
2024-06-25,530.9119873046875,531.272530660959,528.5830271026286,530.0934194702492,37936200,468.49828506469726,1
2024-06-26,531.5745239257812,532.2858564645144,529.1578965249615,529.8010101320955,38550600,469.0154067993164,1
2024-06-27,532.4125366210938,532.9874907686532,530.6974877125363,531.4380824208646,35041500,469.5226397705078,1
2024-06-28,530.3175048828125,536.2227551968151,529.0799883321372,533.1824029810238,76144500,470.0312182617188,1
2024-07-01,531.4089965820312,531.9351805545184,528.6610279959765,531.6915669508893,40297800,470.5427551269531,1
2024-07-02,534.9852294921875,534.9852294921875,529.7621680864318,529.8108789121317,40434800,471.05367401123044,1
2024-07-03,537.3726196289062,537.7331629819162,534.6344052723863,534.6733620352073,32789900,471.6026023864746,1
2024-07-05,540.4712524414062,540.8707524649171,537.041154874647,537.6745738489498,41488400,472.16577041625976,1
2024-07-08,541.0950317382812,542.0402238948535,540.0328503436032,541.250918262468,36110500,472.73649368286135,1
2024-07-09,541.6212158203125,542.946459442177,541.3288914148972,542.0499781069125,27289700,473.3294731140137,1
2024-07-10,546.980712890625,547.3217481165079,542.5469575742852,542.8392819787523,38701200,473.9842097473145,1
2024-07-11,542.2642211914062,547.964813600151,541.6308616855196,547.0975351406863,53054200,474.6200408935547,1
2024-07-12,545.6845703125,549.2705544498172,542.917153831161,543.3848727911708,53084400,475.2642460632324,1
2024-07-15,547.1853637695312,550.4108051950651,545.3338767680585,547.6725909303428,40584300,475.946575012207,1
2024-07-16,550.43017578125,550.7225001410881,547.7406727188134,548.4910214723672,36475300,476.64430847167966,1
2024-07-17,542.712646484375,546.191455897242,542.3910598728387,544.5251174294385,57119000,477.2915440368652,1
2024-07-18,538.5418701171875,545.2266716040288,536.3688561297039,544.2424632762184,56270400,477.9229405212402,1
2024-07-19,534.9656982421875,539.9256971843263,533.9132708630742,538.3080696139889,65509100,478.5372760009766,1
2024-07-22,540.4811401367188,541.0852970880696,536.9438660153718,538.8732666357521,43346700,479.2067704772949,1
2024-07-23,539.6334228515625,542.5177700069449,539.1461956184527,540.3739582860657,34439600,479.85722290039064,1
2024-07-24,527.4038696289062,535.1410389720269,526.4878802289309,534.8389605250121,74515300,480.44729888916015,1
2024-07-25,524.6559448242188,533.474804346627,523.7205067049787,527.5208430163394,61158300,480.9993322753906,1
2024-07-26,530.5319213867188,533.2116708123141,527.6572691986129,528.4271261891337,53763800,481.5674850463867,1
2024-07-29,530.8438110351562,533.075290294702,528.8558859099915,532.0716331475277,39515800,482.12634765625,1
2024-07-30,528.1541748046875,533.3577863863941,524.7630932312389,532.305359200303,46853600,482.6631788635254,1
2024-07-31,536.7391967773438,539.3604813512061,533.5917282671721,534.9559286681133,65663400,483.2557620239258,1
2024-08-01,529.1384887695312,540.6955035812163,525.6499253938641,538.4542703754322,76428700,483.8207569885254,1
2024-08-02,519.2866821289062,523.2721666167066,515.0964813658185,522.063852889589,82789100,484.3146011352539,1
2024-08-05,504.1631774902344,510.2048061292907,497.2347918573109,498.5698192467497,146267400,484.73292419433596,1
2024-08-06,508.8114013671875,516.2172312004363,504.6407078832997,505.9561975655288,84826300,485.202504119873,1
2024-08-07,505.4104309082031,518.0101770927619,504.8160280713854,514.9698250199898,70698300,485.67330642700193,1
2024-08-08,517.09423828125,517.7178438799879,508.509297609946,510.52636582888704,63276600,486.2277947998047,1
2024-08-09,519.3743286132812,520.8555180126824,515.0575036936727,516.2755714297688,45619600,486.79720428466794,1
2024-08-12,519.647216796875,522.0443360943832,517.3864758873478,520.563206135425,42542100,487.3526924133301,1
2024-08-13,528.1931762695312,528.4270952564345,522.5803695792055,522.8239831490899,52333100,487.9802281188965,1
2024-08-14,529.8595581054688,531.0386692920978,526.3222840215557,528.9825253913183,42446900,488.64020568847656,1
2024-08-15,538.9414672851562,539.2240376315274,534.8585012342127,535.4626581650564,60846800,489.35460998535154,1
2024-08-16,540.1497802734375,540.8416642629177,537.1777064456791,537.3335929699142,44430700,490.05137954711915,1
2024-08-19,545.3142700195312,545.3142700195312,539.7111586836203,540.5589290320204,39121800,490.76138626098634,1
2024-08-20,544.4275512695312,546.5128974468605,543.0925538279611,544.8660675368706,33732300,491.44545318603514,1
2024-08-21,546.2985229492188,547.7504502285475,540.5589732888145,545.4702606482219,41514600,492.0998164367676,1
2024-08-22,542.0108642578125,548.7930866218962,540.8025506157201,548.18892980085,56121500,492.7137910461426,1
2024-08-23,547.77001953125,548.7055171032431,543.053634385247,545.236462053231,50639400,493.351739654541,1
2024-08-26,546.4641723632812,549.504464836925,544.7686315002069,548.7931322733509,35788600,493.97717971801757,1
2024-08-27,547.2145385742188,547.7017657101911,544.057316249273,545.197411094177,32693900,494.6048284912109,1
2024-08-28,544.037841796875,547.3022994954773,540.8611111576025,546.8735372102509,41066000,495.23303680419923,1
2024-08-29,544.0865478515625,549.2804060501943,542.9464529460971,545.9964997373786,38715200,495.82884368896487,1
2024-08-30,549.2803955078125,549.7871307787254,542.9074857644326,546.4447596496766,62700100,496.4526448059082,1
2024-09-03,537.976806640625,546.4837745967734,535.4724516729985,546.1524339283656,60600100,496.97874801635743,1
2024-09-04,536.8755493164062,540.2666308743978,535.4236220855641,536.144708671945,47224900,497.494764251709,1
2024-09-05,535.5697631835938,539.652728695669,533.1238736044508,536.8170931187602,44264300,498.00159942626954,1
2024-09-06,526.55615234375,537.5090100138885,525.6596709710985,535.8914419191495,68493800,498.4606665039062,1
2024-09-09,532.4514770507812,533.7183150530045,528.8167820276888,530.7364876707761,40445800,498.9324774169922,1
2024-09-10,534.7706909179688,535.1215396263949,529.4989199451313,534.3516827554222,36394600,499.42065841674804,1
2024-09-11,540.2569580078125,541.1729474655668,526.1663863296421,534.683107736862,75248600,499.9278321838379,1
2024-09-12,544.8076171875,545.1096956062142,538.6197974189213,540.8318274541291,51819600,500.45640914916993,1
2024-09-13,547.6529541015625,548.6469163083269,545.1583540035298,545.4117215837606,39310500,501.00316696166993,1
2024-09-16,548.4617919921875,548.7248541652143,545.5968944537451,547.3898567571744,36656100,501.5517991638184,1
2024-09-17,548.6859741210938,552.1063181322738,546.4641898322706,550.6640853659264,49321000,502.10309494018554,1
2024-09-18,547.0587158203125,554.1624668793891,546.5032696834501,549.3389057758787,59044900,502.6376231384277,1
2024-09-19,556.3939208984375,558.2454079377469,553.5680389935643,556.4231830771506,75315500,503.20580795288083,1
2024-09-20,555.43212890625,556.4682163688195,552.4215869805491,555.0314034219361,77503100,503.78080474853516,1
2024-09-23,556.8200073242188,557.465153194272,555.2854144616904,556.4974940475859,44116900,504.3631750488281,1
2024-09-24,558.4132690429688,558.471913246618,554.7967173955426,557.6117584874984,46805700,504.96238403320314,1
2024-09-25,557.1817626953125,558.9900686130115,556.0772469828556,558.2569861308538,38428600,505.5387030029297,1
2024-09-26,559.3907470703125,561.7464186568862,557.0449191197562,561.4238456875147,48336000,506.11656768798827,1
2024-09-27,558.5794067382812,561.2673753932927,557.5531033653197,560.4561405350975,42100900,506.68174407958986,1
2024-09-30,560.8178100585938,561.4238200592039,555.2659399397932,557.5531235786384,63557400,507.24793823242186,1
2024-10-01,555.7936401367188,561.1109325028423,553.2327442205948,560.4658463652788,72668800,507.75815078735354,1
2024-10-02,556.0284423828125,557.0450217078318,552.5194539591633,554.9044182594154,38097800,508.262255859375,1
2024-10-03,555.01171875,556.9470368946191,552.7342597435006,554.5620734708386,40846500,508.7650248718262,1
2024-10-04,560.0553588867188,560.4267920576441,555.2854315259468,559.4395649274686,42939100,509.28023040771484,1
2024-10-07,554.9922485351562,559.0584457401652,553.8486566717974,558.413299806086,49964700,509.7562251281738,1
2024-10-08,560.2410888671875,560.8373745453375,556.683241044493,557.553120131347,37398700,510.29032119750974,1
2024-10-09,564.12158203125,564.6787318135322,559.6350914993983,560.2313175326061,37912200,510.82232345581053,1
2024-10-10,563.1343383789062,564.5516429072721,561.5313172618801,562.7824731556751,44138100,511.3447900390625,1
2024-10-11,566.5064697265625,567.2395520271365,562.9192107150462,563.0560670625003,42268000,511.8744340515137,1
2024-10-14,571.1397094726562,572.0682925934088,567.6306615716253,568.1095992711693,36217200,512.4230804443359,1
2024-10-15,566.7020874023438,571.7065921692961,565.4900076351577,571.4035871421002,54203600,512.9486671447754,1
2024-10-16,569.1651000976562,569.6831735720418,565.9004735816125,566.7019840754366,30725400,513.493250427246,1
2024-10-17,569.2139892578125,572.8989689898087,569.0282726746998,572.6936844531912,34393700,514.0509568786621,1
2024-10-18,571.4036254882812,572.1855682246422,569.4389548394798,570.8953358633636,37416800,514.6382995605469,1
2024-10-21,570.4651489257812,571.6576009296549,567.5034675529424,570.6801577821931,36439000,515.2282609558106,1
2024-10-22,570.1622314453125,571.3156073773309,567.2885457643838,567.9434160693424,34183800,515.8136088562012,1
2024-10-23,564.9524536132812,568.5885737772464,561.4629738103232,568.1487123526306,49314600,516.34056640625,1
2024-10-24,566.1741943359375,566.9757049256177,563.5644376745634,566.897492764615,34979900,516.8771186828614,1
2024-10-25,565.978759765625,571.2765455255891,565.0404523577657,568.3930757936422,47268200,517.3997184753418,1
2024-10-28,567.7283325195312,569.5659304498093,567.4253275234959,569.4388580651755,30174700,517.932082824707,1
2024-10-29,568.6471557617188,569.7613956814984,565.382469188388,566.7704218431865,42899700,518.4674432373047,1
2024-10-30,566.9268798828125,570.1622147162088,566.2230897069062,568.1779762445088,41435800,519.0026753234863,1
2024-10-31,555.8133544921875,562.6456733933426,555.617853906816,562.5772452055423,60182500,519.4951213073731,1
2024-11-01,558.1592407226562,562.5675198682408,557.7487312114673,558.432953502388,45667500,519.9789624023438,1
2024-11-04,556.9569091796875,559.5862337823984,555.0802349340614,558.2960015952809,38217000,520.4280328369141,1
2024-11-05,563.6914672851562,563.7305435334926,557.6508758763042,557.8658847297456,39478300,520.9058375549316,1
2024-11-06,577.7080078125,578.57794657906,572.1854895240832,575.9095457320777,68182000,521.4468986511231,1
2024-11-07,582.1749267578125,583.1915058614667,579.6238143381844,579.7020264980958,47233200,522.0077281188965,1
2024-11-08,584.6968383789062,586.1141431643453,582.7223837264295,582.7223837264295,46444900,522.5683854675293,1
2024-11-11,585.25390625,586.6320749270757,583.5335966542183,586.2802096893201,37586800,523.1348297119141,1
2024-11-12,583.4358520507812,585.7718958867575,580.9628921945897,585.175669871058,43006100,523.6734957885742,1
2024-11-13,583.71923828125,585.7132006975053,581.5395592925206,583.8951708775321,47388600,524.215418395996,1
2024-11-14,579.9659423828125,584.3253608590082,579.2817798181851,583.8464232004079,38904100,524.7773551940918,1
2024-11-15,572.5374145507812,576.8870491794336,570.6900323906797,576.4178358264271,75988800,525.2715509033203,1
2024-11-18,574.8831787109375,576.1929190461736,572.1365660073782,572.9966610430482,37001700,525.7525415039063,1
2024-11-19,576.9846801757812,577.7079785622685,570.8561521859538,571.5208063697094,49412000,526.2527543640136,1
2024-11-20,577.18017578125,577.4636128156191,571.4425893061045,577.0628873767942,50032600,526.7470208740234,1
2024-11-21,580.2786865234375,581.6959910919024,574.1990184692589,580.014817427747,46750300,527.2368330383301,1
2024-11-22,582.0771484375,582.7027263378066,579.7703970458107,580.2688429124006,38226400,527.7345721435547,1
2024-11-25,584.0516967773438,587.3065398623395,581.7742372889147,585.9967993093868,42441400,528.2282405090332,1
2024-11-26,587.1012573242188,587.7659115133398,584.5794372696156,585.2929516850081,45621300,528.7382217407227,1
2024-11-27,585.322265625,587.2966601103464,583.8072407585437,586.9155026434518,34000200,529.2727149963379,1
2024-11-29,588.95849609375,589.74043886528,585.8600172866273,586.1336704103786,30177400,529.8036505126953,1
2024-12-02,590.0140991210938,590.6885373789082,588.8802314936704,589.3689531396692,31746000,530.3232092285157,1
2024-12-03,590.2876586914062,590.5320194756874,588.7531254655074,589.7794288278096,26906600,530.8562393188477,1
2024-12-04,593.9530639648438,594.1974247464545,591.3042312735546,591.9688854405287,42787600,531.4209111022949,1
2024-12-05,592.9756469726562,594.7546007001943,592.6237817496434,593.9530901421784,28762200,531.9785169982911,1
2024-12-06,594.0997924804688,595.3313805479372,593.3276337729875,593.738143242676,31241500,532.4919242858887,1
2024-12-09,591.0404052734375,594.1486677967985,590.4539631589937,593.9825191407734,34742700,532.9883396911621,1
2024-12-10,589.2027587890625,592.1350884376395,588.5478885385655,591.7147950136848,37234500,533.4845724487304,1
2024-12-11,593.7576904296875,594.7057817338718,591.841880207483,592.1155929499696,28677700,533.9990286254883,1
2024-12-12,590.6981811523438,593.4643020580946,590.6981811523438,592.897428037337,31543800,534.5014311218262,1
2024-12-13,590.5809326171875,593.4350498406591,589.2124883774769,592.7215354493896,35904700,534.9944358825684,1
2024-12-16,593.102783203125,594.0705021581772,591.5584657830842,592.3306244931046,43695200,535.4769557189942,1
2024-12-17,590.6591186523438,591.5192734247074,589.2907339933267,590.5613981975558,55773500,535.9499198913575,1
2024-12-18,573.055419921875,592.7312963771194,572.674202761188,590.3561165933274,108248700,536.3596542358398,1
2024-12-19,572.87939453125,579.6237759904493,572.635033748792,578.0207549395101,85919500,536.7560659790039,1
2024-12-20,579.7603759765625,584.2717241370053,569.7176190978377,570.561095027684,125716700,537.1623838806153,1
2024-12-23,583.2320556640625,583.8302883719545,576.3374745859168,579.5052825841503,57635800,537.6010208129883,1
2024-12-24,589.7147216796875,589.7539893082886,583.997031715741,584.5756905048978,33160100,538.0742013549805,1
2024-12-26,589.75390625,590.8718961830699,586.5567076471659,587.9493315050056,41219100,538.5209489440917,1
2024-12-27,583.5459594726562,586.2626090728168,579.3778441686201,586.0271828680434,64969300,538.9405787658692,1
2024-12-30,576.8866577148438,580.3388565581548,573.1500678896946,576.5630589676712,56578800,539.3318505859374,1
2024-12-31,574.7879638671875,579.2601035674252,573.1599137063401,578.5441278348751,57052700,539.7297483825683,1
2025-01-02,573.3756713867188,579.7406180456738,569.3154229960469,578.0341524534392,50204000,540.105869140625,1
2025-01-03,580.5448608398438,581.1823013188991,575.1311959956543,576.2100381173573,37888500,540.5039947509765,1
2025-01-06,583.88916015625,588.145567536734,582.1630605707853,584.7816606701658,47679400,540.8956758117675,1
2025-01-07,577.2888793945312,586.2331597023842,575.4745472605013,585.909501046868,60393100,541.2460018920898,1
2025-01-08,578.1323852539062,579.2014107443856,573.9250615152131,577.3576276009989,47304700,541.6053527832031,1
2025-01-10,569.3056030273438,574.6604259424307,567.4029789022777,574.5917674597674,73105000,541.9275640869141,1
2025-01-13,570.1883544921875,570.5414039943755,564.2646890570356,564.6766400021115,47910100,542.2588514709473,1
2025-01-14,570.9728393554688,573.7286961683375,567.2067990118115,573.1010128011978,48420600,542.5728863525391,1
2025-01-15,581.35888671875,582.4965105633459,577.847846118657,578.956079102548,56900200,542.939337310791,1
2025-01-16,580.2408447265625,582.8985926554029,579.5445027973688,582.7220679112103,43319700,543.3046176147461,1
2025-01-17,586.0664672851562,587.8121409710091,584.1343920679883,585.4584175885924,58070600,543.7151496887207,1
2025-01-21,591.430908203125,591.440725108679,587.1352937130949,589.0967593301249,42532900,544.1497357177734,1
2025-01-22,594.7556762695312,596.1090924921224,593.6964679520279,594.2456759945876,48196000,544.6317364501953,1
2025-01-23,598.001953125,598.001953125,593.8534716457165,594.1280457618639,41152100,545.1039375305176,1
2025-01-24,596.256103515625,599.0120202031255,595.1086628774257,598.0606782414739,34604700,545.5660008239746,1
2025-01-27,587.8218994140625,588.1357411390088,583.1830517473746,583.3497595871564,70361100,545.9829786682129,1
2025-01-28,592.8727416992188,593.7063408187366,585.742793521421,589.0478589949998,44433300,546.4504653930665,1
2025-01-29,590.2149658203125,592.490273723341,587.6748408337293,592.0881396439286,37177400,546.8858195495606,1
2025-01-30,593.3826293945312,594.9125703683252,589.1458559611356,592.3234809305729,39281300,547.3717367553711,1
2025-01-31,590.2246704101562,598.2078504382997,589.4694869358445,595.7952259985301,66566900,547.87294631958,1
2025-02-03,586.252685546875,588.7240915852041,579.1129217803689,581.2509121761593,65857200,548.3587641906738,1
2025-02-04,590.1854858398438,590.695426254437,585.7721876960313,586.3115788306599,33457800,548.8787190246582,1
2025-02-05,592.5784301757812,592.7255640609287,587.0471418694162,589.0674493379312,30653100,549.4156405639649,1
2025-02-06,594.6380615234375,594.7655616068429,591.0191542265169,594.3144028610088,35771500,549.9840351867675,1
2025-02-07,589.1949462890625,596.4131263461926,588.4887874469584,595.1970270806008,50788500,550.5030680847168,1
2025-02-10,593.1962890625,593.8337894109928,591.1269569453736,592.3921407355843,26048700,551.0133082580567,1
2025-02-11,593.6474609375,594.1868520894046,590.8229452462591,590.940628411795,30056700,551.5269694519043,1
2025-02-12,591.7350463867188,592.9021210468912,586.9785152974936,587.6552234594287,45076100,552.0403932189942,1
2025-02-13,597.9822998046875,598.1882752794738,591.5781445820884,592.8334516677448,40921300,552.5618876647949,1
2025-02-14,597.9528198242188,599.2179436285784,597.3349533511362,598.1881861265014,26910400,553.0744926452637,1
2025-02-18,599.7084350585938,599.7084350585938,596.6583696805393,599.110202272389,26749000,553.6351170349121,1
2025-02-19,601.1206665039062,601.4148744301086,597.8156011046507,598.3256014161959,31011100,554.2107186889648,1
2025-02-20,598.6198120117188,599.8947529370754,595.3245635051746,599.7574359511714,36554000,554.7510873413086,1
2025-02-21,588.3809814453125,598.5413613568134,587.9200057904889,598.4040443652323,76519800,555.2098593139649,1
2025-02-24,585.7035522460938,591.4114252530362,584.997393388531,590.420875386549,50737200,555.6296012878418,1
2025-02-25,582.7907104492188,586.3704094872951,578.200887648266,585.6446767168586,58266500,556.0320108032226,1
2025-02-26,583.0849609375,588.0278934374002,580.4566037497201,584.4481941378576,43321600,556.4356492614746,1
2025-02-27,573.7777709960938,586.4979078319449,573.3855137517263,585.3504072406853,74196700,556.7782788085938,1
2025-02-28,582.7318115234375,583.2613856894067,571.2180179577261,574.2778995239084,88744100,557.1624241638184,1
2025-03-03,572.5224609375,585.8310134980443,568.727029424783,584.6933298193593,74249200,557.4951834106446,1
2025-03-04,565.7455444335938,574.1112244792533,561.2243803057662,568.5406690059347,109648200,557.7824505615234,1
2025-03-05,571.826171875,573.611113090913,562.0384758390375,565.5789075488999,71230500,558.0686499023437,1
2025-03-06,561.675537109375,568.991765926103,559.1354126670572,564.3921264239905,80094900,558.3093899536133,1
2025-03-07,564.8236694335938,566.2653779091431,554.7319495414885,559.9004310284239,81158800,558.5621795654297,1
2025-03-10,549.779296875,558.5666258451241,544.8854490052353,556.6542444695278,99326600,558.7367849731445,0
2025-03-11,545.208984375,553.1529563050404,541.3841622094388,548.6219753669684,88102100,558.8822253417969,0
2025-03-12,548.1022338867188,552.2605321303586,543.022044250635,551.3386407379146,69588200,559.0495623779296,0
2025-03-13,540.7957763671875,548.337615563181,539.0893105175023,547.7295658893665,74079400,559.1991621398926,0
2025-03-14,551.96630859375,552.9666753566005,540.8644044287432,545.3953858640715,62660300,559.387713470459,0
2025-03-17,556.2227172851562,558.7333912461695,551.5151512314662,551.9466761244148,49008700,559.5957496643066,0
2025-03-18,550.2107543945312,554.1336857355857,548.2884964881091,553.9178933850532,66041400,559.7917446899414,0
2025-03-19,556.2030029296875,559.9494094443329,550.8089724785119,551.9858638215135,66556000,560.0346502685547,0
2025-03-20,554.5946655273438,559.5768056668136,551.7603329396793,552.4763086964069,62958200,560.246396484375,0
2025-03-21,554.7776489257812,555.6728342872004,548.9247817378139,550.1543857754978,83763000,560.4569696044922,0
2025-03-24,564.712890625,565.7654388953832,560.8961948547495,561.4863807824129,58766800,560.7143533325195,1
2025-03-25,566.0703125,567.0047634369732,564.329174156886,565.9128895780813,38355700,560.9480249023437,1
2025-03-26,559.3124389648438,566.926137079624,557.9352585138073,565.8047238585734,51848300,561.1479550170899,0
2025-03-27,557.8271484375,561.5848258877031,555.7220517439531,557.925492752828,42164200,561.3436157226563,0
2025-03-28,546.5933837890625,557.0303082338021,546.0130443195492,556.3023922676962,71662700,561.4750942993164,0
2025-03-31,550.2625732421875,551.5610423029548,537.9468400615768,540.8585640195936,95328200,561.6186541748046,0
2025-04-01,551.8167114257812,553.7545984642982,544.6456828297712,548.3541875419536,54609600,561.7485668945312,0
2025-04-02,555.308837890625,558.1614830372098,545.7572527723408,545.9933271249679,76014500,561.8906463623047,0
2025-04-03,527.9427490234375,539.0288170958798,527.9427490234375,536.2154977474014,125986000,561.8942922973633,0
2025-04-04,497.0354309082031,517.2894637749819,496.8190194100305,515.1253487932553,217965100,561.7224214172363,0
2025-04-07,496.150146484375,514.6335325434056,473.9385626025981,481.2079959957712,256611400,561.539373626709,0
2025-04-08,488.3790588378906,516.4140007584771,481.1784904190608,513.3449138965836,165816600,561.3247067260742,0
2025-04-09,539.668212890625,539.668212890625,485.00493628771113,485.3885871028413,241867300,561.3700473022461,0
2025-04-10,516.0205688476562,524.7950065034121,501.0095530572283,523.4866909882965,162331200,561.3057730102539,0
2025-04-11,525.2278442382812,527.6772059586904,511.5841621734685,514.4761933704091,97866300,561.2773522949219,0
2025-04-14,530.3232421875,535.3990807406135,525.149059337469,535.172792794898,68034000,561.2710958862305,0
2025-04-15,528.8378295898438,534.3661235223595,528.0508951584542,530.8642142693149,56892900,561.2532223510742,0
2025-04-16,517.0828857421875,529.1133721339063,511.8005117485844,523.0046778330362,83484800,561.1870492553711,0
2025-04-17,517.8206176757812,522.5029590498531,515.3614098145464,519.0305887702018,79868100,561.1191073608398,0
2025-04-21,505.4951171875,513.1875268574667,500.16354114488826,512.6562995153043,69368100,560.9716567993164,0
2025-04-22,518.6469116210938,520.6634499571472,510.7184282802911,511.6529392279992,75948100,560.8780282592774,0
2025-04-23,526.68359375,536.5302712837308,525.1687433752924,531.6118557355538,90590700,560.8090899658204,0
2025-04-24,537.769775390625,538.4976913582739,526.7131857388315,527.9624225863133,64150400,560.792463684082,0
2025-04-25,541.6552734375,542.0585570888795,534.8186639244827,537.7303874976484,61119600,560.792633972168,0
2025-04-28,541.8618774414062,544.5178341418862,536.127047500035,542.3931048050576,47613800,560.7670397949219,0
2025-04-29,545.2752685546875,546.3868353532918,539.5993973829874,539.9535089190233,47775100,560.7820950317383,0
2025-04-30,545.49169921875,547.4394329210733,532.6841838633078,538.6354556420874,93101500,560.7811306762695,0
2025-05-01,549.3575439453125,554.8662060499098,548.7575115851928,551.2265660956555,63186100,560.7919915771485,0
2025-05-02,557.5122680664062,559.105829955879,553.203731094349,555.5153624660799,60717300,560.8274020385742,0
2025-05-05,554.3153686523438,557.4041485271615,552.5349043366007,553.3907039776933,38659200,560.8854156494141,0
2025-05-06,549.6820678710938,554.1578136718505,547.8721247089328,548.8262684339066,48264700,560.9411166381836,0
2025-05-07,551.993896484375,554.6203140304898,546.9672292946763,551.0102132045591,55588000,561.0262576293945,0
2025-05-08,555.8400268554688,561.0043636579312,552.5348657113146,556.0170826268422,65130800,561.1030520629882,0
2025-05-09,555.1317749023438,558.2401872369107,553.577538715433,557.2368112120467,37603400,561.1805438232421,0
2025-05-12,573.4774780273438,573.487324465949,567.6245507869492,571.9822603015932,78993600,561.4109118652344,1
2025-05-13,577.2647094726562,579.4681503640297,573.3299764411289,573.8906230635715,67947200,561.6739556884766,1
2025-05-14,578.00244140625,579.3697154326957,575.9858428026291,578.2188228927168,66283500,561.9113082885742,1
2025-05-15,580.8256225585938,581.3272505737436,575.553034807254,576.0055507079343,71268100,562.1612173461914,1
2025-05-16,584.5045776367188,584.7996705930015,579.664873035907,581.6027001482121,76052100,562.4429693603515,1
2025-05-19,585.1439208984375,585.8226647003453,578.5040593733968,578.5040593733968,68168500,562.6849929809571,1
2025-05-20,583.1765747070312,584.3570065824167,579.9796042324612,583.4127091135157,60614500,562.9551834106445,1
2025-05-21,573.3495483398438,582.910979810613,572.3265394745135,578.8385171464103,95197700,563.2254977416992,1
2025-05-22,573.5758666992188,577.0482371941405,571.9232260794693,573.1528300863163,70860400,563.5725611877441,1
2025-05-23,569.6607055664062,572.3166619439528,566.207968279521,566.5817726606184,76029000,563.8768077087402,1
2025-05-27,581.50439453125,581.6617574386509,568.9919119990551,576.507266661779,72588500,564.2572775268554,1
2025-05-28,578.1400756835938,583.0978771602481,577.412159762467,581.9075989404909,68445500,564.5625067138672,1
2025-05-29,580.4222412109375,583.5208672055215,576.5072014152614,583.3831371525944,69973300,564.8677462768554,1
2025-05-30,579.7730102539062,581.4846092815853,573.7233350319688,579.3204944032111,90601200,565.1683752441406,1
2025-06-02,583.0388793945312,583.1175308206884,575.51367904973,578.1696356443219,61630500,565.4426037597656,1
2025-06-03,586.3637084960938,587.3375451970118,582.1928415555221,582.6748967264019,63606200,565.7251245117187,1
2025-06-04,586.206298828125,588.1933580255613,585.77347583579,587.2195213026215,57314200,565.9614486694336,1
2025-06-05,583.3732299804688,589.2261562279789,581.4058638494905,587.8785152313988,92278700,566.1775659179688,1
2025-06-06,589.3639526367188,591.0263796061765,587.1211261759919,588.8917438854173,66588700,566.3978143310546,1
2025-06-09,589.8950805664062,591.4394702547755,588.7244952632093,589.9344062766999,53016400,566.6251519775391,1
2025-06-10,593.2396240234375,593.623214804717,589.3147380391201,590.4262447121249,66247000,566.8598574829101,1
2025-06-11,591.5477294921875,595.1873694307895,589.491865174911,594.3315698285918,73658200,567.107541809082,1
2025-06-12,593.8987426757812,593.8987426757812,589.7377818775473,590.2197770479303,64129000,567.3381854248047,1
2025-06-13,587.2588500976562,592.0296894370186,585.7636324727854,588.7343748466453,89506000,567.5421588134766,1
2025-06-16,592.84619140625,594.5873299052357,590.4263090889528,590.6034249017806,79984100,567.7703170776367,1
2025-06-17,587.7802124023438,591.9313264126861,587.0227571759267,590.4164759991057,82209400,567.9890289306641,1
2025-06-18,587.6915893554688,591.4098799727104,586.7373856000019,588.6752723813021,76605000,568.2070541381836,1
2025-06-20,586.3115234375,591.4220592916591,584.910520395366,590.3565237964918,94051400,568.392209777832,1
2025-06-23,592.1026611328125,592.4873858895392,583.9534091720473,587.0611349460189,87426000,568.662839050293,1
2025-06-24,598.6438598632812,599.699459496435,595.3189919942236,596.2266992885851,67735300,568.9716806030274,1
2025-06-25,598.979248046875,600.4492593088346,597.4204170810242,599.7586334214261,62114800,569.2887280273437,1
2025-06-26,603.6656494140625,604.0997520202613,600.2125796609942,600.8242614856257,78548400,569.6742755126953,1
2025-06-27,606.664794921875,608.1249909093486,602.6395460052738,604.6620460106875,86258400,570.0453421020508,1
2025-06-30,609.5653686523438,610.9169938229498,606.7930496988761,609.1016996773074,92502500,570.4193154907226,1
2025-07-01,609.3681030273438,610.5322734636828,607.2666588703396,608.0953617899536,70030100,570.7648712158203,1
2025-07-02,612.1305541992188,612.1699961712587,608.3420172970813,608.9635746030316,66510400,571.1014859008789,1
2025-07-03,616.955078125,617.8824764279548,614.0840634968408,614.1038145937416,51065800,571.4479965209961,1
2025-07-07,612.357421875,615.6625385416997,609.5851029977032,615.0014790783108,74814500,571.7674746704101,1
2025-07-08,612.0220336914062,613.7682592313246,611.2130216520668,613.0184402574613,59024600,572.0841549682617,1
2025-07-09,615.6920776367188,616.3432013077288,612.5842913923066,614.4193967168262,66113300,572.4273217773438,1
2025-07-10,617.428466796875,618.4643754376677,614.6561481365566,615.8301939872533,57529000,572.7324945068359,1
2025-07-11,615.258056640625,616.4814202079069,613.196114561925,614.389851486408,63670200,573.0316241455079,1
2025-07-14,616.4320678710938,616.7773507170579,613.4624186155016,614.804168244691,51898500,573.3296844482422,1
2025-07-15,613.7978515625,619.4411242116038,613.7189074073614,619.1057169315715,74317300,573.6066073608398,1
2025-07-16,615.8499755859375,616.3531467698953,609.7627242916457,615.3764310442137,88987500,573.899948425293,1
2025-07-17,619.6187133789062,619.9739319743786,615.8104858123922,616.0275671883336,68885700,574.201088256836,1
2025-07-18,619.1649780273438,621.0295897988693,618.0600006009754,620.861886140426,65621600,574.5040161132813,1
2025-07-21,620.3389892578125,623.0718060276608,619.9147622533486,620.3389892578125,63375000,574.8016220092774,1
2025-07-22,620.427734375,621.2860639110608,617.7935527028395,620.6645066309135,60046300,575.1247924804687,1
2025-07-23,625.7060546875,625.7060546875,621.2860849659141,623.0816882564411,70511000,575.4731805419922,1
2025-07-24,625.9132080078125,627.6200518287297,625.488980993582,626.0907872079496,71307100,575.8276879882812,1
2025-07-25,628.5571899414062,629.0307946350387,626.327544551562,626.5741923360653,56865400,576.1701971435547,1
2025-07-28,628.3994750976562,629.4847014583399,627.0182231688269,628.9322127301592,54917100,576.5372332763671,1
2025-07-29,626.741943359375,630.1061928990167,625.8342963044605,629.7904764849706,60556300,576.8697375488281,1
2025-07-30,625.9526977539062,629.129492632239,623.0718079865017,627.3930824208583,80418900,577.1788931274414,1
2025-07-31,623.6045532226562,631.2703255386737,622.3121212201215,630.8856007534994,103385200,577.4812442016602,1
2025-08-01,613.3834838867188,617.9415908673775,610.9860743719428,617.9020886786027,140103600,577.7156292724609,1
2025-08-04,622.7067260742188,622.7560435889075,617.1917152069655,617.280474690056,73218000,577.9734643554688,1
2025-08-05,619.5496826171875,624.1274805006751,618.6321599743907,623.3184684441039,68051400,578.237702331543,1
2025-08-06,624.2952270507812,624.9463507668227,619.7075537473198,620.615200817688,64357500,578.5133529663086,1
2025-08-07,623.7723388671875,628.4388963678413,620.674427785601,627.7088284528788,74205800,578.7861447143555,1
2025-08-08,628.63623046875,629.099959687417,625.2423540250035,625.5580704635792,64051600,579.0723077392578,1
2025-08-11,627.39306640625,630.382466681372,626.1499518449814,628.9124554108,58742300,579.3569473266601,1
2025-08-12,634.072265625,634.2300937128912,628.251353780633,629.7312404986845,64730800,579.6764974975586,1
2025-08-13,636.2428588867188,637.5254154950222,634.0624705008762,636.2625497647373,60092800,580.0329495239258,1
2025-08-14,636.3020629882812,636.9630622902898,633.7270741796365,634.1709920856589,59327500,580.3835888671875,1
2025-08-15,634.812255859375,637.4267466743545,633.9046087993034,637.3280514224831,68592500,580.7277563476563,1
2025-08-18,634.6741943359375,635.3648203144131,633.569216857079,634.2400917394748,43804900,581.0624856567383,1
2025-08-19,631.2308959960938,635.4732259966958,629.9187128752989,634.4965103700933,69750700,581.3754043579102,1
2025-08-20,629.5537109375,631.0829152899969,624.4629267215348,630.8264521540534,88890300,581.6885385131836,1
2025-08-21,627.028076171875,629.4156102095885,625.3114169787772,627.7483287539096,54805800,582.0446121215821,1
2025-08-22,636.6571655273438,637.8312114652382,628.70524285572,629.2084140029245,84083200,582.4371017456054,1
2025-08-25,633.855224609375,636.6374190424261,633.7368384817344,635.4041800322128,51274300,582.8215933227539,1
2025-08-26,636.5092163085938,636.8545593934813,632.9673872646679,633.5889446007113,51581600,583.1856820678711,1
2025-08-27,637.95947265625,638.6895405097797,635.7790844255956,635.9270971923372,48341100,583.4869393920899,1
2025-08-28,640.2188110351562,640.7712997557803,636.6868575289449,638.5613448732837,61519500,583.7771588134766,1
2025-08-29,636.400634765625,639.1532627231435,634.5162720889837,638.7881685836082,74522200,584.0356777954102,1
2025-09-02,631.6847534179688,631.9017745733,626.406454480519,628.9518765829083,81983500,584.26783203125,1
2025-09-03,635.1082153320312,635.5719445130327,631.8722274787872,634.05255551225,70820900,584.5261938476563,1
2025-09-04,640.4161987304688,640.4458253762351,634.8814354805204,635.7792071507064,65219200,584.8096786499024,1
2025-09-05,638.5612182617188,643.4646073746923,634.7036735299132,642.7443549194211,85178900,585.1026550292969,1
2025-09-08,640.1300659179688,641.1265327903665,638.5514836687598,639.9228600617976,63133100,585.4406182861328,1
2025-09-09,641.60986328125,642.1327252974712,638.5415189260096,640.2680535026645,66133900,585.7742517089844,1
2025-09-10,643.4646606445312,645.7732503039375,641.9058297062181,644.8557277247635,78034500,586.1066516113282,1
2025-09-11,648.8119506835938,649.5025765403432,644.8261440671411,645.4081991313436,69934400,586.4648104858398,1
2025-09-12,648.5948486328125,650.2720655980789,648.091737738302,648.7823033562848,72780100,586.8063912963867,1
2025-09-15,652.0480346679688,652.1762963553084,650.4991393056443,650.7951046545995,63772400,587.156245727539,1
2025-09-16,651.1502685546875,652.9064300011956,650.3708830930857,652.6005288851532,61169000,587.4917385864258,1
2025-09-17,650.3412475585938,652.8471677889224,645.5266771850337,651.1601352003632,101952200,587.8079385375977,1
2025-09-18,653.3798828125,655.9746224265324,651.4165760040546,653.0148488941834,90459200,588.1482266235352,1
2025-09-19,656.6160278320312,657.4569312262267,653.3215535907623,655.2606553211801,97945600,588.4865142822266,1
2025-09-22,659.7224731445312,660.1676217378205,655.1022751701781,655.131983947701,69452200,588.8350561523438,1
2025-09-23,656.1312866210938,660.2172101260659,654.914373896894,659.6037721086419,81708900,589.1642742919922,1
2025-09-24,654.043701171875,657.5162467217733,652.6289715744526,657.4173382288552,68082200,589.4647274780274,1
2025-09-25,651.0263061523438,652.3717757310584,647.4251431178142,650.91749472694,89622100,589.7549807739258,1
2025-09-26,654.756103515625,655.3002210405111,650.8581544995363,652.4707616041429,69179200,590.0582623291016,1
2025-09-29,656.5962524414062,658.1792111877495,654.7956708332731,657.2689872647139,73499000,590.3860415649414,1
2025-09-30,659.0695190429688,659.5345338964465,654.5482897020846,655.8542079251938,86288000,590.735375366211,1
2025-10-01,661.3153686523438,662.2255322042525,655.9828838603935,656.0916952927918,72545400,591.0731637573242,1
2025-10-02,662.0769653320312,663.4125921637317,659.6630669539827,663.2938778298502,56896000,591.4300576782226,1
2025-10-03,662.0672607421875,665.5001949823258,661.0284195287326,662.8389040732001,70494400,591.7874893188476,1
2025-10-06,664.4415893554688,665.3320074034157,662.314573504463,664.4514922823549,54623300,592.1441833496094,1
2025-10-07,661.9781494140625,665.8068381763353,660.5436138980969,665.3616291701808,72020100,592.500778503418,1
2025-10-08,665.925537109375,666.0245059882836,662.2749199573431,663.0960778489103,60702200,592.9651290893555,1
2025-10-09,663.996337890625,666.7466945063586,662.0671995495462,666.3410972158545,66501900,593.4207138061523,1
2025-10-10,646.0499877929688,666.7565834688588,645.8719162752307,664.9560020556908,159422600,593.7521618652344,1
2025-10-13,655.9630126953125,658.030731623523,652.7279561413051,653.5985682812151,79560500,594.1158166503906,1
2025-10-14,655.16162109375,658.7232324647772,646.1983260713891,650.1556317834018,88779600,594.4430511474609,1
2025-10-15,658.0703125,663.076302337462,651.8969246006144,659.70272543157,81702600,594.7846331787109,1
2025-10-16,653.5886840820312,661.5725563129243,650.0963324960569,659.7027147054259,110563300,595.1348468017578,1
2025-10-17,657.2986450195312,658.6540174880462,651.1153544209424,652.4608239631079,96500900,595.5369067382812,1
2025-10-20,664.1348876953125,665.0352086527322,660.1479331778372,660.197387427611,60493400,595.9836413574219,1
2025-10-21,664.1249389648438,665.8068060270512,662.8289237149189,664.2733620876278,56249000,596.4373876953125,1
2025-10-22,660.6722412109375,664.8274246920023,656.2202718491607,664.8274246920023,80564000,596.838024597168,1
2025-10-23,664.5899658203125,665.5298380529869,660.6722112216523,660.988802941274,65604500,597.2415286254883,1
2025-10-24,670.0213623046875,671.2283116328227,668.4384640813665,669.2398161192735,74356500,597.705191040039,1
2025-10-27,677.9260864257812,678.2228723013301,674.8393925526769,675.4428672302427,63339800,598.2041595458984,1
2025-10-28,679.7266235351562,681.5568533012904,677.520444889974,679.7167206093349,61738100,598.7562646484375,1
2025-10-29,680.0531616210938,682.338503435176,675.5813864900747,681.3689223981395,85657100,599.3055886840821,1
2025-10-30,672.5737915039062,678.6185613884796,672.5737915039062,676.6003572463494,76335800,599.8135934448242,1
2025-10-31,674.780029296875,677.7678146457715,671.9901213244605,677.7282029402567,87164100,600.2806991577148,1
2025-11-03,676.04638671875,678.4800912258883,672.6826525168186,678.3514739521635,57315000,600.7597268676758,1
2025-11-04,668.0328369140625,672.7024895383894,667.3799079726423,668.8935461650569,78427000,601.1695587158204,1
2025-11-05,670.3478393554688,673.5927987432043,666.9742023136038,667.7755543304748,74402400,601.5641433715821,1
2025-11-06,663.1554565429688,670.150002278421,661.5824008089137,669.2496813312496,85035300,601.9061422729492,1
2025-11-07,663.808349609375,663.9172214121945,654.1525740278607,660.781013040124,100592400,602.2351742553711,1
2025-11-10,674.1666870117188,674.8987789977223,667.8251303916195,670.0115034227329,75842900,602.6247271728515,1
2025-11-11,675.7099609375,676.2738842563608,671.485517700804,672.6925273614432,58953400,603.0641674804688,1
2025-11-12,676.0859375,677.6490902522322,673.6818813898049,677.4808612736824,62312500,603.4802334594726,1
2025-11-13,664.866943359375,673.5928101259233,663.3632081763918,673.2366670865612,103457800,603.853493347168,1
2025-11-14,664.7581787109375,668.448347404196,656.1906373926532,658.2781019123212,96846700,604.21037109375,1
2025-11-17,658.56494140625,666.5191649555097,655.1022987242936,662.5519561070769,90456100,604.5520724487304,1
2025-11-18,653.03466796875,658.0208519047019,648.8596786437042,655.0330664835586,114467500,604.8859823608399,1
2025-11-19,655.5574951171875,660.2172451791961,651.7189030472904,653.7272650457925,94703000,605.2128424072266,1
2025-11-20,645.5652465820312,668.3494043558474,644.9320631333248,665.7276649913678,165293500,605.4777764892578,1
2025-11-21,651.995849609375,657.4568906385811,643.9031059831046,648.0582892153691,123956200,605.7645654296875,1
2025-11-24,661.59228515625,662.9081062970187,654.5285399004904,655.6167748873626,80437900,606.1265521240234,1
2025-11-25,667.8151245117188,668.9924253407057,657.3875856310649,661.4933143363089,81077100,606.4996463012695,1
2025-11-26,672.4254760742188,674.4239350690651,669.4970476879164,670.3973686817876,71879600,606.8935363769531,1
2025-11-28,676.0958251953125,676.3728052050843,673.2366572287348,673.5928002628821,49212000,607.3153402709961,1
2025-12-01,673.0091552734375,675.7000943604489,671.4954567492206,671.5647168500374,61201200,607.6904745483398,1
2025-12-02,674.2556762695312,676.5212120744054,672.0791460292079,674.6414676887413,62953800,608.0719888305664,1
2025-12-03,676.5905151367188,677.5995871066391,672.4353317565424,673.3059439079583,57238500,608.456399230957,1
2025-12-04,677.0851440429688,678.05466464181,674.0677104452674,677.9854045442221,61970300,608.8362216186523,1
2025-12-05,678.371337890625,681.0425317051524,677.273199890512,678.153654645799,79241000,609.2349792480469,1
2025-12-08,676.3333129882812,679.3111955598065,674.2953027143022,679.2617413091358,55231500,609.6747409057617,1
2025-12-09,675.7494506835938,678.074403844281,675.3043021315176,675.8583224740703,58310100,610.1249703979493,1
2025-12-10,680.2312622070312,681.616283144729,674.0380683519487,675.2747265375898,85671300,610.6121731567383,1
2025-12-11,681.8140869140625,681.8932499368323,674.8888018222121,677.8271327535609,86173700,611.1058187866211,1
2025-12-12,674.4832153320312,681.5272148787925,671.9208332382598,680.8247713558317,113160300,611.6093460083008,1
2025-12-15,673.4642333984375,678.4405748577324,672.0000494482242,678.4207690042323,90811000,612.0630081176757,1
2025-12-16,671.6240844726562,673.8105178026394,667.7755898483048,671.9802275249427,122030600,612.5585162353516,1
2025-12-17,664.2337646484375,673.1772535061897,664.0358872930294,672.6331360665856,110625200,613.0509573364258,1
2025-12-18,669.2496948242188,673.47413846835,667.6965052957117,670.3676386439364,108650100,613.5380749511719,1
2025-12-19,675.3153686523438,675.8114935895343,671.2272434527378,671.3463691548195,103599500,614.1062741088867,1
2025-12-22,679.5225219726562,680.0483829319917,675.3153920494597,678.6394050189502,69556700,614.679768371582,1
2025-12-23,682.6282348632812,682.8663651395233,678.5699062922599,678.6195066727895,64840000,615.3440130615235,1
2025-12-24,685.0294799804688,685.4760045408373,682.4694583215327,682.6183200290311,39445600,616.0431155395507,1
2025-12-26,684.9599609375,686.2994739503212,683.9280429419551,685.287420330769,41613300,616.7274041748046,1
2025-12-29,682.51904296875,683.8586166189733,680.7528697076866,682.2114479341877,62559500,617.4360205078125,1
2025-12-30,681.6856079101562,683.2235831301442,681.2589477241032,682.1222002850684,47160700,618.0846170043945,1
2025-12-31,676.635009765625,682.0328514439952,676.4266760541103,681.8145855439083,74144800,618.6866784667968,1
